Iteration	Posterior	Likelihood	Prior	rate_log_sd	tree_length
0	-530.613	-561.4897	30.87668	1.413088	2.442391
6	-530.4187	-562.1053	31.68661	1.73807	1.69115
12	-531.6473	-562.4628	30.81558	1.739293	2.274155
18	-531.6197	-563.6118	31.99211	2.101174	1.174618
24	-538.6853	-568.7171	30.03185	2.247591	2.448881
30	-532.5877	-563.3739	30.78618	1.946139	2.159587
36	-530.7725	-561.7633	30.99086	1.741459	2.159587
42	-531.752	-564.0518	32.29975	1.93381	1.04695
48	-539.092	-570.6187	31.52678	1.882296	1.702215
54	-537.5036	-566.2815	28.77787	1.590262	3.596734
60	-529.6415	-559.2431	29.60157	1.881404	2.938202
66	-533.5074	-563.0826	29.57514	2.815614	2.378688
72	-529.6898	-559.0645	29.37469	1.219659	3.464964
78	-533.8403	-565.9219	32.08161	2.50669	0.5080407
84	-524.9316	-556.9759	32.04433	2.513906	0.633121
90	-540.0673	-570.7899	30.7226	1.864862	2.253242
96	-541.8249	-572.2103	30.38537	2.202093	2.253242
102	-540.2415	-572.3156	32.07414	2.500834	0.5865684
108	-537.3273	-568.8722	31.54488	2.749246	0.9873672
114	-535.1891	-566.1919	31.00284	1.83214	2.092471
120	-537.9285	-569.1725	31.24404	1.543858	2.12333
126	-533.3193	-564.2752	30.95596	1.698005	2.210391
132	-533.7975	-566.2436	32.44619	1.995199	0.8222205
138	-538.1363	-569.2512	31.11494	1.592696	2.175626
144	-534.987	-565.1008	30.11386	1.344216	2.953196
150	-535.7467	-564.8438	29.09713	1.499603	3.463574
156	-529.6137	-561.2335	31.61972	1.208484	2.096918
162	-532.3637	-564.6612	32.29753	1.727932	1.23263
168	-534.8978	-565.4247	30.52691	2.043655	2.264093
174	-530.6749	-561.6306	30.95568	2.210536	1.870888
180	-525.434	-556.6635	31.22951	1.483467	2.172163
186	-525.4237	-555.7953	30.37152	1.352277	2.792326
192	-528.9986	-560.7996	31.80092	1.716808	1.624537
198	-526.2115	-558.5875	32.37601	1.885095	1.020273
204	-531.1174	-563.4239	32.30645	2.20256	0.7265773
210	-532.1366	-563.2908	31.15425	1.659331	2.106512
216	-527.3856	-558.714	31.32836	1.403397	2.15995
222	-527.8849	-559.0623	31.17746	1.554298	2.15995
228	-531.7687	-563.7557	31.98698	1.557142	1.60542
234	-527.7261	-559.3458	31.61968	1.924442	1.60542
240	-530.0216	-562.22	32.19832	1.809861	1.247109
246	-525.7782	-557.9757	32.19746	2.388463	0.5362554
252	-530.4883	-562.7289	32.24056	2.114141	0.9238221
258	-532.2737	-564.0431	31.76944	2.368683	1.135074
264	-530.7681	-562.7843	32.01618	1.928113	1.299714
270	-530.6743	-562.5224	31.84807	2.096224	1.299714
276	-531.4039	-563.6836	32.27968	2.09255	0.9044665
282	-537.7332	-569.0007	31.2675	1.319337	2.253646
288	-530.8007	-561.4705	30.66984	1.478462	2.53093
294	-535.3799	-566.2586	30.87874	1.497906	2.387609
300	-532.4656	-563.0881	30.62251	1.754137	2.387609
306	-537.1274	-566.3089	29.18152	1.854194	3.205339
312	-543.0362	-571.3119	28.27576	2.55309	3.327471
318	-539.1813	-568.2045	29.02318	0.9998507	3.796284
324	-538.913	-568.8058	29.89284	1.161271	3.194436
330	-536.7348	-566.744	30.00914	1.003256	3.219147
336	-531.1239	-559.82	28.69604	1.646649	3.611504
342	-529.3537	-560.1935	30.8399	2.389906	1.827307
348	-534.7315	-567.2923	32.56078	1.887859	0.8128812
354	-527.5931	-559.737	32.14394	2.419315	0.6207451
360	-528.3214	-560.459	32.13754	2.419315	0.3846548
366	-526.3815	-558.55	32.16856	2.393189	0.6245671
372	-530.9832	-562.5935	31.61035	2.426603	1.222941
378	-529.2386	-560.9508	31.71219	2.426603	1.134482
384	-529.7135	-560.6877	30.97412	1.724225	2.181659
390	-524.4731	-555.6027	31.12961	1.568737	2.181659
396	-526.2378	-558.0209	31.78312	1.727793	1.629456
402	-527.4199	-559.2568	31.83689	1.382282	1.834619
408	-527.5835	-559.2871	31.70354	1.609577	1.769606
414	-528.2222	-560.7167	32.49451	1.726587	1.058819
420	-526.3271	-558.2427	31.91559	1.28029	1.850603
426	-522.6357	-553.3699	30.7342	1.348798	2.571545
432	-527.5042	-557.6283	30.12416	1.1534	3.061456
438	-531.4348	-561.4643	30.02955	2.278224	2.431067
444	-528.8575	-558.8824	30.02484	2.282928	2.431067
450	-526.4771	-557.1292	30.65206	1.502692	2.526911
456	-532.9784	-563.3457	30.36737	1.787383	2.526911
462	-542.34	-574.4377	32.09769	1.636684	1.464282
468	-540.7362	-572.6102	31.87405	2.265324	1.133957
474	-535.2763	-567.1578	31.88151	1.582316	1.663267
480	-535.8996	-567.7086	31.80895	1.654875	1.663267
486	-535.6515	-567.6358	31.98431	2.349248	0.9465393
492	-532.6291	-564.9574	32.3283	2.13999	0.7866695
498	-528.432	-560.2263	31.79438	1.769562	1.590997
504	-532.7711	-564.2285	31.45745	2.193962	1.526607
510	-536.0778	-567.6788	31.60103	2.050381	1.526607
516	-532.514	-564.6506	32.13656	1.514851	1.526607
522	-533.1317	-563.0522	29.92049	1.367414	3.055268
528	-528.7463	-557.7807	29.03435	1.962859	3.228135
534	-524.9479	-555.9582	31.01037	1.674571	2.190345
540	-529.7651	-561.3794	31.61423	2.390284	1.250174
546	-529.849	-560.3603	30.51126	2.005714	2.298409
552	-530.7952	-560.3685	29.57333	1.444682	3.215823
558	-536.6602	-567.5043	30.84412	2.505585	1.744035
564	-529.0879	-561.2066	32.11866	2.450389	0.6049944
570	-536.3196	-568.07	31.75035	2.450219	1.078111
576	-528.0896	-560.6056	32.51598	1.993317	0.7261162
582	-529.4575	-561.4347	31.97723	2.532065	0.7261162
588	-529.01	-561.2014	32.19141	2.248085	0.8246251
594	-527.8598	-559.8778	32.01798	1.681586	1.490591
600	-530.9029	-562.5592	31.65629	2.043273	1.490591
606	-532.1539	-564.2138	32.05984	1.63973	1.490591
612	-535.9681	-567.9965	32.02836	1.879461	1.329141
618	-533.9879	-563.5304	29.54247	1.952946	2.930701
624	-530.8422	-561.2436	30.40139	1.664396	2.582222
630	-528.5412	-559.2032	30.66207	1.403717	2.582222
636	-525.4154	-556.641	31.22555	1.268837	2.31283
642	-529.0438	-559.6818	30.63799	1.519455	2.525232
648	-523.5808	-555.2395	31.65874	2.355563	1.241995
654	-524.6864	-557.4117	32.72527	1.840222	0.6148595
660	-521.5195	-552.9634	31.44393	1.296162	2.154526
666	-525.8213	-557.2206	31.39931	1.386578	2.124647
672	-530.4585	-561.3754	30.91684	1.094918	2.615671
678	-533.7809	-563.2441	29.4632	0.9683155	3.559898
684	-533.057	-563.4535	30.39657	1.543895	2.659655
690	-530.4783	-561.7548	31.27653	1.412412	2.187758
696	-538.2668	-569.5912	31.32447	1.803097	1.897195
702	-536.4654	-568.35	31.88467	2.410756	0.986047
708	-538.0954	-570.0922	31.99687	2.577325	0.5891625
714	-531.9464	-564.0384	32.092	2.429194	0.3383474
720	-534.1867	-566.1143	31.92761	2.224087	1.122891
726	-531.818	-564.1957	32.37773	1.970929	0.9303775
732	-529.1308	-560.8958	31.76495	1.920301	1.501342
738	-530.6452	-563.0593	32.41412	2.156673	0.5998846
744	-532.5011	-564.7036	32.20245	2.357054	0.6300853
750	-532.62	-564.603	31.98301	2.597217	0.5668138
756	-531.7749	-563.966	32.1911	2.36826	0.3889265
762	-532.8957	-564.7817	31.88607	2.619043	0.3226716
768	-530.2739	-562.1194	31.84556	1.568654	1.698579
774	-528.9983	-559.5647	30.56641	1.325955	2.689231
780	-534.5347	-565.5956	31.06088	1.391425	2.339634
786	-544.223	-574.7737	30.55071	1.37629	2.667944
792	-541.706	-569.3312	27.62524	1.461269	4.330356
798	-532.6202	-561.4589	28.83874	0.9262234	3.944463
804	-530.1708	-560.7393	30.56853	1.87414	2.345757
810	-526.9761	-558.9421	31.96598	2.116327	1.184147
816	-526.2306	-558.529	32.29835	2.278625	0.5795358
822	-528.0022	-559.8094	31.80718	2.734904	0.6680464
828	-530.6847	-562.2958	31.6111	2.969975	0.441797
834	-535.814	-567.4366	31.6226	2.902051	0.3420239
840	-529.0307	-560.7607	31.73007	2.810303	0.3605814
846	-532.1727	-563.9431	31.7705	2.810303	0.4407567
852	-528.8886	-558.7361	29.8475	1.769404	2.857271
858	-534.7185	-565.8015	31.08298	1.679347	2.140036
864	-527.8661	-558.3082	30.44202	1.417011	2.70969
870	-530.5985	-561.3777	30.7792	1.079835	2.70969
876	-532.0991	-562.6644	30.56535	1.293681	2.70969
882	-528.3922	-559.0097	30.61743	1.33413	2.652822
888	-529.5568	-560.6001	31.0433	1.740111	2.126264
894	-527.918	-559.2244	31.3064	2.284966	1.570944
900	-536.5131	-568.4669	31.9538	1.79563	1.45283
906	-532.8691	-559.1903	26.3212	1.076588	5.273216
912	-530.1976	-557.6803	27.48278	0.6944001	4.840732
918	-529.8351	-557.0427	27.20758	0.9696023	4.840732
924	-530.5376	-559.2799	28.74232	1.392501	3.731824
930	-528.7666	-557.3506	28.58394	0.8101589	4.156015
936	-525.9426	-557.8238	31.88118	1.314191	1.850952
942	-525.1327	-556.1982	31.06553	1.39508	2.334351
948	-523.8303	-554.8059	30.9756	1.485006	2.334351
954	-524.4928	-555.2429	30.75003	1.35719	2.556498
960	-523.0949	-553.6816	30.58667	1.520551	2.556498
966	-526.5758	-558.5991	32.02329	1.488881	1.628548
972	-522.8361	-554.948	32.11189	1.400283	1.628548
978	-527.3868	-557.094	29.7072	1.527591	3.08699
984	-527.3669	-559.6048	32.23786	1.728507	1.281696
990	-522.8866	-554.1144	31.2278	1.339898	2.265935
996	-527.0105	-555.2563	28.24579	1.495417	3.95806
1002	-523.4555	-552.699	29.24343	1.046971	3.641832
1008	-526.6722	-556.7568	30.08458	1.271517	3.014447
1014	-521.0925	-552.5698	31.47727	1.216999	2.184303
1020	-525.9673	-555.1267	29.15938	1.298976	3.544275
1026	-527.4615	-557.7449	30.28341	1.030782	3.039544
1032	-536.4392	-566.1948	29.75568	1.190849	3.258096
1038	-532.0012	-561.8148	29.81358	1.132946	3.258096
1044	-529.9431	-560.5609	30.61786	1.135926	2.774048
1050	-535.8549	-564.3886	28.53365	0.9994153	4.076929
1056	-539.1268	-566.4702	27.34343	1.334686	4.56044
1062	-534.8885	-564.3135	29.42492	1.420856	3.317506
1068	-535.2979	-566.3862	31.08826	1.626064	2.171288
1074	-532.6233	-563.5073	30.88398	1.248781	2.540607
1080	-534.251	-566.2618	32.01075	1.954129	1.282918
1086	-540.1756	-569.7461	29.57047	0.7926664	3.599635
1092	-535.7377	-564.7748	29.03709	1.326052	3.599635
1098	-536.6647	-565.8811	29.21634	1.146802	3.599635
1104	-538.6016	-568.0324	29.43076	1.264236	3.406071
1110	-548.9035	-578.3972	29.49375	0.8452196	3.613666
1116	-543.2319	-572.0933	28.86136	1.477612	3.613666
1122	-543.3114	-575.2784	31.967	1.858951	1.393848
1128	-539.6045	-571.0931	31.48867	2.337282	1.393848
1134	-532.2336	-563.5662	31.33257	1.588126	2.035911
1140	-539.9464	-569.9131	29.96669	2.705431	2.198651
1146	-538.9401	-571.0114	32.07126	2.479255	0.6505917
1152	-536.3355	-567.956	31.62048	2.64644	1.014554
1158	-541.3271	-570.5015	29.17442	2.64644	2.733068
1164	-537.268	-568.9004	31.63236	2.64644	1.002769
1170	-543.649	-574.6135	30.96451	3.59878	0.3960984
1176	-544.0836	-575.7292	31.64563	1.893795	1.608831
1182	-541.6419	-571.4939	29.85192	2.32976	2.510113
1188	-533.6601	-564.0279	30.36778	2.009005	2.387521
1194	-534.1326	-564.918	30.7854	3.802281	0.5195677
1200	-535.0936	-566.9996	31.90596	2.533431	0.2742687
1206	-536.7407	-567.7175	30.97683	3.408735	0.8894037
1212	-539.0061	-566.2675	27.26132	1.336384	4.605568
1218	-540.5314	-571.0765	30.545	1.813981	2.398774
1224	-536.0613	-568.1625	32.10123	2.075761	1.099902
1230	-538.6429	-570.476	31.83311	2.717522	0.3748255
1236	-538.8363	-569.2562	30.41997	2.023111	2.345498
1242	-538.684	-570.5683	31.88433	2.522337	0.8648675
1248	-534.9215	-566.7651	31.84356	2.439717	0.9983025
1254	-542.0072	-573.4613	31.45406	2.569978	1.233831
1260	-539.8369	-570.6373	30.80035	2.197234	1.984739
1266	-536.4145	-566.8224	30.40789	2.589697	1.984739
1272	-535.4494	-565.4266	29.97718	2.396526	2.389469
1278	-532.5526	-563.9419	31.38927	2.098696	1.645969
1284	-537.6294	-568.3206	30.69114	3.087214	1.430685
1290	-537.2055	-569.5657	32.36027	2.135546	0.7471025
1296	-539.7153	-572.1682	32.45285	2.135546	0.4962273
1302	-541.4504	-572.8936	31.44325	1.56588	1.977015
1308	-545.5727	-577.1722	31.59947	1.409661	1.977015
1314	-544.5909	-574.9411	30.35011	1.516194	2.705226
1320	-542.0653	-573.8007	31.73537	1.975613	1.481993
1326	-537.1785	-568.9583	31.77982	2.019349	1.414642
1332	-549.2533	-578.3749	29.12159	1.367234	3.526534
1338	-545.7616	-574.8432	29.08157	1.407253	3.526534
1344	-530.6825	-562.5109	31.82833	1.416327	1.817075
1350	-531.7075	-562.8283	31.12084	1.582242	2.178588
1356	-531.3234	-562.9471	31.62375	1.551066	1.865016
1362	-531.5048	-563.4663	31.96153	1.516394	1.653176
1368	-537.2952	-569.2049	31.90972	1.674353	1.576286
1374	-537.3309	-567.1109	29.78006	1.621924	2.986917
1380	-535.0912	-565.4053	30.31412	1.742982	2.587601
1386	-534.9089	-565.5254	30.6165	1.54148	2.524896
1392	-537.7459	-567.7051	29.95924	1.650221	2.861779
1398	-535.3016	-567.1453	31.8437	1.62256	1.661525
1404	-533.9518	-562.6856	28.73376	1.47492	3.689143
1410	-533.1046	-564.1516	31.04693	2.184453	1.826219
1416	-535.6576	-568.0209	32.36323	1.467183	1.390362
1422	-530.6813	-559.5939	28.91256	0.8515166	3.944973
1428	-534.6817	-562.9051	28.22342	1.135338	4.176099
1434	-537.1982	-567.9028	30.70457	1.401087	2.557469
1440	-528.6365	-559.0915	30.45497	1.65069	2.557469
1446	-529.0316	-560.7087	31.67716	1.406139	1.927165
1452	-526.279	-556.2934	30.01439	1.371979	2.996294
1458	-527.8412	-557.8271	29.98583	2.012179	2.624166
1464	-527.5738	-558.1732	30.59936	1.981499	2.257484
1470	-528.3139	-559.5919	31.27795	1.902499	1.861166
1476	-530.8478	-563.0344	32.18667	2.128367	0.9659475
1482	-527.1003	-559.4791	32.37876	2.209605	0.5056338
1488	-528.4626	-560.0039	31.54125	2.209605	1.451742
1494	-527.304	-558.8269	31.52288	2.200923	1.472301
1500	-534.6044	-565.8266	31.22227	1.467223	2.187395
1506	-534.1772	-565.47	31.2928	1.748614	1.955371
1512	-534.4344	-564.8755	30.44112	1.322854	2.767836
1518	-525.6602	-556.3101	30.64982	1.592192	2.472369
1524	-530.5486	-560.9367	30.38806	1.853957	2.472369
1530	-528.7445	-559.1427	30.39818	1.826919	2.482967
1536	-533.0176	-563.9215	30.90392	2.90447	1.407503
1542	-529.0639	-560.495	31.4311	2.188394	1.550248
1548	-529.6553	-560.9602	31.30486	1.76283	1.937692
1554	-526.7338	-559.3779	32.64411	1.850287	0.7492456
1560	-532.1243	-563.3601	31.2358	2.959723	1.082803
1566	-526.1813	-556.8416	30.66032	2.015655	2.196157
1572	-528.9534	-560.7376	31.78419	1.658892	1.678068
1578	-528.4758	-560.239	31.76328	1.7515	1.626663
1584	-534.3682	-565.3089	30.94072	1.492016	2.352071
1590	-527.7494	-559.5014	31.75192	2.55446	0.9748719
1596	-536.4879	-564.6225	28.13461	2.044229	3.706397
1602	-528.8278	-560.4484	31.62055	1.597415	1.83545
1608	-534.082	-566.0488	31.96678	2.443098	0.8610504
1614	-535.3066	-566.6922	31.38563	2.443098	1.391678
1620	-531.773	-563.5381	31.76503	2.430793	1.082529
1626	-527.2737	-558.8205	31.54676	2.421003	1.280556
1632	-529.4324	-561.7361	32.30366	2.126954	0.8357997
1638	-528.1684	-559.4965	31.32809	1.770886	1.916567
1644	-529.5899	-561.787	32.19708	2.012292	1.069874
1650	-529.3003	-561.7341	32.43383	1.838856	1.008855
1656	-532.7612	-564.9354	32.1742	1.989148	1.112357
1662	-530.0596	-562.4073	32.34773	1.455871	1.411214
1668	-533.6498	-565.7797	32.12992	2.458422	0.4932927
1674	-533.3325	-565.3366	32.0041	2.519614	0.3410147
1680	-527.841	-560.0552	32.21418	2.368963	0.4503176
1686	-526.4335	-558.7785	32.34506	2.238074	0.4503176
1692	-524.9396	-556.9059	31.96632	2.616822	0.4503176
1698	-527.4173	-559.2379	31.82062	2.455098	1.005842
1704	-527.8496	-560.3757	32.52609	1.867545	0.8801283
1710	-529.3381	-559.7545	30.41638	1.314907	2.787765
1716	-529.8818	-559.6293	29.74747	1.161697	3.28015
1722	-533.8095	-563.3634	29.5539	1.355263	3.28015
1728	-536.2448	-565.9368	29.69207	1.846471	2.904678
1734	-537.461	-567.0011	29.54015	2.02514	2.888513
1740	-543.0224	-573.5191	30.49671	0.5868981	3.176945
1746	-536.3254	-569.0285	32.70316	1.538744	1.038936
1752	-534.9786	-564.8761	29.89748	1.031353	3.268546
1758	-530.6808	-560.2115	29.53072	1.132488	3.42469
1764	-530.1703	-561.0874	30.91709	1.381703	2.43672
1770	-529.7215	-558.3292	28.6077	0.954051	4.060573
1776	-535.1839	-562.2575	27.07365	0.6773911	5.077696
1782	-539.4238	-566.1799	26.75606	0.9949849	5.077696
1788	-536.1576	-567.4634	31.3058	1.340664	2.215232
1794	-536.1752	-565.6645	29.48931	1.385202	3.300582
1800	-537.4792	-566.9216	29.44242	1.428301	3.302813
1806	-537.0881	-566.6383	29.55014	1.412149	3.248782
1812	-532.3764	-564.0949	31.71845	1.717553	1.683106
1818	-534.6499	-566.6388	31.98895	1.576949	1.589571
1824	-533.4577	-565.3121	31.85443	1.576949	1.686394
1830	-534.3862	-565.608	31.22175	1.851612	1.933871
1836	-529.9586	-562.0476	32.08897	1.581197	1.512628
1842	-535.2613	-566.4285	31.16718	1.266143	2.351697
1848	-533.0465	-564.4175	31.37107	1.495917	2.071409
1854	-536.776	-565.6683	28.89228	1.143427	3.788985
1860	-544.8594	-577.2917	32.43231	1.889281	0.959121
1866	-539.034	-570.5479	31.51391	2.982607	0.3151044
1872	-537.0126	-567.4841	30.47152	1.269041	2.782112
1878	-540.0048	-568.0285	28.02367	0.9196134	4.411224
1884	-533.9584	-564.7707	30.81226	2.161363	2.00073
1890	-533.7586	-565.6317	31.87313	2.074029	1.297385
1896	-532.8765	-560.2131	27.33662	1.173109	4.654882
1902	-535.3654	-567.6278	32.26239	1.941553	1.074957
1908	-540.7	-571.1137	30.41368	3.218666	1.54075
1914	-529.1656	-561.1839	32.01834	2.414435	0.8330953
1920	-532.1398	-564.1334	31.99365	2.427883	0.8469845
1926	-530.3828	-562.2948	31.91202	2.582808	0.7486011
1932	-527.854	-559.9686	32.11457	2.402583	0.7132455
1938	-528.9223	-560.0649	31.14259	2.794766	1.305342
1944	-526.9995	-557.3992	30.39964	2.191929	2.250605
1950	-523.4581	-555.7357	32.27761	2.27407	0.6480737
1956	-528.0934	-558.9171	30.82373	1.57744	2.37209
1962	-529.6722	-560.423	30.75083	1.20296	2.651444
1968	-526.1334	-558.2832	32.14981	1.69449	1.379501
1974	-528.5338	-560.5603	32.0264	2.268329	0.9867552
1980	-535.792	-565.0078	29.21584	1.002617	3.683489
1986	-536.9981	-566.3162	29.31815	0.9003113	3.683489
1992	-537.1667	-568.8827	31.71596	2.870184	0.5345343
1998	-537.5249	-569.2753	31.75034	2.66925	0.8493491
2004	-533.0936	-564.8145	31.72087	2.806378	0.6958677
2010	-530.2413	-560.8602	30.61888	1.775742	2.376237
2016	-530.2727	-561.1349	30.86222	1.795304	2.208087
2022	-530.9867	-561.7864	30.79977	1.418263	2.487386
2028	-530.3058	-562.045	31.73926	1.502064	1.819368
2034	-526.8183	-556.4552	29.63684	1.787487	2.973492
2040	-531.3304	-563.1188	31.78844	2.229701	1.23878
2046	-531.8443	-563.6037	31.75949	2.786865	0.3686244
2052	-527.2847	-559.4082	32.12353	2.464856	0.5046836
2058	-528.0731	-560.1874	32.11435	2.464856	0.5710136
2064	-528.2477	-560.1375	31.88973	2.077469	1.281015
2070	-528.4894	-559.6648	31.17536	2.483964	1.520714
2076	-527.417	-558.849	31.432	1.637459	1.936502
2082	-522.4134	-554.6893	32.27592	1.780853	1.206092
2088	-521.9488	-553.0325	31.08374	1.393274	2.323908
2094	-524.0015	-554.9746	30.97316	1.619373	2.24998
2100	-526.4998	-557.7714	31.27158	2.013529	1.789089
2106	-529.2209	-560.744	31.52311	2.081903	1.56092
2112	-530.6929	-562.5156	31.8227	2.052479	1.355156
2118	-539.8883	-572.152	32.2637	2.172445	0.8288641
2124	-534.6637	-565.4474	30.78371	2.458014	1.819093
2130	-530.3625	-561.5016	31.13913	1.738423	2.064438
2136	-527.6271	-557.2479	29.62083	1.500112	3.154778
2142	-524.1382	-553.9826	29.84446	1.739343	2.877317
2148	-525.7431	-553.1877	27.44458	0.8647902	4.766956
2154	-528.4769	-558.9191	30.44217	0.5954883	3.204186
2160	-528.6098	-559.921	31.31111	1.652902	2.007136
2166	-525.0799	-556.7174	31.63757	1.288502	2.032348
2172	-522.8	-555.0012	32.20119	1.559015	1.444602
2178	-530.2546	-562.4558	32.20119	1.559015	1.444602
2184	-533.4924	-565.7388	32.2464	2.073879	0.9604999
2190	-540.062	-571.6228	31.56084	1.843623	1.705478
2196	-538.6702	-567.3223	28.65216	2.007816	3.426583
2202	-532.9124	-561.9811	29.06869	1.591283	3.426583
2208	-530.0763	-561.1425	31.06616	1.409926	2.324498
2214	-529.2279	-560.9449	31.71697	1.710652	1.689064
2220	-530.2989	-561.4567	31.15779	2.308374	1.661595
2226	-527.0084	-559.4116	32.40325	1.779775	1.094361
2232	-525.9858	-556.1078	30.12194	1.789356	2.677601
2238	-525.583	-556.6468	31.06386	1.505977	2.264558
2244	-530.8416	-563.3257	32.48415	1.653269	1.13571
2250	-527.6994	-559.5419	31.84251	1.876799	1.475701
2256	-531.8278	-560.7349	28.90711	2.436725	3.021797
2262	-523.7925	-554.6356	30.84307	1.68243	2.292958
2268	-527.6252	-558.1674	30.54223	1.749301	2.441287
2274	-532.778	-562.5037	29.72571	1.650058	3.002654
2280	-529.2061	-557.3034	28.09722	1.212261	4.204072
2286	-526.9946	-557.125	30.1304	1.547753	2.820099
2292	-533.0181	-563.2114	30.19324	1.484908	2.820099
2298	-530.1662	-560.9061	30.73992	1.507438	2.469019
2304	-531.6398	-562.2116	30.57183	1.675525	2.469019
2310	-527.2647	-558.0732	30.80855	1.656134	2.33176
2316	-536.7895	-567.9119	31.1224	2.825085	1.297119
2322	-537.3887	-569.3015	31.91282	2.436446	0.9297136
2328	-544.835	-575.7483	30.91329	3.094826	1.247164
2334	-533.6655	-565.2647	31.59918	2.408943	1.247164
2340	-530.721	-562.5864	31.86541	1.746181	1.55608
2346	-525.4954	-556.7593	31.26398	1.818123	1.927968
2352	-531.2291	-560.4101	29.181	1.128895	3.630533
2358	-533.8697	-561.8314	27.96168	1.120561	4.332774
2364	-527.5574	-559.1863	31.62884	1.953322	1.577689
2370	-534.4694	-563.8464	29.37697	1.536495	3.277613
2376	-534.0079	-565.8358	31.82791	1.947889	1.432651
2382	-539.0337	-568.6694	29.63574	1.689871	3.032712
2388	-535.1103	-566.6807	31.5704	2.512841	1.183335
2394	-532.3758	-563.8454	31.46967	1.725856	1.850845
2400	-533.6189	-565.3447	31.72578	1.503138	1.827917
2406	-533.5369	-564.656	31.11912	1.811941	2.029042
2412	-534.1244	-565.1611	31.0367	1.955182	1.988549
2418	-537.6249	-569.5866	31.9617	2.279723	1.039398
2424	-530.7744	-561.5287	30.75437	1.718829	2.326335
2430	-535.0335	-564.714	29.68048	0.840513	3.507786
2436	-534.838	-564.3085	29.47058	1.225271	3.40557
2442	-534.9157	-564.114	29.19834	1.49751	3.40557
2448	-533.6298	-563.2999	29.67015	1.420487	3.172774
2454	-530.5253	-561.2155	30.69016	1.127614	2.734961
2460	-530.6218	-561.4067	30.78486	1.578233	2.396181
2466	-529.8127	-561.5973	31.78456	2.64697	0.8346553
2472	-531.823	-563.8974	32.07435	2.438183	0.720888
2478	-531.8283	-561.9108	30.08245	2.193179	2.451277
2484	-535.4402	-565.9118	30.47155	1.561899	2.602255
2490	-535.8355	-568.0705	32.23503	2.237451	0.7808745
2496	-528.4979	-560.5988	32.10096	1.806754	1.329234
2502	-530.3963	-561.5686	31.17224	1.319118	2.31476
2508	-529.6007	-560.1835	30.58275	1.561641	2.533366
2514	-533.6673	-564.2355	30.56823	1.379136	2.655406
2520	-532.3079	-561.5161	29.20823	1.222903	3.560117
2526	-533.7012	-562.5267	28.82556	2.269242	3.170302
2532	-530.3612	-560.1792	29.81795	1.295608	3.159161
2538	-528.7308	-558.2935	29.56264	1.33291	3.288179
2544	-531.4487	-561.1541	29.7054	1.190149	3.288179
2550	-530.2543	-561.29	31.03562	1.073885	2.555075
2556	-531.1438	-561.0035	29.85971	1.626649	2.936159
2562	-534.3875	-564.7383	30.35086	1.022808	3.003909
2568	-534.9625	-563.6195	28.65701	1.446626	3.749823
2574	-543.7779	-573.2482	29.47031	0.9028536	3.593812
2580	-533.6274	-562.6376	29.01013	1.363036	3.593812
2586	-540.641	-571.5753	30.93429	1.673991	2.239851
2592	-536.3835	-567.2894	30.90581	2.261493	1.870142
2598	-541.8388	-572.4448	30.60597	2.011833	2.23372
2604	-534.0874	-565.0541	30.96664	2.222608	1.855142
2610	-535.7902	-564.7313	28.94103	1.630913	3.478053
2616	-531.8002	-562.4295	30.62931	1.52279	2.528562
2622	-536.0003	-562.6608	26.66055	1.299455	4.961653
2628	-539.2902	-568.018	28.72778	1.315074	3.784865
2634	-536.3445	-567.3664	31.02192	1.442355	2.332018
2640	-533.8955	-565.0036	31.10808	1.356195	2.332018
2646	-533.8998	-565.008	31.10819	1.7518	2.076018
2652	-536.3237	-567.9511	31.62744	2.19251	1.398521
2658	-532.621	-564.5116	31.89057	2.688662	0.5709045
2664	-532.0573	-564.1595	32.10219	2.482113	0.4559194
2670	-529.644	-560.6239	30.97995	1.788803	2.135844
2676	-530.9828	-562.1217	31.13887	2.672152	1.405462
2682	-532.4338	-564.8062	32.3724	1.727398	1.168933
2688	-529.7635	-561.8316	32.06809	1.821271	1.34389
2694	-531.1612	-563.1198	31.95861	1.703913	1.518334
2700	-533.2687	-561.9339	28.6652	1.969827	3.441183
2706	-528.294	-558.3685	30.0745	1.513537	2.874752
2712	-534.7033	-563.9497	29.24639	1.010211	3.661415
2718	-527.9115	-559.429	31.51749	1.823901	1.74986
2724	-528.5088	-559.9362	31.42747	2.193773	1.548959
2730	-527.1866	-559.5169	32.33024	1.936771	1.014459
2736	-529.3389	-560.2623	30.92344	2.457193	1.722305
2742	-535.5093	-567.676	32.1667	1.808046	1.274812
2748	-534.1917	-565.8498	31.65818	2.808301	0.7891489
2754	-531.8277	-561.2297	29.402	1.424721	3.328724
2760	-535.0986	-566.0946	30.99601	1.53671	2.288344
2766	-536.3172	-567.2597	30.94245	1.391919	2.414311
2772	-534.9143	-566.7351	31.82087	2.21081	1.227391
2778	-531.1044	-563.0563	31.95191	2.460125	0.858472
2784	-532.5845	-560.6012	28.01669	0.702018	4.537637
2790	-537.3687	-568.6151	31.24642	2.12998	1.725286
2796	-534.7702	-566.4697	31.69955	1.713027	1.699734
2802	-542.4629	-571.4306	28.96769	0.9226988	3.87255
2808	-536.2212	-567.5129	31.29161	1.961292	1.81138
2814	-536.6484	-569.0785	32.43007	2.143195	0.5921841
2820	-528.8194	-560.7886	31.96919	2.441254	0.8603647
2826	-526.7004	-558.7648	32.06434	2.509277	0.4188116
2832	-533.4064	-565.2204	31.81398	2.759639	0.4188116
2838	-534.2878	-565.8433	31.55552	2.759639	0.215265
2844	-532.8103	-565.2341	32.4238	1.792977	1.062898
2850	-534.4348	-565.643	31.20828	1.843588	1.948341
2856	-544.8919	-575.8884	30.99649	1.645623	2.218042
2862	-534.6235	-566.8404	32.21694	1.826807	1.217187
2868	-542.7861	-573.1636	30.37751	1.16436	2.902666
2874	-536.6284	-565.8823	29.25389	1.117487	3.594852
2880	-531.5652	-560.9204	29.35515	1.016227	3.594852
2886	-538.9242	-566.1569	27.2327	0.7822748	4.931082
2892	-533.6072	-565.4019	31.79472	1.398789	1.852227
2898	-530.9815	-560.2769	29.29544	1.344902	3.438074
2904	-538.2414	-568.998	30.75661	1.727304	2.319509
2910	-540.7281	-572.7052	31.97716	1.555067	1.614046
2916	-538.77	-570.988	32.21799	2.366801	0.4585674
2922	-540.0862	-571.5984	31.51221	1.947861	1.665951
2928	-543.3745	-575.6272	32.25269	2.012679	1.016076
2934	-536.6604	-568.1329	31.4725	1.343273	2.105077
2940	-537.5804	-567.8051	30.22473	2.402735	2.227495
2946	-539.1216	-570.2725	31.1509	2.928509	1.186649
2952	-536.7807	-567.9325	31.15178	3.257391	0.8618875
2958	-534.1931	-564.3838	30.19075	2.090459	2.447773
2964	-531.6638	-561.9858	30.32199	1.959217	2.447773
2970	-533.699	-564.5126	30.81368	2.172864	1.992114
2976	-531.9053	-562.1974	30.29213	1.53442	2.729588
2982	-529.3563	-559.7958	30.43949	1.798154	2.475107
2988	-530.9518	-561.6789	30.72711	1.507386	2.47708
2994	-526.1428	-556.6139	30.47109	1.763401	2.47708
3000	-524.8315	-555.8908	31.05932	1.58896	2.214064
3006	-527.4312	-558.7955	31.36426	1.284018	2.214064
3012	-530.2737	-561.3652	31.09147	1.556806	2.214064
3018	-535.5882	-566.1211	30.53297	1.613543	2.532043
3024	-530.5173	-561.7906	31.27325	1.428316	2.17957
3030	-532.0572	-560.97	28.91277	1.942374	3.311993
3036	-525.4935	-557.0804	31.58689	1.116963	2.178087
3042	-524.0401	-554.5494	30.50935	1.246998	2.772487
3048	-527.589	-558.6553	31.06629	1.002608	2.580288
3054	-528.4697	-558.4725	30.0028	1.322219	3.033068
3060	-527.2765	-559.4722	32.1957	2.266131	0.7954507
3066	-533.0353	-565.1653	32.13002	2.392637	0.3398882
3072	-527.3342	-559.8205	32.48629	2.096337	0.5558282
3078	-526.608	-558.9052	32.29718	2.278383	0.5845353
3084	-534.2329	-566.1119	31.87899	2.359429	1.042286
3090	-529.1188	-561.4921	32.37331	2.210996	0.4559657
3096	-531.3541	-562.6073	31.25325	1.91726	1.867957
3102	-533.8632	-565.5714	31.70812	2.268198	1.273521
3108	-535.5951	-568.0479	32.45281	2.001719	0.805174
3114	-534.9013	-564.9651	30.06379	2.233678	2.43755
3120	-538.303	-570.0489	31.74595	2.340521	1.180538
3126	-538.9615	-569.0613	30.09975	1.707173	2.741595
3132	-533.0089	-565.1147	32.10585	1.832258	1.304733
3138	-531.0864	-559.6032	28.51676	1.873258	3.584024
3144	-531.7214	-560.4838	28.7624	1.317158	3.763713
3150	-531.9252	-561.0743	29.14911	1.182927	3.61769
3156	-534.8197	-563.3904	28.57066	1.761369	3.61769
3162	-539.8429	-568.6001	28.75728	1.574747	3.61769
3168	-538.3331	-567.8955	29.56243	0.7696022	3.61769
3174	-536.8792	-566.8124	29.93324	1.20217	3.146175
3180	-534.7018	-565.7293	31.02748	2.763971	1.420605
3186	-532.0448	-563.7073	31.66251	1.776729	1.680808
3192	-529.7253	-561.6489	31.92365	1.785075	1.483693
3198	-532.3325	-561.8692	29.53667	2.390164	2.668046
3204	-530.7064	-561.7889	31.08253	2.154902	1.822054
3210	-528.4958	-560.9655	32.46971	1.690518	1.115182
3216	-527.5055	-559.3569	31.85141	1.427173	1.793611
3222	-527.448	-558.4657	31.01765	2.190167	1.842418
3228	-535.2473	-565.6706	30.42338	2.415186	2.090114
3234	-535.2531	-566.9818	31.72863	2.231523	1.286786
3240	-533.5403	-564.9692	31.4289	1.375969	2.112222
3246	-532.2282	-563.4976	31.26939	1.535487	2.112222
3252	-527.3465	-559.0235	31.67699	2.251322	1.312662
3258	-526.4411	-558.0904	31.64925	2.083148	1.465785
3264	-528.1994	-560.1842	31.98477	2.551631	0.3555714
3270	-528.4311	-560.8152	32.38408	1.939379	0.9571713
3276	-528.5826	-560.7107	32.12807	2.181455	0.9716408
3282	-533.4586	-561.2718	27.81319	1.239187	4.349648
3288	-532.6495	-561.4696	28.82015	1.014165	3.904723
3294	-539.7371	-568.7456	29.00847	0.6662273	3.996099
3300	-533.8378	-565.3039	31.46616	2.097772	1.591008
3306	-537.3895	-569.5893	32.19986	1.671341	1.358307
3312	-529.8189	-561.9646	32.14571	1.725493	1.358307
3318	-532.3179	-564.0168	31.69897	1.621038	1.764802
3324	-528.5425	-559.5295	30.98699	1.381131	2.393
3330	-536.801	-568.5101	31.70911	1.993377	1.48839
3336	-542.5229	-572.9712	30.44832	1.986253	2.350902
3342	-536.0866	-566.0887	30.00218	1.781174	2.756001
3348	-534.0164	-565.657	31.64051	1.660522	1.77802
3354	-538.0558	-568.815	30.75924	1.648359	2.368013
3360	-533.4824	-562.6127	29.13029	1.557143	3.410499
3366	-533.8893	-564.3733	30.48399	1.596976	2.572804
3372	-529.8104	-561.2191	31.40866	1.479355	2.057538
3378	-531.0885	-561.8453	30.7568	1.333618	2.566938
3384	-538.8742	-571.0937	32.21948	1.904954	1.147261
3390	-527.9982	-557.7854	29.78722	1.240719	3.209944
3396	-528.8323	-560.6395	31.80728	1.594956	1.707053
3402	-524.8848	-556.0038	31.11905	2.251481	1.729417
3408	-526.5183	-558.2041	31.68579	2.487917	1.102912
3414	-531.4727	-562.2482	30.77555	1.701727	2.323736
3420	-527.3814	-557.7965	30.41509	1.282954	2.808004
3426	-527.1169	-558.5941	31.4772	1.999335	1.654171
3432	-523.9992	-555.5447	31.5455	2.569401	1.155684
3438	-525.9022	-557.2235	31.3213	2.110429	1.686147
3444	-534.5734	-565.947	31.37364	2.203934	1.581041
3450	-528.9568	-561.0698	32.11297	2.144139	1.024178
3456	-530.5525	-562.8025	32.25003	2.335344	0.4619148
3462	-527.9461	-559.6758	31.72971	2.7676	0.3157797
3468	-528.8723	-560.7817	31.9094	2.676569	0.46572
3474	-528.1605	-560.2507	32.09019	2.445445	0.3546324
3480	-527.3183	-559.3537	32.03533	2.550926	0.4677421
3486	-528.713	-560.9543	32.24132	2.272861	0.7181845
3492	-535.006	-566.3095	31.30352	1.798562	1.914466
3498	-530.9434	-562.7522	31.80886	1.293218	1.914466
3504	-537.4949	-566.2896	28.79475	1.131132	3.852167
3510	-534.1387	-566.308	32.16928	2.332181	0.7384732
3516	-530.0599	-562.2362	32.17635	1.969908	1.127786
3522	-538.1462	-568.9439	30.79773	2.884955	1.503266
3528	-537.1762	-567.8958	30.71961	2.007164	2.163194
3534	-527.7088	-558.9134	31.20462	2.211844	1.696983
3540	-528.7743	-559.9594	31.1851	2.195427	1.72238
3546	-534.8494	-565.8007	30.95129	2.107919	1.943405
3552	-537.4977	-568.4656	30.96787	1.7544	2.166123
3558	-529.9729	-561.1245	31.15161	2.094355	1.816173
3564	-541.9567	-574.1456	32.18887	1.366044	1.597574
3570	-530.3106	-562.41	32.09935	1.968537	1.196579
3576	-532.5792	-564.1252	31.54597	1.968537	1.626858
3582	-541.2962	-572.1892	30.89296	2.816741	1.482956
3588	-544.4498	-575.3272	30.87738	2.903232	1.428951
3594	-537.9399	-569.5743	31.63443	2.168216	1.411954
3600	-531.3341	-562.3078	30.97368	2.40028	1.727
3606	-532.038	-563.1513	31.11333	2.260627	1.727
3612	-535.8084	-566.3335	30.5251	2.240034	2.138206
3618	-532.052	-563.8228	31.77082	2.783621	0.6419316
3624	-534.0223	-565.8022	31.77991	2.470823	1.030385
3630	-530.1654	-562.0853	31.91986	1.766408	1.500577
3636	-531.8574	-562.0005	30.14314	2.317952	2.334045
3642	-531.0996	-563.1005	32.00085	2.370235	0.9057441
3648	-531.1402	-563.1082	31.96795	2.543883	0.328959
3654	-535.8613	-566.8861	31.02474	3.278352	0.9782482
3660	-526.5115	-558.843	32.33146	1.947814	1.002297
3666	-523.6828	-555.866	32.18315	2.177636	0.9171574
3672	-534.7557	-566.8283	32.07261	2.409824	0.7668225
3678	-530.548	-562.2471	31.69912	1.692878	1.714289
3684	-538.9145	-569.5909	30.67641	2.087053	2.139293
3690	-530.6729	-562.693	32.0201	2.039802	1.20342
3696	-534.1714	-563.1293	28.95794	1.096108	3.778418
3702	-532.1914	-560.579	28.38761	1.666438	3.778418
3708	-527.2446	-557.8918	30.64722	1.8375	2.318998
3714	-534.106	-566.1051	31.99911	2.123432	1.148933
3720	-529.6017	-561.0714	31.46976	2.014749	1.648453
3726	-527.6955	-559.7782	32.08267	1.69235	1.433247
3732	-534.1864	-566.2849	32.0985	2.067895	1.109582
3738	-534.0326	-565.9668	31.93419	2.232203	1.109582
3744	-534.5578	-564.7415	30.18375	2.252231	2.350004
3750	-530.304	-561.1066	30.80266	2.234549	1.958192
3756	-525.6858	-557.4758	31.78993	1.382966	1.866324
3762	-528.3789	-559.2768	30.89794	1.648588	2.279505
3768	-532.0121	-563.787	31.77485	1.588603	1.734389
3774	-529.874	-560.9279	31.05397	3.53077	0.4582731
3780	-528.5663	-560.8296	32.26328	2.321456	0.4582731
3786	-528.3696	-559.868	31.49844	1.966075	1.662776
3792	-527.8076	-559.9649	32.15736	1.717694	1.355259
3798	-530.1951	-558.6214	28.42628	1.362321	3.930924
3804	-538.9796	-570.2294	31.24982	1.448738	2.181523
3810	-532.1896	-562.0581	29.86854	1.280204	3.13825
3816	-534.9362	-564.9729	30.03666	1.504653	2.903006
3822	-532.8908	-563.2945	30.40372	1.137595	2.903006
3828	-527.4741	-557.6326	30.15844	1.38287	2.903006
3834	-526.4998	-558.9027	32.40289	1.668848	1.193262
3840	-527.5476	-558.635	31.08737	1.510652	2.246454
3846	-537.8965	-563.508	25.61144	0.6702808	5.886236
3852	-535.155	-563.3678	28.21281	1.411632	4.024808
3858	-536.83	-565.2433	28.4133	1.211141	4.024808
3864	-534.105	-562.6375	28.53247	1.091968	4.024808
3870	-531.3021	-560.9009	29.59881	1.0695	3.421699
3876	-542.584	-571.7318	29.14784	1.454873	3.460074
3882	-541.8612	-569.422	27.56074	0.05029031	5.155285
3888	-537.5866	-565.1355	27.54883	0.0621945	5.155285
3894	-537.2522	-564.7078	27.45561	0.1554205	5.155285
3900	-537.5779	-565.1217	27.54383	0.3550281	4.99564
3906	-529.3122	-557.2856	27.9734	0.8189923	4.496209
3912	-528.3816	-557.6265	29.24486	0.8257331	3.768878
3918	-528.3162	-557.3053	28.98913	1.081468	3.768878
3924	-529.5262	-559.1058	29.57964	0.8480453	3.562124
3930	-532.6598	-561.8755	29.21579	0.9843429	3.69409
3936	-537.468	-567.2734	29.80542	1.443777	3.078396
3942	-533.87	-565.6951	31.82508	1.468529	1.783184
3948	-531.8771	-563.8141	31.93698	1.577779	1.626679
3954	-532.0913	-563.9144	31.82314	1.467739	1.785078
3960	-532.2511	-561.8643	29.61323	1.211557	3.329857
3966	-530.9765	-558.8051	27.82863	0.9243017	4.5184
3972	-532.246	-560.0582	27.81226	0.9406736	4.5184
3978	-536.0893	-566.3026	30.21329	1.023226	3.085961
3984	-537.9591	-569.7236	31.76449	2.543993	0.9727143
3990	-537.0429	-568.124	31.08106	2.146032	1.829173
3996	-534.0515	-564.8646	30.81306	1.729316	2.282162
4002	-545.4016	-577.0496	31.64794	1.662765	1.771291
4008	-538.4948	-567.9814	29.48668	1.058643	3.49359
4014	-536.8788	-565.2382	28.35939	1.267475	4.023425
4020	-540.7123	-570.1686	29.45628	1.668058	3.15276
4026	-538.507	-570.9417	32.43471	1.944894	0.896179
4032	-534.6239	-566.5037	31.87976	1.497284	1.72483
4038	-534.9132	-566.125	31.21174	1.028207	2.473668
4044	-536.5627	-567.3549	30.79217	1.556012	2.405596
4050	-537.7807	-568.8518	31.0711	1.636253	2.175815
4056	-532.8676	-564.7484	31.88084	1.506614	1.717497
4062	-536.5044	-568.2721	31.76769	1.92658	1.494574
4068	-529.6682	-559.7312	30.06293	1.449676	2.920334
4074	-539.266	-569.4451	30.17909	1.333519	2.920334
4080	-540.3397	-571.609	31.26927	1.226337	2.312054
4086	-545.2209	-576.4419	31.221	1.274606	2.312054
4092	-532.7771	-564.5544	31.77732	2.740679	0.7118363
4098	-533.1214	-565.4386	32.31719	2.21971	0.6781397
4104	-526.3253	-558.3826	32.05737	1.746393	1.411087
4110	-521.961	-553.6273	31.66624	1.944033	1.557045
4116	-529.7504	-560.6371	30.88677	1.844417	2.160325
4122	-527.9046	-559.389	31.4844	1.77639	1.805928
4128	-531.3798	-562.3508	30.97096	2.189289	1.874956
4134	-539.8109	-567.9074	28.09643	0.9353652	4.361275
4140	-526.5766	-557.2311	30.65445	1.545813	2.498505
4146	-531.3588	-563.5827	32.2239	1.812263	1.223609
4152	-531.2835	-563.3212	32.03774	2.008431	1.215126
4158	-532.8624	-563.951	31.0886	1.185676	2.452127
4164	-541.08	-573.0821	32.00211	1.389218	1.714759
4170	-537.1084	-569.2863	32.1779	2.410453	0.5061943
4176	-533.4047	-564.9843	31.57954	1.890477	1.658837
4182	-543.8201	-571.1795	27.35939	0.6908886	4.911434
4188	-543.3221	-571.1136	27.79152	0.2587524	4.911434
4194	-537.2215	-564.6769	27.45534	0.5949297	4.911434
4200	-545.0168	-571.1486	26.13183	0.4054997	5.746413
4206	-543.7803	-570.9965	27.21621	0.4141832	5.144564
4212	-544.5584	-571.393	26.83459	0.7958019	5.144564
4218	-541.7717	-568.4388	26.66709	0.5465414	5.374834
4224	-533.3969	-561.0617	27.66478	0.5862461	4.799532
4230	-535.1827	-562.3444	27.16172	1.084019	4.802487
4236	-530.6387	-560.7301	30.09138	1.10009	3.112815
4242	-534.5338	-564.7852	30.25142	2.186365	2.34886
4248	-530.5839	-561.0885	30.50457	1.684997	2.505184
4254	-536.9909	-567.223	30.23209	1.472027	2.804311
4260	-533.1503	-565.3088	32.15848	1.855907	1.241929
4266	-529.7683	-561.9981	32.2298	1.765845	1.257546
4272	-529.8459	-561.3925	31.54654	2.374866	1.318233
4278	-528.8164	-560.6569	31.84046	2.080939	1.318233
4284	-529.6731	-561.422	31.74898	2.752216	0.7388825
4290	-531.0536	-563.1052	32.05162	2.134785	1.091244
4296	-532.8744	-564.5256	31.65119	2.852388	0.7351752
4302	-531.373	-563.5213	32.14839	2.355192	0.7351752
4308	-530.5418	-561.7827	31.2409	1.566697	2.110435
4314	-535.2111	-563.9598	28.74874	1.609298	3.602595
4320	-534.5765	-561.226	26.64946	1.655186	4.769595
4326	-533.9761	-564.4482	30.47202	1.567637	2.598407
4332	-528.4733	-558.6941	30.22074	1.453749	2.822322
4338	-531.1399	-562.5485	31.40857	2.498119	1.330051
4344	-531.5035	-563.0542	31.55073	2.573431	1.147504
4350	-538.6449	-568.7017	30.05676	1.877367	2.663555
4356	-533.729	-565.6399	31.91089	1.644714	1.597068
4362	-535.1836	-566.2419	31.05829	2.497317	1.597068
4368	-529.7183	-561.7593	32.041	1.842349	1.348674
4374	-530.6412	-562.4056	31.76437	1.813342	1.580945
4380	-531.4114	-563.2818	31.87043	2.574795	0.8173026
4386	-532.4378	-564.4209	31.98313	2.462094	0.8173026
4392	-526.045	-558.5737	32.52869	2.012676	0.6694668
4398	-524.3421	-556.8985	32.55639	1.969584	0.6981139
4404	-530.5028	-562.5686	32.06581	1.752474	1.399816
4410	-538.5218	-569.1255	30.60375	3.772282	0.9002114
4416	-532.6918	-564.558	31.86619	2.576318	0.8207919
4422	-536.1789	-568.1333	31.95439	2.631642	0.535419
4428	-537.2197	-567.5753	30.35554	1.885696	2.472858
4434	-540.0789	-568.5209	28.44196	1.527316	3.827217
4440	-539.4989	-567.9138	28.41485	1.554433	3.827217
4446	-536.563	-568.1373	31.57428	1.658415	1.825318
4452	-540.0976	-571.2091	31.11149	1.46158	2.262484
4458	-536.6714	-566.7728	30.10147	1.301749	2.986177
4464	-533.5706	-565.3097	31.73916	1.556559	1.781715
4470	-534.9101	-565.7023	30.79227	1.936299	2.162029
4476	-537.4949	-568.0852	30.59028	2.138282	2.162029
4482	-536.1158	-564.6766	28.56074	1.431372	3.814085
4488	-539.3695	-569.1569	29.78742	1.849944	2.844861
4494	-543.4393	-573.8281	30.3888	2.771548	1.874889
4500	-539.5042	-569.4584	29.95417	2.415033	2.392316
4506	-536.1617	-567.2554	31.09372	2.608416	1.488661
4512	-539.0146	-571.3277	32.31315	2.152043	0.790904
4518	-533.3982	-564.8077	31.40958	2.877858	0.9941158
4524	-538.6487	-570.0887	31.44004	2.374556	1.402687
4530	-534.744	-566.3777	31.63367	2.378914	1.243435
4536	-532.3462	-564.7269	32.38066	1.880349	1.020365
4542	-535.8856	-566.2644	30.37881	2.592232	2.002456
4548	-527.9708	-557.4474	29.47658	1.23045	3.399017
4554	-532.4167	-564.0196	31.60296	1.7237	1.760164
4560	-530.8697	-561.597	30.72738	1.350355	2.57481
4566	-531.8863	-562.754	30.86765	1.381818	2.467694
4572	-535.4226	-563.556	28.13331	1.343653	4.108881
4578	-537.9576	-568.7472	30.78967	1.673311	2.332841
4584	-533.7475	-563.5276	29.78006	1.571905	3.016922
4590	-528.6748	-561.0892	32.4144	1.785936	1.078321
4596	-525.1115	-555.0256	29.9141	2.013011	2.667872
4602	-524.3426	-555.2113	30.86869	1.762143	2.225319
4608	-522.7224	-555.0803	32.35793	1.766542	1.147228
4614	-522.7489	-554.9853	32.23642	2.170305	0.8647917
4620	-526.3171	-558.3742	32.05709	2.527514	0.4575464
4626	-529.8188	-560.7369	30.91814	1.825992	2.1519
4632	-534.3024	-564.8668	30.56441	1.822148	2.38134
4638	-528.6836	-557.9193	29.2357	0.9821862	3.683821
4644	-534.5555	-562.2569	27.70139	0.6107139	4.765432
4650	-532.0704	-559.7955	27.7251	0.5870024	4.765432
4656	-531.5594	-559.2226	27.66319	0.6489144	4.765432
4662	-531.016	-560.1762	29.16016	0.7446148	3.864289
4668	-538.069	-565.503	27.43404	0.4849402	4.984459
4674	-532.498	-562.9875	30.48952	1.731761	2.485354
4680	-532.223	-564.4463	32.22335	1.432648	1.523196
4686	-528.4428	-557.5244	29.08157	1.376138	3.544654
4692	-530.4541	-561.3556	30.9015	1.753916	2.20945
4698	-532.582	-564.4504	31.86843	1.37453	1.81824
4704	-530.8978	-561.7751	30.87736	1.856592	2.158527
4710	-532.271	-563.3605	31.08948	2.060294	1.882093
4716	-532.416	-563.6747	31.25877	1.458998	2.169048
4722	-532.7625	-565.344	32.58155	1.883178	0.7915317
4728	-534.8453	-566.7037	31.85842	1.464058	1.763079
4734	-535.4579	-564.7597	29.3018	1.341566	3.436305
4740	-537.3043	-567.192	29.88766	1.79168	2.819376
4746	-532.7378	-564.6492	31.91135	2.123689	1.224558
4752	-529.0536	-560.8335	31.77993	1.685774	1.661921
4758	-527.5011	-559.7613	32.26026	2.271762	0.6872392
4764	-531.8272	-563.7355	31.90839	1.919791	1.392106
4770	-534.7026	-566.6375	31.93492	1.893261	1.392106
4776	-532.9578	-564.5956	31.63782	2.104596	1.458168
4782	-533.5167	-566.0786	32.56186	1.867728	0.8370642
4788	-532.0469	-564.066	32.01903	1.708142	1.469747
4794	-534.0373	-565.6495	31.61219	2.138214	1.452088
4800	-533.066	-565.6825	32.61652	1.93249	0.6538255
4806	-535.7279	-567.8051	32.0772	1.617416	1.494312
4812	-534.4594	-565.8382	31.37876	2.335005	1.479888
4818	-541.1817	-568.3844	27.2028	1.251612	4.685859
4824	-532.531	-563.7711	31.24002	1.495824	2.157293
4830	-531.0748	-562.7548	31.68008	1.724106	1.705677
4836	-529.6074	-556.956	27.34865	1.19894	4.633666
4842	-529.3693	-561.1565	31.78717	1.885043	1.511103
4848	-536.1831	-564.8156	28.63253	1.449036	3.762552
4854	-534.709	-564.431	29.72196	1.188044	3.279653
4860	-534.8009	-564.7073	29.90635	1.860206	2.766257
4866	-533.8342	-566.0764	32.2422	1.919745	1.113628
4872	-532.8785	-564.3902	31.51173	1.514689	1.965437
4878	-533.9077	-564.0722	30.1645	1.199234	3.00987
4884	-530.6468	-562.3017	31.65494	1.758446	1.699163
4890	-537.3827	-567.4039	30.02123	2.16668	2.506221
4896	-547.4181	-579.1349	31.71681	1.674319	1.714905
4902	-539.3641	-568.9085	29.5444	1.335248	3.297553
4908	-536.2078	-568.4077	32.1999	1.915163	1.155544
4914	-536.1026	-567.1822	31.07953	1.593202	2.198256
4920	-531.6856	-563.1637	31.47811	1.54055	1.970635
4926	-530.8571	-563.2354	32.37834	2.185618	0.6189138
4932	-525.0149	-557.378	32.36314	2.103171	0.7893822
4938	-528.076	-559.158	31.082	1.937406	1.970139
4944	-529.5995	-559.7234	30.12386	1.095665	3.096096
4950	-529.3273	-559.2993	29.97196	1.384301	3.014349
4956	-524.1417	-555.2911	31.14946	1.657825	2.110644
4962	-525.2332	-556.3827	31.14946	1.657825	2.110644
4968	-523.445	-553.3075	29.86246	1.322669	3.116591
4974	-525.4945	-556.1436	30.64912	1.289642	2.660701
4980	-533.4705	-563.548	30.07745	1.915769	2.627122
4986	-528.3382	-559.2809	30.9427	1.050524	2.627122
4992	-523.3811	-554.141	30.75998	1.215363	2.638157
4998	-527.5331	-560.2739	32.74083	1.685789	0.8407487
5004	-529.4392	-561.5782	32.13899	2.396096	0.3539587
5010	-531.4534	-563.999	32.5456	2.036281	0.4449577
5016	-531.9902	-564.2819	32.29168	2.29066	0.4468554
5022	-533.2962	-565.7439	32.4477	2.057342	0.7328828
5028	-531.3134	-563.7392	32.42578	2.057342	0.7658341
5034	-527.9615	-560.3043	32.34276	2.059548	0.8700122
5040	-529.8218	-561.9621	32.14028	2.253528	0.8799291
5046	-530.0713	-561.8696	31.79824	2.352472	1.123784
5052	-527.7303	-560.023	32.29266	1.923583	1.063401
5058	-534.2463	-565.7438	31.49752	2.0488	1.603823
5064	-528.9017	-561.1485	32.24678	1.894926	1.13187
5070	-524.3404	-556.5035	32.16315	2.246976	0.86075
5076	-529.49	-561.8022	32.31219	2.246976	0.3885988
5082	-527.4354	-559.7071	32.27165	1.725878	1.25598
5088	-528.4216	-558.6602	30.23856	1.831937	2.579295
5094	-527.0366	-559.4894	32.4528	1.64212	1.173195
5100	-527.0068	-558.4305	31.4237	1.289338	2.172119
5106	-531.9647	-559.5613	27.59661	0.9999978	4.606183
5112	-540.3394	-567.1443	26.80489	1.221616	4.924663
5118	-533.2634	-563.6934	30.42995	1.649339	2.573844
5124	-527.836	-558.9652	31.12916	2.005867	1.892127
5130	-529.0838	-560.9772	31.89341	2.190354	1.182887
5136	-524.0541	-555.2592	31.20513	1.820113	1.966221
5142	-532.2894	-559.8586	27.56928	1.820113	4.158691
5148	-528.8655	-557.9738	29.10828	1.220066	3.619829
5154	-532.018	-563.3601	31.34208	2.55071	1.341161
5160	-528.0282	-560.3669	32.33869	2.247827	0.4696867
5166	-525.0135	-557.2406	32.22711	2.291082	0.7115121
5172	-529.2968	-561.4776	32.18085	2.326061	0.3243171
5178	-527.8535	-560.055	32.20149	2.349108	0.6504289
5184	-526.4442	-558.3116	31.86745	2.097833	1.282586
5190	-524.9917	-557.3312	32.33947	2.006948	0.9327937
5196	-528.339	-560.148	31.80897	2.015032	1.395365
5202	-526.4664	-557.9937	31.52727	1.850503	1.724319
5208	-523.1206	-554.881	31.76038	1.637603	1.71006
5214	-533.2959	-563.4773	30.18146	2.218201	2.373043
5220	-535.9719	-567.308	31.3361	2.527427	1.364369
5226	-532.9221	-564.517	31.59488	1.922543	1.624758
5232	-526.2202	-557.9652	31.74499	1.538927	1.789912
5238	-521.8322	-553.7889	31.95674	1.946847	1.332534
5244	-527.3116	-558.0234	30.71182	1.771134	2.320121
5250	-527.8327	-559.4226	31.58995	2.003155	1.569665
5256	-523.3047	-554.4457	31.14102	1.672103	2.106814
5262	-525.6162	-555.8069	30.1907	1.314806	2.924618
5268	-524.0093	-555.2821	31.27279	2.079683	1.742094
5274	-524.4918	-554.5161	30.02425	1.857196	2.695939
5280	-526.6937	-556.8441	30.15043	1.731018	2.695939
5286	-526.8458	-557.7267	30.8809	1.367122	2.468602
5292	-529.1119	-558.1492	29.03727	1.258872	3.638503
5298	-527.6136	-557.039	29.42545	1.725962	3.13666
5304	-525.8555	-555.9074	30.05186	1.444877	2.929905
5310	-524.6029	-555.4983	30.89536	1.840437	2.157324
5316	-529.3431	-559.77	30.42684	1.628646	2.588602
5322	-529.478	-561.9214	32.44332	1.524777	1.28028
5328	-529.7154	-561.3278	31.6124	2.317963	1.311
5334	-525.749	-558.1198	32.37078	1.611722	1.268424
5340	-526.2455	-558.5048	32.25924	2.132714	0.8820737
5346	-526.5504	-558.8211	32.27062	2.315346	0.4657542
5352	-526.9734	-558.942	31.96857	1.849385	1.400076
5358	-530.7045	-561.1279	30.42333	1.989413	2.364756
5364	-533.8743	-565.6022	31.72798	1.448101	1.864152
5370	-527.7084	-559.5671	31.85874	1.777311	1.538003
5376	-530.685	-563.2898	32.60483	1.777311	0.8933035
5382	-530.4136	-561.8879	31.47427	2.06754	1.607097
5388	-526.7865	-557.1664	30.38	1.389013	2.764759
5394	-527.8933	-557.6418	29.7485	1.513209	3.070923
5400	-529.0932	-558.0256	28.93234	2.010138	3.260489
5406	-527.615	-556.9852	29.37018	1.452861	3.330887
5412	-527.2221	-558.7585	31.53641	2.08987	1.545236
5418	-525.0311	-556.7903	31.7592	1.681494	1.679769
5424	-531.178	-562.1009	30.92292	1.88058	2.113119
5430	-528.7282	-559.3469	30.61877	2.184729	2.113119
5436	-532.8637	-564.6928	31.82904	2.484874	0.9671049
5442	-549.3201	-579.4876	30.16753	2.617485	2.12522
5448	-538.048	-569.9265	31.87846	2.617485	0.3146207
5454	-532.736	-564.8298	32.09388	2.454745	0.3718631
5460	-530.0753	-562.1854	32.11019	2.467703	0.5761427
5466	-532.3903	-564.7019	32.31156	2.266326	0.5761427
5472	-530.8361	-561.9027	31.06652	2.60079	1.514759
5478	-532.3448	-563.6238	31.27901	2.661045	1.303151
5484	-525.8437	-558.0535	32.20981	2.350324	0.3903036
5490	-529.3327	-561.6143	32.28153	2.2868	0.6070641
5496	-532.1314	-561.5698	29.43843	1.241676	3.414792
5502	-528.0148	-559.2037	31.18895	1.752847	2.021912
5508	-536.0311	-566.3143	30.28314	2.546912	2.095705
5514	-539.1445	-568.7863	29.64183	3.188225	2.095705
5520	-530.0927	-562.3187	32.22597	2.242799	0.7860178
5526	-528.2565	-559.7534	31.49695	1.602388	1.916327
5532	-525.6751	-558.0037	32.32864	2.128823	0.8012915
5538	-527.4239	-559.7821	32.35822	2.027723	0.8889682
5544	-526.1635	-558.3599	32.19644	2.121337	0.9630993
5550	-527.925	-559.4594	31.53449	2.142373	1.507621
5556	-529.5524	-561.9144	32.36201	2.159356	0.7061144
5562	-533.8241	-565.9486	32.12442	1.942902	1.197061
5568	-533.5372	-565.3101	31.77292	2.193194	1.281903
5574	-527.8008	-559.7744	31.97364	2.269273	1.03796
5580	-529.9449	-562.1091	32.16422	1.640274	1.410522
5586	-526.5478	-557.0564	30.50855	2.09929	2.240136
5592	-531.6663	-563.2253	31.55906	1.548023	1.911083
5598	-535.0971	-566.1568	31.05966	1.54561	2.24179
5604	-530.0598	-561.1771	31.11733	1.353145	2.328071
5610	-527.7451	-557.8246	30.07946	1.46152	2.903204
5616	-532.2338	-562.3596	30.12581	1.415168	2.903204
5622	-532.8048	-563.9013	31.09647	1.806975	2.047333
5628	-529.8878	-560.6719	30.78403	1.600266	2.382774
5634	-533.2347	-563.3618	30.12706	1.697052	2.731081
5640	-529.1424	-560.9099	31.76747	1.688836	1.668637
5646	-527.0647	-559.0002	31.9355	2.652847	0.5064263
5652	-525.6421	-557.6805	32.03839	2.430442	0.7859247
5658	-531.5613	-563.3238	31.76253	2.544186	0.9745309
5664	-537.1201	-568.0248	30.90472	2.116072	1.969206
5670	-535.9123	-567.801	31.88866	1.632042	1.622384
5676	-537.0781	-569.6164	32.53835	1.784976	0.9573142
5682	-532.8916	-563.1396	30.24797	1.934478	2.509631
5688	-531.8181	-561.6699	29.85175	1.623363	2.942937
5694	-534.337	-564.4335	30.09644	1.378672	2.942937
5700	-529.0924	-560.1154	31.02303	1.062321	2.570084
5706	-530.6689	-559.7002	29.03136	1.297465	3.61955
5712	-538.7735	-568.1029	29.3294	1.843993	3.123582
5718	-532.1849	-563.7992	31.61429	2.495364	1.1603
5724	-536.3069	-567.8794	31.57248	2.608677	1.096079
5730	-538.3828	-570.4835	32.10068	2.152185	1.028316
5736	-530.8323	-562.622	31.78966	2.439089	1.051542
5742	-537.6126	-569.1675	31.55483	2.713386	1.013268
5748	-530.7394	-562.9756	32.23617	2.093147	0.9510226
5754	-529.4797	-560.7812	31.3015	1.676261	1.997973
5760	-535.6649	-566.4936	30.82868	1.943363	2.133696
5766	-536.7577	-566.6608	29.90302	1.385022	3.055187
5772	-530.7445	-560.9313	30.1868	1.101247	3.055187
5778	-531.7433	-561.8458	30.10255	1.164435	3.067769
5784	-531.6068	-561.3772	29.77042	1.731062	2.927043
5790	-531.4312	-559.8702	28.43897	2.09955	3.497561
5796	-528.9458	-560.8124	31.86664	1.669252	1.611394
5802	-529.349	-561.3122	31.96323	2.022247	1.265967
5808	-535.6932	-567.4594	31.76619	1.94688	1.480412
5814	-528.6565	-558.8448	30.18828	1.336329	2.913092
5820	-528.3405	-554.6598	26.3193	1.034727	5.297379
5826	-530.5623	-560.2893	29.72701	1.691734	2.976847
5832	-537.1022	-566.8031	29.70093	1.717816	2.976847
5838	-534.9192	-565.9884	31.06921	1.368452	2.348936
5844	-535.6592	-567.6481	31.98889	1.748421	1.46205
5850	-531.3672	-563.6957	32.32855	1.830544	1.116207
5856	-531.0625	-563.0231	31.96068	2.149452	1.159885
5862	-530.3224	-562.0137	31.69128	2.149452	1.382293
5868	-531.5677	-564.0066	32.4389	2.149452	0.4939433
5874	-532.4527	-564.1891	31.73642	2.40144	1.135311
5880	-527.746	-559.5661	31.82014	1.69364	1.627389
5886	-525.8924	-557.8499	31.95754	1.824249	1.428047
5892	-522.5826	-554.6572	32.07457	2.512848	0.5228334
5898	-529.2847	-560.5634	31.27877	3.069974	0.9302817
5904	-536.1958	-566.7965	30.60072	2.619101	1.834178
5910	-535.4664	-566.5098	31.0434	2.827283	1.358718
5916	-523.3305	-555.4952	32.16472	2.423703	0.5020056
5922	-523.0042	-555.2455	32.24125	2.29955	0.6705954
5928	-528.3372	-559.7136	31.37641	3.051741	0.8388503
5934	-527.6959	-559.7715	32.07563	1.866242	1.301683
5940	-531.8963	-563.3724	31.47609	1.771711	1.814903
5946	-535.0712	-566.2273	31.15616	2.744172	1.33514
5952	-530.3	-562.1025	31.80256	2.264689	1.197125
5958	-526.9137	-558.8941	31.9804	1.725621	1.485728
5964	-529.4518	-559.3955	29.94366	2.792123	2.157333
5970	-522.6861	-554.795	32.10888	1.618228	1.469794
5976	-526.6332	-558.4004	31.7672	1.500452	1.801182
5982	-524.2299	-555.8797	31.64981	1.535746	1.857669
5988	-526.7751	-559.0002	32.22513	1.792439	1.23926
5994	-529.2219	-559.3952	30.17337	1.078302	3.076914
6000	-525.5147	-555.6856	30.17092	1.466735	2.844686
6006	-532.2667	-564.081	31.81427	1.103998	2.037521
6012	-533.0406	-563.1718	30.13118	0.8930015	3.212169
6018	-528.02	-559.2636	31.2436	1.511381	2.144825
6024	-529.2214	-560.291	31.06962	1.61339	2.191598
6030	-525.826	-556.8036	30.97759	1.774264	2.146866
6036	-525.9657	-558.3257	32.36002	2.100052	0.797815
6042	-526.9568	-559.2256	32.26877	2.141929	0.8600603
6048	-526.6468	-556.5422	29.8954	1.468856	3.009554
6054	-529.9944	-560.9508	30.95639	2.095188	1.94854
6060	-530.5746	-561.8119	31.23726	1.57755	2.105707
6066	-530.0728	-562.401	32.32819	1.510769	1.383687
6072	-526.4772	-558.6278	32.15063	2.009633	1.115151
6078	-529.5428	-561.5509	32.00804	1.695888	1.487305
6084	-527.0892	-558.771	31.68175	2.047277	1.468341
6090	-531.7785	-564.1772	32.39874	1.694503	1.174656
6096	-532.3336	-563.8654	31.53176	2.561484	1.174656
6102	-533.1743	-564.7648	31.5905	2.086837	1.507272
6108	-533.4618	-563.5849	30.12311	1.6205	2.780253
6114	-546.4336	-572.6405	26.20695	1.62431	5.033187
6120	-532.3982	-562.2506	29.85235	1.33259	3.116709
6126	-536.6929	-565.7114	29.0185	1.253045	3.652759
6132	-535.2613	-564.9139	29.65255	1.308691	3.249402
6138	-531.0252	-563.4589	32.4337	1.902485	0.9437426
6144	-530.1367	-561.8567	31.71994	1.517182	1.822269
6150	-542.9599	-571.7412	28.78127	1.76361	3.493849
6156	-536.0999	-565.5816	29.4817	1.741236	3.094062
6162	-532.1343	-563.7117	31.57748	1.693505	1.798875
6168	-538.5166	-566.4902	27.97362	1.724077	3.982951
6174	-534.7984	-563.2076	28.40926	0.9694061	4.164789
6180	-546.8896	-578.535	31.64541	1.639612	1.789147
6186	-528.3495	-559.9298	31.58024	1.696263	1.795051
6192	-530.3457	-561.8267	31.48103	1.795475	1.795051
6198	-530.4432	-562.5294	32.08619	2.480345	0.6120431
6204	-528.9565	-561.1403	32.1838	2.399957	0.4531897
6210	-530.6952	-562.4976	31.80241	2.296245	1.169931
6216	-536.7109	-566.8948	30.18388	2.69125	2.066042
6222	-530.8741	-562.1556	31.28144	1.988238	1.799785
6228	-537.9479	-570.5012	32.55327	1.776582	0.9504552
6234	-531.9787	-564.3507	32.37197	1.985597	0.9206825
6240	-533.6965	-566.0684	32.37197	1.985597	0.9206825
6246	-531.0559	-562.6358	31.57988	2.634275	1.065371
6252	-540.9702	-565.3782	24.408	1.724812	5.967553
6258	-543.9566	-568.7804	24.82384	1.308967	5.967553
6264	-538.292	-568.0902	29.79825	1.470109	3.06695
6270	-531.1469	-562.7754	31.62848	1.509683	1.889993
6276	-537.8198	-566.3025	28.4827	2.333284	3.33504
6282	-529.4884	-561.6122	32.12379	2.464594	0.4952822
6288	-531.4771	-563.7064	32.22928	2.356762	0.5353097
6294	-529.7496	-562.1109	32.36129	2.224755	0.5353097
6300	-530.7406	-562.4817	31.74107	2.453699	1.0835
6306	-533.8229	-565.1763	31.35344	2.873922	1.052863
6312	-528.2227	-560.0082	31.78553	2.699175	0.7635434
6318	-533.8084	-564.4865	30.67808	2.016638	2.184009
6324	-531.2234	-563.1223	31.89895	1.992754	1.342023
6330	-530.5489	-562.7166	32.16763	1.992754	1.115041
6336	-533.1391	-564.7452	31.60609	2.9133	0.7094823
6342	-532.6591	-565.0755	32.41645	2.102943	0.7094823
6348	-532.982	-563.452	30.46999	3.453135	0.1202869
6354	-531.8148	-562.1409	30.32603	3.453135	0.1000222
6360	-541.2078	-570.8681	29.66035	1.157066	3.334195
6366	-541.3442	-570.5423	29.19815	1.442638	3.437812
6372	-534.1062	-564.8257	30.71953	3.348762	0.1465931
6378	-538.8364	-569.7903	30.95387	3.239422	1.08487
6384	-535.3241	-567.0107	31.6866	2.547557	1.046376
6390	-539.1024	-571.2321	32.12969	2.408583	0.6755038
6396	-540.1896	-571.3992	31.20963	3.259964	0.7848717
6402	-538.8907	-570.2337	31.34302	2.32712	1.512651
6408	-541.933	-573.9043	31.97133	2.54772	0.7100596
6414	-538.599	-570.0596	31.46064	2.378571	1.383488
6420	-536.4908	-568.9008	32.41006	2.012298	0.8459806
6426	-533.7842	-565.6097	31.82557	2.399265	1.05527
6432	-532.1809	-563.5034	31.32245	2.006815	1.758339
6438	-537.2633	-568.2625	30.9992	2.348886	1.74517
6444	-538.4002	-568.9787	30.57847	4.009619	0.5131511
6450	-538.556	-569.2807	30.72467	2.015228	2.154652
6456	-535.361	-567.8119	32.4509	1.818744	1.011864
6462	-530.3813	-561.2432	30.8619	2.522439	1.719689
6468	-534.3224	-564.6543	30.33184	1.751714	2.571199
6474	-535.9705	-565.7835	29.81301	1.273229	3.175384
6480	-533.204	-565.2172	32.01313	1.677829	1.497059
6486	-536.7395	-568.1565	31.41701	2.463084	1.351262
6492	-528.2257	-560.6393	32.4136	2.153312	0.6110145
6498	-531.9121	-564.1776	32.2655	2.153312	0.8502962
6504	-528.0816	-560.1965	32.11485	1.996436	1.15887
6510	-531.9608	-562.8477	30.88688	1.590444	2.323705
6516	-534.7163	-563.3934	28.6771	1.587337	3.656877
6522	-530.1168	-562.5068	32.38999	2.128463	0.7110733
6528	-537.7966	-568.743	30.94642	2.945865	1.34156
6534	-537.6686	-569.1063	31.43773	1.937432	1.726155
6540	-535.2164	-566.458	31.24156	1.703088	2.02002
6546	-531.2115	-563.0881	31.87659	2.092865	1.279163
6552	-528.1621	-560.3633	32.20118	2.052277	1.027746
6558	-532.8772	-565.176	32.2988	1.854108	1.121801
6564	-532.8788	-563.6381	30.75931	1.508301	2.456314
6570	-533.8858	-564.8497	30.96388	1.866681	2.095374
6576	-535.7862	-566.2287	30.44252	2.309335	2.146863
6582	-524.6675	-556.5884	31.92087	1.696468	1.551842
6588	-530.009	-562.1235	32.11448	2.463491	0.5758514
6594	-527.2015	-559.2108	32.00924	1.866047	1.355074
6600	-525.5557	-555.6601	30.10433	1.009133	3.159216
6606	-532.1739	-561.8167	29.64277	1.470697	3.159216
6612	-530.568	-561.5973	31.0293	1.180615	2.49247
6618	-526.6914	-558.4562	31.76476	1.60654	1.728871
6624	-527.8789	-558.1346	30.25567	1.270278	2.912284
6630	-530.3953	-559.5993	29.20395	1.386671	3.467145
6636	-531.9851	-560.8946	28.90953	1.05358	3.830766
6642	-530.7821	-560.166	29.3839	1.379492	3.365946
6648	-533.2664	-563.2299	29.9635	0.8628154	3.328959
6654	-526.4427	-557.1197	30.67696	1.607835	2.445521
6660	-531.5392	-560.6496	29.11044	1.577346	3.410293
6666	-524.6514	-557.0525	32.40107	1.738168	1.134081
6672	-530.086	-559.6243	29.53835	1.384632	3.271997
6678	-532.3539	-562.3301	29.97624	0.9467456	3.271997
6684	-532.1371	-562.9266	30.78952	1.728857	2.297511
6690	-534.0092	-566.1068	32.0976	2.451822	0.6529516
6696	-540.3825	-572.6642	32.28171	2.293879	0.4240973
6702	-535.1396	-566.9269	31.78736	2.293879	1.185066
6708	-539.2648	-570.4977	31.23285	1.465006	2.181978
6714	-546.9374	-577.927	30.98967	2.814178	1.411021
6720	-540.016	-571.1056	31.08965	2.468668	1.595094
6726	-534.2967	-565.7801	31.48343	1.908983	1.713993
6732	-535.6705	-567.0451	31.3746	2.01782	1.713993
6738	-535.1344	-567.1236	31.98923	1.613563	1.56255
6744	-529.7902	-560.3416	30.55136	1.392405	2.657624
6750	-532.391	-562.9803	30.58933	2.012217	2.244186
6756	-528.9645	-561.2035	32.239	2.109459	0.9305868
6762	-528.7851	-559.6006	30.81546	2.465655	1.791857
6768	-527.4538	-559.087	31.63319	1.647927	1.791857
6774	-529.2743	-560.8271	31.55276	1.594866	1.883554
6780	-529.9247	-561.346	31.42132	2.172932	1.568827
6786	-527.6817	-559.8313	32.14958	2.154531	0.9771993
6792	-524.817	-556.9314	32.11443	2.203893	0.9625379
6798	-526.3365	-558.1236	31.78714	1.5607	1.745345
6804	-528.5069	-559.7838	31.27686	1.786317	1.940732
6810	-529.4337	-560.9074	31.47371	1.786317	1.80646
6816	-528.5111	-560.3451	31.83402	1.749721	1.576533
6822	-534.7132	-565.5424	30.82912	1.959349	2.122962
6828	-534.4605	-566.2973	31.83684	1.430717	1.801248
6834	-529.5831	-560.8389	31.25574	1.660474	2.038883
6840	-528.1435	-559.339	31.19556	2.106965	1.776982
6846	-538.9376	-569.8838	30.94622	1.677425	2.229956
6852	-542.234	-573.1977	30.96363	1.660013	2.229956
6858	-534.6802	-565.9297	31.24948	1.496875	2.150447
6864	-537.9059	-569.2315	31.32554	1.420821	2.150447
6870	-531.3732	-561.9864	30.61328	1.293565	2.680338
6876	-533.9586	-565.4834	31.52484	1.281112	2.111515
6882	-526.5261	-558.6953	32.16923	1.477874	1.529805
6888	-527.2941	-559.6666	32.37246	2.200396	0.5935169
6894	-525.2062	-557.2941	32.08793	2.16547	1.0278
6900	-521.1054	-553.3695	32.26412	2.29818	0.6231723
6906	-523.3621	-555.5944	32.23235	2.213415	0.8166082
6912	-521.8951	-554.3259	32.43089	2.140363	0.5984938
6918	-528.6276	-560.1154	31.48775	2.115123	1.562493
6924	-524.8149	-556.6837	31.86887	1.341385	1.840746
6930	-526.0849	-556.6379	30.55304	1.480333	2.602301
6936	-527.8167	-558.5909	30.7742	1.259171	2.602301
6942	-528.4232	-558.2698	29.84665	1.424075	3.065535
6948	-526.6598	-557.3614	30.70153	0.8859035	2.875118
6954	-534.7392	-563.2911	28.55189	1.39459	3.84033
6960	-538.9029	-567.7227	28.81979	1.433008	3.663614
6966	-532.7764	-560.3999	27.6235	0.9382397	4.625735
6972	-532.0071	-559.3536	27.34658	1.147838	4.66346
6978	-535.7649	-565.91	30.14509	1.151003	3.050375
6984	-536.1332	-567.9428	31.80956	2.157707	1.280961
6990	-536.2173	-567.8678	31.6505	2.316766	1.280961
6996	-532.6254	-564.3783	31.75293	2.156255	1.328054
7002	-529.2587	-561.2237	31.96502	1.684302	1.528161
7008	-534.0974	-565.8128	31.71545	2.855144	0.4114252
7014	-530.4987	-562.3483	31.84965	2.72095	0.4114252
7020	-532.0697	-564.1143	32.04456	2.244442	0.9925461
7026	-534.0096	-566.21	32.2004	2.265176	0.7903826
7032	-529.7861	-561.3975	31.61145	1.704575	1.767579
7038	-536.5663	-568.5602	31.99397	2.544441	0.3580754
7044	-536.1226	-568.7664	32.64382	1.778453	0.8460792
7050	-535.0937	-567.1364	32.04272	2.047861	1.176965
7056	-528.6545	-560.6017	31.94721	2.621802	0.4078364
7062	-528.1232	-560.2079	32.08475	2.171245	1.025272
7068	-530.0022	-561.8538	31.8516	2.291946	1.13022
7074	-527.5357	-559.4053	31.86962	2.581477	0.8096888
7080	-527.832	-560.1471	32.31513	2.271854	0.4735978
7086	-531.8293	-564.1785	32.3492	2.237786	0.4735978
7092	-529.6984	-561.5603	31.86185	2.521505	0.8919167
7098	-528.2167	-558.719	30.50232	2.116542	2.233037
7104	-525.8529	-556.1612	30.3083	1.922806	2.479206
7110	-525.7264	-557.1999	31.47345	2.163207	1.537557
7116	-524.9635	-557.3824	32.41895	2.163207	0.44608
7122	-528.1525	-560.3432	32.19073	2.345173	0.3549521
7128	-526.7916	-558.9404	32.14888	2.345173	0.3130213
7134	-528.7059	-560.8259	32.11996	2.450471	0.600957
7140	-527.7221	-558.5892	30.86712	1.267587	2.5394
7146	-527.6141	-558.7491	31.13502	1.45195	2.253559
7152	-529.1273	-559.6383	30.51103	1.230689	2.781405
7158	-531.1001	-562.3267	31.22657	1.646356	2.067492
7164	-537.6092	-568.8461	31.23692	1.571799	2.1097
7170	-535.0674	-563.7707	28.70333	2.286607	3.232439
7176	-531.1873	-563.2706	32.08331	2.217656	0.9804135
7182	-529.1493	-561.4054	32.25617	2.181296	0.827204
7188	-528.6275	-560.7268	32.09928	1.505799	1.560872
7194	-538.5052	-569.8241	31.31891	2.402108	1.474408
7200	-530.2912	-561.1161	30.82484	1.806122	2.225242
7206	-532.6	-564.4974	31.89743	2.628282	0.6985826
7212	-526.5786	-558.4574	31.87878	2.552216	0.8353245
7218	-533.8173	-565.3675	31.55013	2.343681	1.340343
7224	-528.9793	-561.1851	32.20582	2.381037	0.472448
7230	-529.3238	-561.429	32.10519	1.792227	1.337467
7236	-528.1415	-559.7172	31.57574	1.758029	1.755191
7242	-530.8362	-562.8253	31.98904	1.344729	1.755191
7248	-523.2416	-555.6245	32.38289	1.503928	1.345913
7254	-524.1484	-556.5863	32.43788	1.961737	0.8731627
7260	-526.8376	-557.7913	30.95371	1.293831	2.468905
7266	-528.7239	-559.8271	31.10316	1.953256	1.945284
7272	-532.8512	-564.902	32.05078	1.674248	1.47137
7278	-533.2794	-564.3219	31.04254	1.949229	1.988628
7284	-529.9335	-562.0349	32.10139	2.486909	0.4921
7290	-530.0909	-561.3103	31.21938	2.350603	1.586593
7296	-535.5004	-564.6005	29.10005	1.284346	3.58729
7302	-533.1333	-562.287	29.15377	1.230625	3.58729
7308	-531.8011	-562.2984	30.4973	2.082501	2.258166
7314	-529.5262	-561.017	31.49087	2.688366	1.097841
7320	-528.5718	-560.9044	32.33254	2.012182	0.9346163
7326	-526.1442	-558.2577	32.1135	2.231223	0.9346163
7332	-528.16	-558.323	30.16299	2.495509	2.207457
7338	-526.7505	-558.2583	31.50771	1.94051	1.674405
7344	-528.8422	-560.9952	32.15302	2.269593	0.8456614
7350	-530.6741	-562.3275	31.65341	2.869284	0.3399229
7356	-525.9248	-557.8569	31.93216	2.623821	0.3831991
7362	-526.5003	-558.5644	32.06405	2.283543	0.9315203
7368	-524.0175	-556.4293	32.41178	2.172993	0.5439672
7374	-526.3024	-558.1374	31.83495	2.752101	0.5267311
7380	-531.7529	-563.2205	31.46759	3.109125	0.5804813
7386	-527.704	-559.0771	31.37317	1.972534	1.746839
7392	-527.5377	-559.8735	32.33576	2.109623	0.8170991
7398	-528.4114	-560.7686	32.35726	2.231151	0.4970736
7404	-528.8298	-561.1001	32.27029	2.243216	0.7192816
7410	-530.3901	-562.1631	31.77299	1.754354	1.61758
7416	-532.1118	-563.7358	31.624	1.79802	1.69304
7422	-532.2621	-564.4197	32.15761	1.422317	1.57932
7428	-532.8432	-564.3868	31.54361	2.036319	1.57932
7434	-533.1053	-565.4575	32.35226	1.991216	0.9359546
7440	-529.8715	-561.3149	31.4434	1.56899	1.974836
7446	-532.4429	-563.6807	31.23777	1.22033	2.335949
7452	-532.7242	-563.1535	30.42927	1.651931	2.572656
7458	-536.4091	-565.4971	29.088	2.252568	3.023751
7464	-542.0704	-572.2772	30.20679	1.385907	2.871934
7470	-536.8263	-567.3371	30.51071	1.485175	2.625475
7476	-539.2686	-571.2827	32.01407	1.362686	1.725036
7482	-533.0386	-560.9194	27.88078	0.9530699	4.472881
7488	-526.751	-555.6252	28.8742	1.231183	3.748815
7494	-527.4533	-556.2769	28.82362	1.28177	3.748815
7500	-528.4023	-557.139	28.73672	1.368669	3.748815
7506	-525.7664	-554.8488	29.08245	0.803997	3.874814
7512	-525.8165	-556.8321	31.01553	1.383673	2.373333
7518	-529.8881	-559.472	29.58398	1.100044	3.412497
7524	-524.438	-554.2233	29.78528	1.179196	3.247494
7530	-528.7219	-557.2983	28.57639	0.8989746	4.109793
7536	-532.0504	-560.307	28.25654	1.218825	4.109793
7542	-540.8653	-570.0542	29.18891	2.094342	3.058052
7548	-540.2413	-571.6367	31.39537	1.074702	2.328329
7554	-527.1196	-557.5943	30.47473	1.618759	2.565027
7560	-532.1248	-564.3902	32.26537	1.682188	1.297056
7566	-534.239	-566.1466	31.90764	1.828731	1.462765
7572	-525.4581	-557.4286	31.97051	1.765869	1.462765
7578	-525.4122	-556.6617	31.24954	1.440955	2.186748
7584	-530.0524	-561.7608	31.70832	1.904543	1.555137
7590	-526.1792	-558.6519	32.47274	1.852322	0.9554951
7596	-525.9861	-558.4495	32.46343	2.026566	0.7557978
7602	-535.1996	-565.8457	30.64611	1.249257	2.687393
7608	-533.1769	-563.9991	30.82226	1.770852	2.249612
7614	-526.3477	-558.0952	31.74749	1.597907	1.747057
7620	-535.3733	-566.7059	31.33267	2.009391	1.749391
7626	-535.5897	-566.4585	30.86881	2.04036	2.043546
7632	-534.7864	-566.136	31.34962	1.763068	1.907283
7638	-530.4181	-562.265	31.8469	1.718435	1.58998
7644	-536.0342	-566.4891	30.45488	1.568563	2.608446
7650	-533.4268	-563.2118	29.78501	1.257656	3.201221
7656	-539.1852	-568.7178	29.53256	1.510106	3.201221
7662	-532.4741	-563.6794	31.20527	1.496087	2.179703
7668	-530.4237	-561.4453	31.02162	1.679739	2.179703
7674	-530.1488	-559.893	29.74426	1.417502	3.130505
7680	-532.0041	-561.619	29.61487	1.257903	3.301609
7686	-530.7394	-560.0519	29.3125	1.61388	3.269994
7692	-537.2021	-569.234	32.03187	2.088325	1.151011
7698	-532.138	-564.1827	32.04476	2.075434	1.151011
7704	-530.3526	-562.7181	32.36548	2.217756	0.4507528
7710	-530.6002	-560.3737	29.77347	2.07301	2.717385
7716	-532.3033	-560.1407	27.83738	1.41667	4.235514
7722	-531.7742	-561.239	29.46478	1.22368	3.409901
7728	-528.6302	-557.4257	28.79555	1.115605	3.860626
7734	-529.6085	-558.5835	28.97505	1.077412	3.779331
7740	-537.672	-569.3365	31.66441	2.057062	1.474062
7746	-533.9948	-565.0566	31.06175	2.250681	1.770088
7752	-531.3949	-563.7444	32.34952	2.009103	0.919529
7758	-528.9984	-560.8044	31.80605	1.626711	1.685412
7764	-532.0447	-564.03	31.98531	1.44745	1.685412
7770	-525.4537	-557.0885	31.6348	1.542539	1.863292
7776	-521.5366	-553.0543	31.51774	1.428186	2.019165
7782	-525.831	-556.9309	31.09984	1.307301	2.368302
7788	-532.1876	-563.1278	30.94016	1.46699	2.368302
7794	-527.1983	-558.5567	31.3584	1.678188	1.958609
7800	-539.993	-571.0851	31.09213	2.149952	1.81885
7806	-531.8171	-561.9387	30.12161	1.777469	2.685107
7812	-534.0079	-565.9044	31.89657	2.411708	0.9729235
7818	-530.9774	-563.1449	32.16749	2.411708	0.5710619
7824	-531.3941	-563.2483	31.85416	2.62653	0.7693128
7830	-531.1551	-561.0026	29.8475	1.89769	2.779289
7836	-523.7305	-556.039	32.30853	1.902198	1.0686
7842	-528.3988	-560.5157	32.11688	1.982234	1.169537
7848	-531.7107	-563.1175	31.40679	1.649583	1.945313
7854	-534.0219	-566.5339	32.51202	1.854615	0.910704
7860	-534.308	-566.6307	32.32274	2.265691	0.4997316
7866	-531.4197	-563.937	32.51734	2.062665	0.5677334
7872	-526.1939	-558.5483	32.35449	2.225519	0.5677334
7878	-528.4117	-560.4608	32.04904	2.320431	0.9075507
7884	-526.1768	-558.3069	32.13015	2.426102	0.3836573
7890	-525.1303	-557.0203	31.88998	2.060432	1.294736
7896	-524.5259	-556.2899	31.764	1.952181	1.478068
7902	-525.2961	-557.3464	32.05034	2.538044	0.4950588
7908	-530.2383	-562.282	32.04371	2.538044	0.44444
7914	-530.0931	-562.3737	32.28057	2.239658	0.7080554
7920	-532.0695	-564.0745	32.00497	2.099718	1.164657
7926	-534.3335	-566.2899	31.95644	1.658835	1.553361
7932	-527.8965	-559.771	31.8745	1.998731	1.356698
7938	-532.7506	-561.8942	29.14363	1.463246	3.457641
7944	-536.2276	-568.1467	31.91914	1.875984	1.417771
7950	-537.2774	-568.5333	31.2559	2.196833	1.671187
7956	-539.5482	-570.7619	31.21368	2.239059	1.671187
7962	-534.469	-566.8213	32.35229	2.045256	0.8755769
7968	-525.6372	-557.6092	31.97199	2.045256	1.239531
7974	-520.9501	-553.2302	32.28011	2.284293	0.6177423
7980	-527.7711	-559.7279	31.95678	2.605701	0.6227117
7986	-533.779	-564.6041	30.82513	1.39699	2.484828
7992	-531.6295	-564.1522	32.52266	1.676399	1.079514
7998	-529.0171	-560.9457	31.92859	1.394475	1.762672
8004	-528.3991	-558.3248	29.92568	1.528151	2.955746
8010	-526.1024	-556.4702	30.36772	1.086116	2.955746
8016	-522.9607	-553.12	30.1593	1.294536	2.955746
8022	-521.7865	-554.1585	32.37199	2.115174	0.7599655
8028	-525.0428	-557.477	32.43426	2.115174	0.6529175
8034	-524.2195	-556.6923	32.47283	2.115174	0.5147013
8040	-526.3777	-556.9393	30.56165	1.919553	2.321236
8046	-530.0069	-562.3154	32.30849	1.984898	0.9881147
8052	-530.2148	-561.7413	31.52653	3.007951	0.3532316
8058	-528.1281	-560.3459	32.21781	2.307587	0.6991303
8064	-528.4802	-560.4355	31.95538	1.773256	1.468638
8070	-537.0955	-568.7412	31.64566	1.42717	1.934227
8076	-531.2062	-562.5223	31.31614	1.75669	1.934227
8082	-530.8817	-560.1494	29.26775	1.083256	3.60668
8088	-532.9541	-560.6596	27.70552	1.322962	4.363142
8094	-530.9577	-559.0921	28.13444	0.8940428	4.363142
8100	-533.3455	-562.851	29.50548	1.255859	3.36715
8106	-528.3713	-560.7106	32.33923	1.507427	1.377652
8112	-532.8144	-565.0784	32.26394	1.533005	1.416362
8118	-530.638	-563.1295	32.49143	1.818121	0.9716111
8124	-531.0784	-561.0596	29.9812	1.385992	3.007795
8130	-528.6547	-558.8814	30.22671	1.138443	3.009018
8136	-530.3377	-560.5482	30.21045	1.154708	3.009018
8142	-533.2032	-563.1549	29.95171	1.641131	2.871845
8148	-537.4769	-568.1572	30.6804	1.166571	2.717083
8154	-532.595	-562.5105	29.9155	1.452319	3.00742
8160	-536.6676	-566.7557	30.0881	1.279716	3.00742
8166	-534.7772	-560.918	26.14088	1.023912	5.401752
8172	-532.4518	-561.8963	29.44448	1.281874	3.387683
8178	-531.9863	-564.4832	32.49683	1.438209	1.30722
8184	-531.1915	-562.5316	31.34015	1.241232	2.25715
8190	-530.666	-560.1347	29.46863	1.642135	3.160821
8196	-536.2272	-567.935	31.70772	2.684226	0.882077
8202	-530.0477	-562.2674	32.21979	2.184184	0.8680484
8208	-530.7358	-562.1844	31.44853	1.236568	2.190248
8214	-532.1337	-563.2309	31.09726	1.587834	2.190248
8220	-529.4706	-559.3688	29.89822	1.230101	3.150389
8226	-533.2479	-563.7628	30.51486	1.448659	2.645449
8232	-530.2844	-559.9625	29.67808	1.046578	3.388681
8238	-531.0507	-563.2836	32.23283	2.019414	1.02892
8244	-527.1487	-559.3401	32.19139	2.060853	1.02892
8250	-533.1949	-565.0925	31.89767	2.08112	1.27149
8256	-532.842	-563.9632	31.12117	2.677822	1.414781
8262	-531.3466	-562.801	31.45439	1.810661	1.802982
8268	-529.5445	-559.502	29.95741	1.20542	3.129867
8274	-531.6012	-562.6561	31.05496	1.20771	2.459414
8280	-527.4905	-558.165	30.67447	1.715784	2.379004
8286	-532.3128	-562.4433	30.13051	2.644695	2.131629
8292	-532.1455	-564.6462	32.5007	2.069064	0.6029279
8298	-545.3915	-577.0126	31.62102	1.928626	1.601406
8304	-542.8719	-572.9457	30.0738	1.097763	3.124673
8310	-535.858	-568.2039	32.34587	2.236115	0.5589158
8316	-537.6258	-569.4507	31.8249	2.501398	0.2195504
8322	-529.0112	-561.205	32.19381	2.393625	0.4780706
8328	-525.4864	-556.5119	31.02547	1.831727	2.077855
8334	-530.0306	-561.717	31.68641	2.253327	1.303411
8340	-536.5773	-567.4561	30.87878	3.060962	1.303411
8346	-535.2816	-563.4178	28.13613	2.051897	3.701089
8352	-530.6837	-561.2479	30.56423	1.483928	2.593146
8358	-531.9557	-562.1971	30.24141	1.806742	2.593146
8364	-533.7195	-561.804	28.08446	1.16152	4.240093
8370	-532.074	-564.1322	32.05822	2.015053	1.191948
8376	-536.74	-568.967	32.22706	1.991909	1.060826
8382	-535.1556	-566.4939	31.33832	1.394974	2.158954
8388	-537.0651	-566.6962	29.63111	1.663139	3.051478
8394	-535.0752	-565.469	30.39376	1.324394	2.795761
8400	-534.8418	-567.1875	32.34573	1.924133	1.011643
8406	-532.9532	-565.0706	32.11741	1.927609	1.216108
8412	-529.3575	-561.0814	31.72393	2.324382	1.213311
8418	-529.5566	-561.7767	32.22013	2.287922	0.7281165
8424	-530.2307	-562.666	32.43528	2.148396	0.5503429
8430	-526.1997	-557.8435	31.64378	1.71692	1.736322
8436	-526.4619	-558.866	32.40416	1.50959	1.324387
8442	-530.5903	-560.1452	29.55491	1.79681	3.017073
8448	-530.5417	-560.791	30.24926	1.188421	2.965462
8454	-533.2847	-564.6389	31.35426	1.550673	2.046349
8460	-535.0413	-566.4875	31.44618	1.555846	1.981769
8466	-535.4146	-566.2802	30.86567	1.942695	2.109936
8472	-538.4708	-570.7009	32.23012	1.699409	1.311676
8478	-544.3066	-575.1691	30.86249	1.719194	2.256957
8484	-532.3579	-563.9454	31.58756	1.702722	1.785496
8490	-531.0362	-562.4241	31.38791	1.902369	1.785496
8496	-527.1988	-558.7712	31.57241	1.560222	1.893753
8502	-526.4837	-557.7851	31.30143	2.20459	1.632983
8508	-523.8129	-555.969	32.15602	2.350415	0.3238826
8514	-527.0002	-559.0718	32.07161	1.349291	1.693836
8520	-527.7029	-560.0448	32.34196	1.968888	0.9702795
8526	-536.9484	-568.8547	31.90635	1.650745	1.595988
8532	-530.8103	-561.8053	30.99496	1.158865	2.527488
8538	-531.6916	-561.6059	29.91436	1.336747	3.077253
8544	-529.8474	-561.1265	31.27905	1.491316	2.13479
8550	-532.6402	-563.8172	31.17692	1.59344	2.13479
8556	-536.9094	-569.075	32.16559	1.852222	1.23906
8562	-533.9697	-566.3724	32.40269	1.718677	1.149978
8568	-534.6328	-566.7458	32.113	1.995282	1.161507
8574	-533.6518	-565.1113	31.45951	1.819241	1.793494
8580	-531.2231	-563.0388	31.8157	1.598891	1.698309
8586	-530.9711	-562.8217	31.85059	1.554572	1.704984
8592	-527.6264	-559.1522	31.52574	1.879421	1.704984
8598	-529.1532	-559.0473	29.89417	1.493173	2.995707
8604	-528.821	-559.4639	30.64283	1.305691	2.65469
8610	-530.4103	-562.2014	31.79111	1.712079	1.635023
8616	-529.1578	-560.8368	31.67902	1.282609	2.008722
8622	-531.1425	-560.2977	29.15519	1.085633	3.670547
8628	-528.9775	-558.9724	29.99491	1.871061	2.705435
8634	-532.4938	-563.1583	30.66442	1.201545	2.705435
8640	-526.9105	-557.3771	30.46668	1.455852	2.670694
8646	-526.0706	-557.0448	30.97426	1.331402	2.432396
8652	-526.1368	-555.3442	29.20744	1.204781	3.571116
8658	-529.0379	-560.0275	30.98957	1.219056	2.49327
8664	-533.3119	-564.2477	30.93587	1.772414	2.175205
8670	-538.7582	-570.3604	31.6022	2.427416	1.229137
8676	-530.6788	-561.9712	31.29234	2.235943	1.616901
8682	-528.623	-560.5731	31.95015	2.634994	0.4605721
8688	-530.983	-562.2201	31.23715	2.475243	1.480922
8694	-530.2469	-562.3457	32.09875	2.475243	0.419781
8700	-529.6459	-561.9699	32.32405	2.249945	0.419781
8706	-536.788	-568.576	31.78794	2.428079	1.063614
8712	-534.9588	-566.0722	31.11345	1.567356	2.193025
8718	-537.2363	-568.3652	31.12883	1.551984	2.193025
8724	-538.4689	-569.2221	30.75317	3.305703	0.144657
8730	-531.6785	-563.1472	31.46867	3.07489	0.3647872
8736	-532.7495	-564.699	31.94948	2.585915	0.6809743
8742	-535.1498	-567.1554	32.00561	2.567066	0.5940884
8748	-530.3993	-561.9378	31.53843	2.508375	1.214592
8754	-532.7224	-564.7697	32.04723	2.514105	0.392462
8760	-535.5515	-566.5433	30.99182	3.190578	0.1733404
8766	-536.4891	-567.6478	31.15873	3.190578	0.228899
8772	-535.963	-567.7085	31.7455	2.796799	0.3630956
8778	-539.1889	-570.7124	31.52348	3.055998	0.569919
8784	-535.515	-567.2914	31.77638	2.700216	0.2992478
8790	-531.1797	-563.3674	32.18766	2.396282	0.4541145
8796	-529.1384	-561.1427	32.00438	2.316247	0.9601377
8802	-527.1315	-558.1453	31.0138	2.451779	1.662013
8808	-522.8481	-554.8985	32.0504	2.476259	0.3442189
8814	-524.3998	-556.3833	31.98354	2.564726	0.655408
8820	-527.5857	-559.2175	31.63177	2.432339	1.199816
8826	-529.0019	-561.2187	32.21685	2.030345	1.033826
8832	-523.8931	-556.2802	32.38718	2.009983	0.8760252
8838	-522.967	-555.1368	32.1698	2.226527	0.8770059
8844	-527.0253	-559.3666	32.3413	2.030168	0.9053198
8850	-529.3458	-560.9662	31.62043	2.521222	1.131917
8856	-527.551	-558.7224	31.17137	2.333472	1.633831
8862	-526.4244	-556.8401	30.4157	2.101369	2.298351
8868	-527.08	-559.2457	32.16577	1.683739	1.375412
8874	-527.0932	-559.3419	32.2487	2.042985	0.9898363
8880	-529.907	-561.2237	31.31667	3.147051	0.7928933
8886	-534.0685	-566.1985	32.13001	2.435777	0.4010106
8892	-538.1232	-570.4089	32.28571	1.899441	1.092403
8898	-540.2844	-571.8281	31.54363	2.641522	1.092403
8904	-533.9634	-566.5444	32.58104	1.884565	0.7903324
8910	-537.0998	-566.8067	29.70691	2.45826	2.520412
8916	-535.2747	-567.3676	32.09288	1.769464	1.365302
8922	-525.4504	-557.3028	31.85246	1.537544	1.715699
8928	-532.0112	-563.6468	31.63566	1.998437	1.53945
8934	-529.1443	-561.7484	32.60407	1.865642	0.784715
8940	-527.6209	-560.0009	32.37995	1.981148	0.9168088
8946	-526.4193	-558.7061	32.28682	2.080579	0.9098464
8952	-532.4951	-564.7738	32.27867	2.185667	0.7920635
8958	-531.3257	-563.3044	31.97872	2.406521	0.8897722
8964	-533.5989	-565.0566	31.45775	2.108422	1.589374
8970	-529.7543	-561.5509	31.79656	2.196365	1.259807
8976	-532.2293	-563.979	31.74972	1.867807	1.551697
8982	-530.1452	-562.2912	32.14593	2.425939	0.5965959
8988	-524.3095	-556.1985	31.88898	2.698722	0.5193644
8994	-522.8797	-554.9152	32.03556	2.219659	1.026027
9000	-531.655	-561.4016	29.74662	1.025754	3.360674
9006	-533.9316	-564.9448	31.01317	1.423807	2.349372
9012	-534.437	-565.3362	30.89926	1.537724	2.349372
9018	-533.2022	-563.955	30.75279	1.68419	2.349372
9024	-526.8916	-558.2769	31.38532	1.351491	2.156665
9030	-542.8801	-569.5838	26.70367	1.187267	5.000044
9036	-541.5687	-570.3817	28.81297	0.9116263	3.967564
9042	-532.5582	-564.4194	31.86122	2.146429	1.247557
9048	-528.8169	-560.4114	31.59449	1.452158	1.951852
9054	-533.4404	-564.7419	31.30149	1.423881	2.164108
9060	-532.0627	-562.4476	30.38491	1.227964	2.859713
9066	-531.7833	-562.6295	30.84622	1.345056	2.504117
9072	-534.0817	-564.1527	30.07103	1.197731	3.066709
9078	-532.9745	-563.6228	30.64833	0.9873616	2.84588
9084	-530.6213	-559.8513	29.22993	0.901921	3.733541
9090	-538.905	-568.1096	29.20469	0.6984132	3.865248
9096	-531.5356	-560.7781	29.24245	1.126573	3.596217
9102	-531.5594	-562.5378	30.97846	1.465228	2.345109
9108	-532.8767	-565.0067	32.12992	1.727317	1.36933
9114	-531.041	-561.3492	30.30814	1.329865	2.844476
9120	-535.7406	-566.1974	30.45676	1.432679	2.691031
9126	-539.4444	-570.6114	31.167	1.650258	2.104103
9132	-530.79	-561.2116	30.42157	1.41039	2.726277
9138	-528.7209	-557.476	28.7551	1.043187	3.925375
9144	-533.3711	-560.5871	27.21601	1.180863	4.718051
9150	-535.4332	-565.1091	29.67589	1.160832	3.322837
9156	-531.1095	-560.4754	29.36586	1.470864	3.322837
9162	-528.6953	-560.0724	31.37705	1.271373	2.21397
9168	-534.1674	-561.796	27.62857	1.15667	4.500233
9174	-528.293	-559.6245	31.33156	1.667341	1.983858
9180	-537.0037	-569.2814	32.27776	2.291994	0.6029668
9186	-533.8306	-565.094	31.26336	2.253962	1.624827
9192	-532.6122	-564.087	31.47476	2.042566	1.624827
9198	-529.9897	-560.8441	30.85443	1.349445	2.496246
9204	-533.473	-563.1352	29.66222	2.279845	2.658669
9210	-531.5213	-560.7785	29.25722	1.34083	3.462804
9216	-528.8834	-559.1957	30.3123	1.20723	2.916156
9222	-535.9218	-565.5488	29.62702	1.406727	3.206505
9228	-533.4468	-563.746	30.29918	1.373784	2.823251
9234	-537.0854	-567.374	30.28864	1.663681	2.652353
9240	-539.1692	-569.2986	30.12941	1.822908	2.652353
9246	-542.3061	-573.6436	31.33744	1.972893	1.771549
9252	-527.7796	-558.63	30.85042	1.716812	2.266229
9258	-530.1812	-562.6689	32.48774	1.99341	0.7686644
9264	-532.4571	-564.5257	32.06855	1.756836	1.394285
9270	-532.419	-561.5793	29.16033	1.139774	3.636204
9276	-532.2366	-562.3649	30.12831	1.251239	3.000383
9282	-534.9981	-563.8552	28.85705	0.8478186	3.978852
9288	-530.6677	-560.9951	30.32735	1.585688	2.676527
9294	-531.0667	-562.8581	31.79141	2.58879	0.8955077
9300	-525.0956	-557.4623	32.36669	1.860387	1.053137
9306	-529.8999	-561.8643	31.96434	1.541176	1.633348
9312	-534.8932	-564.5329	29.63966	1.674668	3.039467
9318	-533.4373	-565.2414	31.8041	2.230997	1.224513
9324	-531.5754	-561.78	30.20456	2.590741	2.118491
9330	-536.4957	-568.8685	32.37284	2.104441	0.7741555
9336	-530.2438	-561.0264	30.78255	1.500745	2.446465
9342	-530.9188	-561.7522	30.83349	2.065852	2.050047
9348	-530.4546	-560.8094	30.35479	1.147387	2.926624
9354	-534.855	-565.1122	30.25721	1.544299	2.744905
9360	-534.4276	-563.6977	29.27012	1.051941	3.623472
9366	-533.835	-563.6884	29.85344	1.307657	3.130901
9372	-534.7975	-565.7347	30.93729	0.9729008	2.67828
9378	-531.5534	-561.4425	29.88916	1.129855	3.215229
9384	-528.4439	-560.0654	31.62156	1.565881	1.856382
9390	-532.3807	-563.666	31.28533	1.902108	1.856382
9396	-539.2798	-571.6547	32.37498	1.757529	1.140088
9402	-528.8339	-560.9773	32.14341	1.984918	1.143802
9408	-528.617	-559.6568	31.03983	1.848788	2.057139
9414	-533.5753	-562.9428	29.36755	1.118507	3.528149
9420	-535.3015	-564.441	29.1395	1.301599	3.554322
9426	-534.0201	-563.1785	29.15846	1.302091	3.543002
9432	-534.9147	-564.2013	29.28663	1.173917	3.543002
9438	-531.5036	-560.4425	28.93886	1.521691	3.543002
9444	-535.5205	-564.5018	28.9813	1.479243	3.543002
9450	-538.7331	-568.4794	29.74632	0.7142256	3.543002
9456	-535.0478	-564.7015	29.65376	1.187854	3.319955
9462	-535.4682	-564.4528	28.9846	1.764809	3.374158
9468	-532.6714	-561.9299	29.2585	1.490908	3.374158
9474	-529.4344	-561.3311	31.89664	2.621065	0.3347483
9480	-527.3193	-559.0377	31.71838	2.718154	0.2725436
9486	-526.1791	-558.5448	32.36572	2.157557	0.7028272
9492	-526.0328	-558.5385	32.50563	2.006405	0.7216967
9498	-528.7526	-560.6015	31.84884	2.263775	1.157698
9504	-532.819	-563.5396	30.72058	2.327029	1.951211
9510	-529.3419	-561.4235	32.0816	2.219456	0.9803221
9516	-524.3778	-556.496	32.11824	2.324682	0.8202645
9522	-534.3431	-566.1019	31.75879	1.884981	1.532284
9528	-528.6567	-560.1645	31.50782	2.135944	1.532284
9534	-528.0263	-558.5211	30.4948	1.798272	2.440318
9540	-538.3284	-567.5808	29.25236	1.703666	3.252484
9546	-538.9619	-569.1902	30.22837	1.682983	2.677567
9552	-532.5244	-564.9575	32.43312	1.943165	0.8999168
9558	-530.514	-561.6653	31.15125	2.997223	1.125795
9564	-533.7265	-565.313	31.58652	1.654709	1.81944
9570	-539.3559	-571.713	32.35711	1.775319	1.140161
9576	-539.2088	-571.0463	31.83752	1.652262	1.644665
9582	-530.5513	-562.3874	31.83609	1.653697	1.644665
9588	-530.8574	-563.2319	32.37445	2.155323	0.6913412
9594	-528.8462	-560.4241	31.57796	2.814644	0.2486692
9600	-527.4722	-558.7684	31.29623	1.542778	2.089826
9606	-524.6551	-555.5514	30.89636	1.362557	2.461768
9612	-521.8422	-554.1693	32.32709	1.728298	1.207278
9618	-525.8427	-558.0523	32.20958	1.985531	1.083184
9624	-531.4103	-563.5103	32.10006	2.122262	1.05765
9630	-538.3377	-568.1137	29.77597	1.761983	2.905033
9636	-538.3775	-568.5277	30.15023	1.387723	2.905033
9642	-533.2488	-562.8676	29.61878	2.115311	2.786058
9648	-530.1366	-561.2281	31.09158	1.611389	2.178659
9654	-529.1148	-560.2863	31.17153	1.809144	1.996033
9660	-529.673	-561.4781	31.80506	1.8852	1.497583
9666	-535.3464	-566.9123	31.56592	2.124341	1.497583
9672	-534.5657	-565.7322	31.16654	2.523722	1.497583
9678	-528.7719	-560.8352	32.06331	2.226845	0.9913855
9684	-530.8743	-563.1837	32.30942	2.018571	0.9524196
9690	-529.0525	-560.9699	31.91742	2.010751	1.31277
9696	-528.4429	-560.8017	32.35881	1.988167	0.9321926
9702	-533.9441	-566.1139	32.16977	1.97159	1.13218
9708	-532.1621	-563.8757	31.71359	2.329247	1.217957
9714	-534.6807	-565.1492	30.46844	2.218707	2.188918
9720	-528.2427	-558.9742	30.73145	1.955702	2.188918
9726	-531.2229	-562.0785	30.85552	1.831627	2.188918
9732	-530.4411	-561.0753	30.63422	2.275975	2.042865
9738	-535.6582	-567.0344	31.37616	2.087829	1.66315
9744	-536.325	-568.4078	32.08287	1.595615	1.50641
9750	-533.8089	-563.4973	29.68833	2.537125	2.482743
9756	-528.1866	-560.1478	31.96125	2.372758	0.946059
9762	-531.1812	-563.1943	32.01303	2.515174	0.6941534
9768	-534.5226	-566.524	32.00138	2.317984	0.9614444
9774	-532.9446	-564.8632	31.91863	2.632558	0.3756648
9780	-531.2302	-562.7882	31.55797	2.990743	0.3720023
9786	-533.3474	-565.2646	31.91724	2.571589	0.7575185
9792	-530.4377	-561.96	31.52227	2.079501	1.563302
9798	-525.7492	-557.7344	31.9852	1.616576	1.563302
9804	-530.9411	-561.8213	30.88022	1.806451	2.189229
9810	-527.5805	-558.1664	30.5859	2.360441	2.01889
9816	-526.9919	-557.9277	30.93579	2.115521	1.948721
9822	-527.8414	-559.6389	31.79751	2.378483	1.100822
9828	-532.0553	-563.7514	31.6961	2.025888	1.473676
9834	-532.7805	-564.3013	31.52084	2.163215	1.502241
9840	-533.7624	-565.6833	31.92095	1.88794	1.40711
9846	-530.0228	-561.129	31.10622	1.88794	1.987027
9852	-533.7667	-564.6059	30.8392	1.069908	2.678945
9858	-532.3532	-560.4438	28.09064	1.389222	4.107234
9864	-525.607	-558.0034	32.39647	1.855295	1.029389
9870	-525.225	-557.4257	32.20068	1.968016	1.107486
9876	-529.6757	-561.9144	32.23864	1.930053	1.107486
9882	-531.4884	-563.9442	32.45581	1.849635	0.9758315
9888	-531.1383	-563.1818	32.04355	1.787508	1.389861
9894	-532.0065	-563.836	31.82952	2.001537	1.389861
9900	-532.3716	-562.2534	29.88181	1.865472	2.778015
9906	-542.1471	-570.7058	28.55874	1.522804	3.762567
9912	-540.1368	-569.6588	29.52198	1.854133	3.002445
9918	-540.4128	-569.0698	28.65707	1.518183	3.708471
9924	-540.1651	-571.4538	31.28875	1.254199	2.281797
9930	-537.5373	-567.9322	30.39492	1.19281	2.87494
9936	-532.4784	-564.4083	31.92993	2.044733	1.274886
9942	-544.0242	-575.7369	31.71272	2.732757	0.8169719
9948	-541.4529	-572.6536	31.20069	2.047201	1.814845
9954	-539.2856	-571.3524	32.06677	2.462238	0.3468455
9960	-535.0252	-566.982	31.95681	1.979859	1.305903
9966	-538.7577	-571.0384	32.28065	1.728557	1.246257
9972	-533.9156	-563.5779	29.66225	2.391579	2.589633
9978	-528.2242	-559.2788	31.05469	1.853637	2.044105
9984	-534.0642	-564.545	30.48081	1.380381	2.708362
9990	-534.8851	-564.873	29.98789	1.928559	2.674434
9996	-532.8066	-562.9569	30.15026	1.15469	3.045074
10002	-533.2065	-563.6506	30.44408	1.366074	2.739624
10008	-531.6013	-561.9671	30.36585	1.444302	2.739624
10014	-532.8618	-565.1952	32.33344	2.034047	0.9097557
10020	-534.1928	-566.379	32.18614	2.384087	0.6015756
10026	-536.1662	-567.1627	30.99648	2.688411	1.50161
10032	-531.5775	-562.8946	31.31717	3.052831	0.9069589
10038	-534.9238	-566.2233	31.29947	3.282241	0.4442735
10044	-538.8313	-570.4614	31.6301	2.665869	0.9855049
10050	-535.5867	-566.2528	30.66611	2.670528	1.75319
10056	-530.569	-562.7358	32.16678	2.071922	1.042018
10062	-530.6226	-562.9976	32.37503	2.027259	0.8700239
10068	-527.8088	-560.0361	32.22732	2.039837	1.01432
10074	-527.2029	-559.6873	32.48442	1.979244	0.7929746
10080	-530.632	-561.6113	30.97934	1.815918	2.118518
10086	-527.9615	-560.231	32.26949	2.104996	0.9019447
10092	-533.5416	-565.8183	32.27677	2.31087	0.4803503
10098	-533.4791	-565.6318	32.15273	2.432916	0.4636195
10104	-537.3086	-569.1797	31.87112	1.980558	1.373708
10110	-537.1667	-565.8827	28.71596	2.047514	3.3659
10116	-540.9946	-571.0867	30.09218	1.572098	2.828529
10122	-533.9252	-564.2085	30.28333	1.380947	2.828529
10128	-531.5506	-561.4174	29.86686	1.32719	3.111279
10134	-534.7485	-566.7675	32.01899	2.051541	1.194304
10140	-530.5421	-562.749	32.20689	1.642749	1.375303
10146	-528.307	-560.4377	32.13068	2.00521	1.137068
10152	-528.6763	-559.9234	31.24705	1.436941	2.190963
10158	-522.1558	-553.6927	31.53691	1.360336	2.051432
10164	-529.2359	-559.1421	29.90623	1.788091	2.810268
10170	-524.0046	-554.9898	30.98521	1.287867	2.452884
10176	-532.3659	-563.4467	31.08086	1.192218	2.452884
10182	-524.5992	-555.5712	30.97197	1.301105	2.452884
10188	-524.2468	-555.234	30.98723	1.285845	2.452884
10194	-531.0772	-562.0826	31.00534	1.267734	2.452884
10200	-533.0384	-564.4225	31.38411	1.784678	1.869129
10206	-528.8787	-559.823	30.94433	2.492623	1.682435
10212	-527.5867	-559.2345	31.6478	2.042058	1.497887
10218	-529.9195	-559.7773	29.85779	1.982386	2.721246
10224	-525.4469	-555.4297	29.98287	1.399322	2.998795
10230	-525.5701	-555.3415	29.77139	1.610803	2.998795
10236	-529.1355	-559.4239	30.28838	1.048622	3.02589
10242	-533.1438	-565.0871	31.94339	1.746094	1.498165
10248	-528.0021	-559.5476	31.54553	2.560958	1.16308
10254	-527.2934	-559.6652	32.37178	1.914351	0.9954396
10260	-536.1494	-567.5861	31.43673	1.393721	2.095445
10266	-541.6862	-571.2348	29.54868	2.432139	2.634779
10272	-533.8168	-565.2266	31.40984	1.944403	1.740857
10278	-532.335	-563.6056	31.27055	2.396926	1.514636
10284	-543.6657	-574.7912	31.12542	2.906181	1.227462
10290	-531.5789	-563.4018	31.8229	2.240609	1.200329
10296	-533.3073	-564.9925	31.68522	2.492233	1.099477
10302	-532.7228	-564.1532	31.43037	1.785113	1.837156
10308	-537.9542	-569.0564	31.1022	3.37347	0.298558
10314	-526.3046	-557.2489	30.94431	1.65644	2.2447
10320	-529.6827	-561.6867	32.00402	2.491422	0.7476712
10326	-536.5357	-568.2451	31.70939	2.877979	0.5234216
10332	-533.7867	-565.6026	31.8159	2.450404	1.015162
10338	-533.8153	-563.8054	29.99016	1.501003	2.933265
10344	-531.0691	-562.5113	31.44211	2.438972	1.350471
10350	-531.401	-562.7408	31.33985	2.489761	1.390988
10356	-531.4696	-560.5418	29.07218	1.892524	3.247358
10362	-543.8484	-574.493	30.6446	2.304842	2.016834
10368	-538.793	-568.5789	29.78586	2.451267	2.475431
10374	-535.6745	-566.9421	31.26756	2.130145	1.71026
10380	-536.787	-565.1048	28.31785	1.686014	3.807318
10386	-530.8643	-562.6779	31.81361	1.677711	1.643559
10392	-533.4498	-563.8036	30.3538	2.625559	1.996911
10398	-535.1907	-563.4143	28.22367	1.832997	3.776908
10404	-535.7076	-563.7978	28.09011	1.312164	4.151373
10410	-538.3163	-566.7981	28.48183	1.877375	3.601918
10416	-534.7548	-566.8035	32.04878	2.352258	0.8715029
10422	-533.7155	-565.6562	31.94072	2.445685	0.8884424
10428	-531.2325	-561.8011	30.56856	2.021413	2.251629
10434	-527.6944	-559.1983	31.50384	1.473963	1.997947
10440	-532.9591	-565.1468	32.18766	1.46516	1.525562
10446	-529.2883	-560.8156	31.52729	1.430429	2.011323
10452	-531.4605	-563.0921	31.63162	1.807126	1.681159
10458	-526.3162	-557.3908	31.07462	1.979922	1.946544
10464	-532.3835	-564.3084	31.92491	2.128397	1.209054
10470	-533.1522	-563.9467	30.79441	1.216262	2.616338
10476	-527.5097	-557.8716	30.36196	1.648716	2.616338
10482	-528.153	-559.2484	31.09536	1.331352	2.355892
10488	-527.1381	-558.5923	31.45418	1.534294	1.990826
10494	-525.0775	-557.2695	32.19198	1.675623	1.361152
10500	-530.7905	-562.0506	31.26009	1.394875	2.209746
10506	-534.6094	-565.1703	30.56099	1.749035	2.429652
10512	-537.0735	-567.7822	30.70869	2.364294	1.934121
10518	-543.5777	-574.5738	30.99601	1.152533	2.530781
10524	-528.6843	-559.8426	31.15822	1.926562	1.926162
10530	-531.932	-562.6688	30.73678	2.348006	1.926162
10536	-541.3388	-571.2075	29.86871	1.639856	2.92277
10542	-532.8662	-560.4455	27.57935	0.8310533	4.710481
10548	-535.1306	-565.3132	30.18267	1.437269	2.855427
10554	-525.5934	-557.9276	32.33423	1.679638	1.242361
10560	-524.933	-556.7542	31.82121	2.19266	1.242361
10566	-527.8004	-558.8835	31.08314	1.850501	2.027324
10572	-532.3555	-564.8124	32.4569	2.117638	0.5880195
10578	-534.9678	-564.2494	29.28166	2.337378	2.855979
10584	-527.6403	-559.2368	31.59657	2.052526	1.528329
10590	-526.6642	-556.8272	30.16297	1.862711	2.607057
10596	-529.5883	-560.8217	31.23343	2.251555	1.648113
10602	-530.5716	-562.8519	32.28034	1.722035	1.251954
10608	-528.6022	-560.3509	31.74871	1.808031	1.596248
10614	-536.1695	-567.7592	31.58974	1.722032	1.770543
10620	-535.478	-566.4716	30.99361	1.736029	2.161332
10626	-531.4985	-563.018	31.51947	1.878137	1.710325
10632	-527.9396	-559.9309	31.99126	1.814382	1.409633
10638	-530.5262	-562.4845	31.95836	2.19241	1.123727
10644	-531.1435	-563.257	32.11351	2.084774	1.080235
10650	-534.798	-566.9411	32.14308	1.760414	1.332607
10656	-536.6434	-568.0149	31.37158	1.872468	1.81749
10662	-543.7874	-574.8156	31.02815	1.811558	2.089362
10668	-542.7581	-573.7331	30.97509	2.291296	1.802062
10674	-539.1487	-570.7403	31.59169	1.801517	1.713434
10680	-540.7822	-570.1532	29.37104	1.385173	3.370162
10686	-536.3687	-564.845	28.47637	1.097295	4.053778
10692	-537.8316	-565.6697	27.83812	1.735553	4.053778
10698	-529.6339	-560.8567	31.2228	1.830058	1.947675
10704	-529.4645	-560.9063	31.44172	1.746011	1.856183
10710	-526.6077	-558.4413	31.83358	1.354157	1.856183
10716	-527.8768	-559.0029	31.1261	1.196881	2.421492
10722	-528.3328	-559.4169	31.08415	1.474208	2.271922
10728	-531.1728	-561.2921	30.11932	1.278986	2.989128
10734	-524.8246	-556.1266	31.30201	1.515125	2.104188
10740	-532.9854	-563.6449	30.65942	1.683223	2.409094
10746	-533.6998	-564.8202	31.12041	1.860839	1.995649
10752	-531.2211	-562.4078	31.18671	1.405366	2.25028
10758	-530.7587	-561.9589	31.20016	1.269392	2.328656
10764	-532.6352	-563.3771	30.74195	1.008015	2.776382
10770	-537.3255	-567.9294	30.60385	1.146107	2.776382
10776	-534.9185	-566.9774	32.05888	1.65875	1.476968
10782	-533.8522	-564.7578	30.90569	1.711798	2.233926
10788	-533.5013	-560.5895	27.08817	1.127083	4.819495
10794	-536.3747	-564.5049	28.13021	0.90226	4.360893
10800	-534.1719	-562.892	28.7201	0.9556411	3.9955
10806	-533.5061	-563.8417	30.33561	1.295794	2.848476
10812	-538.2429	-568.5277	30.28474	1.346669	2.848476
10818	-534.6874	-564.4211	29.73372	1.481946	3.098395
10824	-535.0759	-566.8458	31.7699	1.214911	1.993272
10830	-536.7159	-567.5563	30.84032	1.474188	2.426825
10836	-536.9349	-567.4523	30.51734	1.576416	2.564865
10842	-536.8972	-567.5728	30.6756	1.418149	2.564865
10848	-537.6587	-568.2728	30.61405	1.479706	2.564865
10854	-539.183	-570.4981	31.31512	1.205902	2.295825
10860	-543.9436	-574.6467	30.70313	1.007751	2.800194
10866	-540.3026	-571.1646	30.862	1.240746	2.559277
10872	-536.8476	-565.9813	29.13372	0.7816222	3.85822
10878	-536.8271	-565.3845	28.55742	1.156105	3.973901
10884	-535.3644	-565.7063	30.34189	1.375866	2.796008
10890	-534.9178	-565.0418	30.12406	1.593691	2.796008
10896	-537.9141	-568.0829	30.16881	1.394476	2.889723
10902	-533.4599	-563.0358	29.57584	0.5853058	3.716621
10908	-526.1915	-555.4937	29.30224	0.8589042	3.716621
10914	-532.4558	-563.0183	30.56252	1.881238	2.345065
10920	-532.1951	-563.5273	31.33225	1.443705	2.131138
10926	-536.7233	-567.1033	30.38	2.284117	2.203825
10932	-536.0917	-565.4761	29.38441	1.901111	3.056695
10938	-533.3011	-562.9257	29.62462	1.6609	3.056695
10944	-536.39	-567.8641	31.47407	1.725929	1.847779
10950	-536.6687	-569.0042	32.33545	1.445587	1.428623
10956	-525.2135	-557.3315	32.11804	1.863588	1.269143
10962	-529.6455	-561.943	32.29752	2.163774	0.7961754
10968	-526.6828	-558.8492	32.1664	2.410147	0.5811051
10974	-526.6707	-559.0307	32.35995	2.216593	0.5811051
10980	-546.6549	-574.5549	27.9	1.103597	4.377195
10986	-541.6228	-573.5897	31.96695	2.238856	1.073218
10992	-532.5722	-564.2505	31.67833	2.858295	0.3558464
10998	-534.3738	-565.5948	31.22094	3.044757	0.1978727
11004	-541.7582	-569.7378	27.9796	0.7081822	4.555011
11010	-534.9995	-563.5334	28.53393	0.736762	4.22608
11016	-541.6701	-571.8743	30.20418	0.9684202	3.124054
11022	-535.0925	-566.6519	31.55939	2.259736	1.399165
11028	-525.7323	-556.8852	31.15282	2.181508	1.754805
11034	-531.5861	-561.9427	30.35667	2.399893	2.143795
11040	-528.2098	-560.2852	32.07538	1.985129	1.202898
11046	-528.6568	-560.513	31.85621	2.732182	0.4957281
11052	-527.0665	-558.7402	31.67371	2.89249	0.4018497
11058	-525.5468	-557.0538	31.50699	2.89249	0.2521186
11064	-529.5738	-561.2057	31.63191	2.849747	0.3030822
11070	-531.0952	-562.6379	31.54263	2.841957	0.2447649
11076	-531.8846	-562.9228	31.03817	3.34642	0.2447649
11082	-532.4029	-564.8569	32.45403	2.043047	0.7451888
11088	-532.148	-564.1169	31.96888	2.107661	1.18913
11094	-532.1214	-564.2709	32.14953	2.297936	0.8144138
11100	-533.3436	-562.9966	29.653	1.850124	2.926052
11106	-533.3151	-564.4244	31.10929	1.995475	1.912653
11112	-524.5187	-556.1198	31.60105	1.564131	1.871594
11118	-529.7612	-561.6182	31.85699	1.620837	1.653241
11124	-532.988	-561.8824	28.89435	1.501133	3.580846
11130	-532.7188	-562.0927	29.37391	1.021577	3.580846
11136	-533.347	-562.8377	29.49072	0.845025	3.615538
11142	-534.1695	-566.1956	32.02613	1.976574	1.251679
11148	-533.0841	-565.5242	32.44012	2.019971	0.7977778
11154	-527.6576	-560.07	32.41239	2.144955	0.6352489
11160	-532.9513	-564.7683	31.81699	2.747767	0.6168205
11166	-529.3182	-561.5887	32.27054	2.315447	0.5357309
11172	-533.8548	-564.617	30.76225	2.315447	1.930944
11178	-536.4983	-564.2432	27.74492	1.187141	4.417551
11184	-537.5076	-565.0436	27.53601	1.396049	4.417551
11190	-532.6722	-564.3638	31.69162	2.497571	1.088668
11196	-532.247	-563.8858	31.63877	2.016085	1.524045
11202	-530.7292	-562.8327	32.10345	2.109528	1.066485
11208	-533.4207	-564.2617	30.84104	1.834331	2.196547
11214	-536.0257	-568.3542	32.32851	1.985489	0.9670229
11220	-532.8407	-564.6427	31.80198	1.854584	1.522775
11226	-535.0686	-566.3393	31.2707	2.26914	1.608531
11232	-539.9927	-572.2055	32.2128	1.961707	1.102175
11238	-546.388	-577.4781	31.09004	2.146344	1.82278
11244	-537.147	-568.4996	31.35259	2.735666	1.178987
11250	-535.7778	-566.9109	31.13314	3.332423	0.7904017
11256	-528.59	-560.3368	31.74685	2.200144	1.297516
11262	-536.0348	-567.6058	31.57098	2.376012	1.297516
11268	-538.9926	-570.2323	31.23968	2.179454	1.695087
11274	-536.7498	-569.0937	32.34387	2.210642	0.6417665
11280	-538.2394	-570.5962	32.35685	2.202275	0.630998
11286	-540.4823	-572.4252	31.94285	2.587545	0.6902114
11292	-539.4387	-571.454	32.01526	1.76106	1.432253
11298	-539.2305	-571.5056	32.27509	2.22458	0.7412349
11304	-535.4136	-566.946	31.5324	1.215806	2.149243
11310	-538.0339	-566.6626	28.62869	1.488379	3.742071
11316	-536.5156	-568.2771	31.76151	1.908886	1.51246
11322	-533.6419	-564.3781	30.73614	1.889644	2.228576
11328	-532.9028	-563.4964	30.5936	1.316191	2.678528
11334	-531.7665	-564.2573	32.49074	1.976635	0.7879173
11340	-528.7382	-560.2555	31.51736	1.600422	1.90383
11346	-529.116	-561.3727	32.25667	2.064396	0.9596709
11352	-532.3517	-564.2267	31.87503	1.362968	1.821668
11358	-529.1252	-561.409	32.28384	1.974864	1.022617
11364	-527.5165	-556.995	29.47841	1.803002	3.059151
11370	-530.8349	-560.5238	29.68895	1.599873	3.05472
11376	-527.4828	-556.7446	29.2618	1.590843	3.313462
11382	-532.593	-563.9024	31.30943	1.459956	2.135432
11388	-532.4991	-563.9072	31.40803	1.361347	2.135432
11394	-537.9207	-568.7933	30.87261	1.345962	2.487049
11400	-530.9614	-563.2322	32.27078	1.348712	1.550247
11406	-524.5009	-556.8385	32.33753	2.024848	0.9154005
11412	-530.4058	-562.7942	32.38841	1.824824	1.066236
11418	-525.7309	-557.401	31.67011	1.668152	1.75205
11424	-521.2521	-553.4506	32.19849	1.670789	1.359824
11430	-528.3709	-558.1866	29.81574	1.640391	2.954364
11436	-525.8506	-558.0426	32.19209	2.141898	0.9460829
11442	-529.3997	-560.1743	30.77466	3.806869	0.443553
11448	-528.1474	-560.3339	32.18653	2.050764	1.043367
11454	-527.5909	-559.8782	32.28728	2.218548	0.7316493
11460	-530.2092	-560.3255	30.11627	1.321506	2.965407
11466	-535.2661	-566.1596	30.89358	1.10099	2.626292
11472	-532.4863	-563.5871	31.10076	1.885734	1.992148
11478	-530.3234	-561.085	30.76163	2.224868	1.992148
11484	-532.8981	-560.4659	27.56775	1.003938	4.620158
11490	-536.7134	-568.4109	31.69743	2.853202	0.6503393
11496	-531.9087	-563.8244	31.91565	2.529015	0.8180167
11502	-527.4233	-559.7051	32.28184	2.162831	0.8180167
11508	-529.7237	-560.3148	30.59111	2.038353	2.226207
11514	-531.0408	-562.411	31.3702	2.170766	1.607713
11520	-525.9436	-557.8486	31.90501	2.536836	0.8216394
11526	-528.457	-559.2122	30.75517	1.490059	2.470352
11532	-527.3571	-558.133	30.77595	1.469281	2.470352
11538	-527.0834	-558.6131	31.52968	1.581036	1.908618
11544	-529.7753	-560.7416	30.96628	1.45245	2.360956
11550	-528.3516	-559.0647	30.71305	1.705677	2.360956
11556	-531.1222	-563.0438	31.92154	1.54984	1.657863
11562	-531.4312	-562.5422	31.11098	1.554896	2.202689
11568	-529.0901	-560.3901	31.30009	1.428255	2.162175
11574	-524.2491	-555.8421	31.59297	1.135369	2.162175
11580	-541.3421	-573.0639	31.72182	1.006526	2.162175
11586	-534.1561	-566.6315	32.47539	2.031008	0.730741
11592	-531.9786	-564.2497	32.27107	2.252878	0.7016637
11598	-526.6308	-559.2706	32.63983	1.884115	0.7016637
11604	-532.2387	-564.2885	32.04981	2.327233	0.8990686
11610	-533.2664	-565.1096	31.8432	1.939202	1.427577
11616	-532.9382	-563.3922	30.45398	1.698904	2.528076
11622	-535.7524	-566.6234	30.87105	2.418056	1.786309
11628	-539.2384	-571.0406	31.80213	2.71619	0.7112909
11634	-538.0572	-569.7695	31.71235	2.773237	0.7622657
11640	-533.2234	-565.687	32.46353	2.112496	0.5829505
11646	-534.0131	-565.2269	31.21383	2.036856	1.812912
11652	-536.0864	-567.6308	31.54447	1.93952	1.648825
11658	-536.4668	-568.9353	32.46857	1.841371	0.971218
11664	-532.6154	-562.2805	29.66519	1.425248	3.172892
11670	-534.5636	-562.4263	27.86266	1.25455	4.313002
11676	-531.3668	-559.3282	27.96134	1.155865	4.313002
11682	-529.3272	-559.489	30.16176	1.323349	2.93691
11688	-534.0211	-561.0151	26.99394	0.834745	5.034613
11694	-533.3021	-562.2674	28.96528	0.8100143	3.938547
11700	-527.6684	-558.3322	30.66379	1.578487	2.472205
11706	-529.9263	-562.2791	32.35287	1.389218	1.458418
11712	-535.0656	-565.5786	30.51297	1.488371	2.622107
11718	-539.35	-570.2219	30.8719	1.092039	2.645188
11724	-542.2932	-568.4911	26.19791	0.6022668	5.602285
11730	-541.3527	-573.243	31.89029	1.57725	1.660612
11736	-535.3403	-563.9115	28.57121	1.738581	3.630593
11742	-529.6026	-562.0237	32.42107	1.693747	1.155753
11748	-537.0772	-568.651	31.57377	2.641056	1.064744
11754	-534.0155	-566.3681	32.35253	1.970977	0.957128
11760	-526.7185	-557.2494	30.53089	1.415529	2.655987
11766	-529.9785	-560.9486	30.97014	1.674269	2.216566
11772	-532.7364	-562.6895	29.95317	1.275743	3.090498
11778	-528.0572	-559.2572	31.20003	1.417917	2.233627
11784	-527.5077	-559.8226	32.31489	1.790747	1.163827
11790	-524.6837	-556.3096	31.62589	1.422604	1.95061
11796	-530.6409	-562.9274	32.28656	2.284748	0.5983119
11802	-531.3642	-563.4909	32.12667	2.284748	0.8592022
11808	-530.0206	-561.845	31.82434	2.702455	0.344366
11814	-534.958	-566.214	31.25607	1.919796	1.864296
11820	-536.7805	-567.8501	31.06956	2.510436	1.579269
11826	-531.649	-563.7486	32.09964	1.69852	1.41542
11832	-536.8518	-568.6132	31.76139	2.228609	1.262225
11838	-539.4972	-571.6244	32.12728	2.245496	0.9038537
11844	-525.8868	-557.7445	31.85767	1.832927	1.497328
11850	-524.0556	-555.6602	31.60458	2.057486	1.518673
11856	-525.5404	-557.2995	31.75913	1.418548	1.863059
11862	-530.4193	-559.2871	28.86783	1.509399	3.59145
11868	-530.3967	-559.2111	28.81436	0.925728	3.958703
11874	-532.8644	-563.4316	30.56717	0.976249	2.901734
11880	-532.8014	-561.2229	28.42146	1.522318	3.841877
11886	-537.5152	-567.3257	29.81052	1.256261	3.186924
11892	-537.1589	-566.9694	29.81052	1.256261	3.186924
11898	-529.1466	-560.6413	31.49461	1.434448	2.030366
11904	-526.2878	-557.2849	30.99716	1.183858	2.510524
11910	-529.6696	-561.0984	31.42884	1.474229	2.047587
11916	-533.0831	-561.9398	28.85668	1.556731	3.570426
11922	-531.9516	-562.3623	30.4107	1.384812	2.748575
11928	-533.3404	-563.6717	30.33135	2.489114	2.101998
11934	-529.8335	-562.0481	32.21463	2.074871	0.9920413
11940	-532.3255	-564.9128	32.58728	1.824234	0.8590903
11946	-532.9809	-564.5434	31.56255	1.416768	1.996935
11952	-533.4116	-563.87	30.45846	1.891861	2.404249
11958	-537.6265	-569.418	31.79145	1.577908	1.730241
11964	-538.3233	-565.4716	27.14826	1.222905	4.732426
11970	-535.3918	-562.9286	27.53672	0.8344424	4.732426
11976	-537.0996	-564.7823	27.68272	0.6884386	4.732426
11982	-530.5543	-559.8722	29.31787	1.433458	3.373028
11988	-533.3863	-563.318	29.93168	2.01481	2.655941
11994	-531.8434	-563.4508	31.60744	2.980238	0.4808201
12000	-526.8929	-558.9176	32.02479	2.517059	0.6685125
12006	-525.834	-558.0174	32.1834	2.404597	0.5148917
12012	-527.444	-559.7086	32.26456	2.323431	0.5148917
12018	-531.516	-561.1874	29.67135	2.206146	2.698361
12024	-533.8896	-563.9542	30.06455	1.812949	2.698361
12030	-529.9967	-561.7191	31.72242	1.683152	1.704692
12036	-530.0544	-561.9949	31.94048	1.793528	1.464562
12042	-533.0406	-563.3929	30.35232	2.216691	2.265087
12048	-537.2914	-569.1365	31.8451	2.209548	1.207912
12054	-530.6648	-560.6276	29.96276	0.9763137	3.262495
12060	-530.4298	-560.2125	29.78271	1.156363	3.262495
12066	-526.346	-558.1725	31.82647	1.30177	1.896735
12072	-528.0748	-560.3063	32.23142	1.62598	1.369202
12078	-530.8785	-562.705	31.82646	2.030941	1.369202
12084	-528.352	-559.4012	31.04926	1.405515	2.338063
12090	-533.4921	-564.3866	30.89456	1.748896	2.217177
12096	-534.0573	-564.7184	30.66115	1.683339	2.407925
12102	-527.9174	-559.4087	31.49138	1.156927	2.214047
12108	-525.0551	-556.4275	31.37241	1.474064	2.084913
12114	-527.7635	-560.0598	32.2963	1.378111	1.509458
12120	-527.7848	-559.8888	32.10401	1.442521	1.603672
12126	-528.746	-561.3662	32.62025	1.688256	0.9726884
12132	-529.4418	-561.0822	31.6404	1.668918	1.772257
12138	-531.1184	-561.9576	30.83924	1.841861	2.192834
12144	-536.5885	-568.2225	31.63401	1.827139	1.665177
12150	-539.2458	-570.5965	31.3507	1.21261	2.268744
12156	-538.278	-567.2101	28.93211	1.089536	3.797079
12162	-537.3335	-567.5825	30.24902	1.675282	2.669602
12168	-539.8099	-567.8082	27.99834	1.003391	4.378249
12174	-538.3365	-569.3773	31.04082	1.522448	2.268775
12180	-534.6182	-566.1326	31.51439	1.314478	2.096483
12186	-535.7954	-567.4597	31.66425	1.913368	1.58101
12192	-535.6088	-567.8684	32.25956	1.571428	1.389913
12198	-538.0232	-568.1649	30.14165	1.230786	3.004652
12204	-538.7791	-569.5596	30.78041	1.540805	2.422599
12210	-533.4856	-565.3471	31.86155	1.293984	1.878168
12216	-535.5545	-565.1182	29.5637	1.790469	3.015605
12222	-532.4779	-564.2013	31.72339	1.514881	1.821475
12228	-532.7438	-564.4741	31.7303	1.860295	1.571511
12234	-534.1085	-566.3078	32.19931	1.954381	1.121091
12240	-529.1186	-560.6172	31.49859	2.348882	1.377006
12246	-525.3329	-557.1418	31.80896	2.012653	1.397229
12252	-526.9552	-559.2842	32.32903	2.236155	0.6156851
12258	-526.5464	-558.7147	32.16829	2.33147	0.7410888
12264	-526.6338	-558.9556	32.32183	2.257885	0.568957
12270	-530.3969	-560.5108	30.11387	1.497554	2.86059
12276	-530.6167	-561.6163	30.99961	1.512724	2.301372
12282	-532.3722	-563.5191	31.14689	1.36545	2.301372
12288	-535.8324	-566.6637	30.83125	1.681092	2.301372
12294	-536.4362	-568.2307	31.79446	2.079281	1.356299
12300	-530.3424	-562.7557	32.41328	1.460455	1.356299
12306	-527.144	-558.0488	30.90477	1.492651	2.374464
12312	-526.6957	-558.5422	31.84645	1.566602	1.699399
12318	-533.2778	-564.8228	31.54494	1.868114	1.699399
12324	-534.66	-564.5111	29.85109	1.251712	3.165551
12330	-545.6577	-574.1877	28.53004	1.705924	3.673357
12336	-531.9262	-563.1653	31.23906	1.337025	2.260548
12342	-532.1792	-563.4782	31.299	1.590228	2.056737
12348	-533.3305	-565.4149	32.08446	1.277214	1.735641
12354	-529.9198	-561.2542	31.33438	1.534274	2.070313
12360	-535.3368	-567.4205	32.08376	1.976513	1.203107
12366	-532.6935	-563.2619	30.56836	1.374262	2.658325
12372	-535.3201	-564.324	29.00387	1.504959	3.514878
12378	-532.5495	-563.549	30.99953	1.590436	2.251635
12384	-534.7313	-565.525	30.79365	2.123154	2.038494
12390	-546.9525	-575.194	28.24154	1.621281	3.888373
12396	-543.0573	-573.9961	30.93881	1.57121	2.302854
12402	-537.9644	-570.0109	32.04646	2.478336	0.7001821
12408	-533.0544	-564.6437	31.5893	2.066075	1.523656
12414	-529.5879	-561.3208	31.73287	1.922511	1.523656
12420	-528.421	-559.5454	31.12438	1.639849	2.138797
12426	-525.3632	-556.2914	30.9281	1.83612	2.138797
12432	-528.3945	-559.3268	30.93225	1.66502	2.246939
12438	-527.1282	-558.1653	31.03708	1.560182	2.246939
12444	-531.1154	-559.1673	28.05186	1.541435	4.042581
12450	-530.682	-559.3045	28.62252	1.713412	3.615425
12456	-531.4618	-562.5035	31.04164	2.773754	1.402064
12462	-536.3072	-568.9057	32.59845	1.639969	1.04229
12468	-533.0914	-564.5741	31.48275	2.190754	1.510136
12474	-530.4218	-561.8552	31.43339	1.571364	1.979943
12480	-525.8049	-556.3101	30.5052	1.373132	2.697852
12486	-527.6741	-559.8841	32.20994	1.780936	1.261504
12492	-532.1351	-562.3048	30.16967	1.866393	2.600637
12498	-535.9229	-567.642	31.71917	1.757337	1.654191
12504	-530.6805	-563.262	32.5815	1.847025	0.8383835
12510	-530.9035	-563.1721	32.26852	2.160014	0.8383835
12516	-533.9852	-565.6658	31.68053	2.646466	0.953461
12522	-532.1736	-564.726	32.55246	1.899226	0.8089164
12528	-534.4356	-564.2349	29.7993	2.061819	2.708412
12534	-537.0717	-565.9004	28.8287	1.157438	3.817522
12540	-536.6575	-565.4515	28.79398	1.510916	3.633429
12546	-536.0689	-565.2006	29.13173	1.173164	3.633429
12552	-531.0519	-560.1087	29.05672	0.5589629	4.029805
12558	-536.3954	-565.311	28.91561	0.7883909	3.979349
12564	-532.0845	-563.5645	31.47995	1.455922	2.025845
12570	-536.4308	-565.0304	28.5996	0.8637523	4.11663
12576	-534.4368	-561.5303	27.0935	0.9667405	4.905883
12582	-529.5651	-560.1595	30.59446	1.114555	2.801327
12588	-535.8461	-567.3001	31.45393	1.279467	2.158883
12594	-535.5691	-566.3262	30.75711	1.385774	2.534308
12600	-535.5673	-567.1598	31.59246	1.51096	1.91356
12606	-540.9224	-570.5007	29.57828	1.533529	3.160199
12612	-544.5541	-573.6114	29.05728	1.143799	3.693539
12618	-541.0097	-569.8068	28.79705	1.404034	3.693539
12624	-537.8753	-566.7748	28.89955	1.316016	3.685162
12630	-543.4087	-572.9591	29.55032	0.7111057	3.658618
12636	-544.7488	-574.1399	29.39109	1.25733	3.433345
12642	-542.7347	-572.7952	30.06054	1.098008	3.132414
12648	-544.1021	-571.3859	27.28379	0.6527187	4.974716
12654	-543.1419	-570.6806	27.53867	0.3978417	4.974716
12660	-540.226	-567.1949	26.96894	0.4171001	5.279701
12666	-539.9321	-567.3186	27.38649	0.4283847	5.042279
12672	-537.431	-565.0623	27.6313	0.3263281	4.962975
12678	-536.6015	-564.2354	27.63393	0.4100997	4.914912
12684	-543.6025	-571.2287	27.62618	0.4178481	4.914912
12690	-541.1605	-570.1603	28.9998	0.1981904	4.267284
12696	-540.045	-568.4762	28.43113	0.7668516	4.267284
12702	-540.6176	-570.8778	30.26023	1.032774	3.052219
12708	-538.9062	-569.4042	30.49806	0.8121948	3.041902
12714	-535.4147	-565.8454	30.43069	0.8795649	3.041902
12720	-534.5799	-561.4232	26.84331	0.5833353	5.257274
12726	-540.3513	-569.9883	29.63704	0.8413441	3.532615
12732	-538.3919	-565.4031	27.01112	0.9922738	4.937522
12738	-533.6874	-563.1742	29.48678	0.7356344	3.681199
12744	-532.6545	-563.3003	30.64578	1.088716	2.78581
12750	-535.225	-565.8708	30.64578	1.088716	2.78581
12756	-528.8348	-559.6847	30.84996	0.8845369	2.78581
12762	-528.4068	-559.0472	30.64043	1.094063	2.78581
12768	-530.3665	-561.3195	30.95297	0.781528	2.78581
12774	-529.2655	-559.3037	30.03824	0.8677684	3.282014
12780	-538.9054	-570.1928	31.28737	1.731221	1.970682
12786	-536.6884	-568.6671	31.97873	1.655133	1.539626
12792	-534.2589	-564.5321	30.27317	1.297126	2.885489
12798	-539.6864	-567.9824	28.29605	0.7887862	4.331302
12804	-533.1474	-562.0877	28.94024	0.5635792	4.093587
12810	-529.1627	-557.9813	28.81861	0.6852091	4.093587
12816	-530.4994	-560.8609	30.36154	0.9644603	3.03248
12822	-536.5018	-565.8729	29.37112	1.235341	3.457886
12828	-535.1103	-565.2612	30.15087	0.968994	3.155413
12834	-538.707	-565.8423	27.13534	0.968994	4.88133
12840	-540.2846	-570.6548	30.37024	1.306028	2.821241
12846	-547.6514	-578.5264	30.87498	1.275502	2.529575
12852	-537.4423	-569.4376	31.99536	1.973771	1.279434
12858	-532.1798	-563.1487	30.96897	1.358345	2.418756
12864	-533.5256	-562.9266	29.40097	0.9683911	3.596019
12870	-531.9081	-562.1913	30.28323	1.314326	2.868991
12876	-534.3516	-564.9824	30.63077	1.610593	2.472776
12882	-530.7997	-563.0383	32.23857	2.338617	0.4287348
12888	-535.9419	-566.4785	30.53658	2.338617	2.065993
12894	-533.0213	-563.4689	30.44759	1.924205	2.390682
12900	-532.6322	-564.7287	32.09643	2.336648	0.8327257
12906	-528.9819	-557.8543	28.87239	1.485159	3.602879
12912	-530.4312	-561.1822	30.75105	1.451348	2.497165
12918	-529.9328	-560.5259	30.59314	1.388138	2.634494
12924	-532.5178	-563.8533	31.33556	1.281287	2.234335
12930	-531.3689	-559.407	28.03811	0.6262801	4.568148
12936	-536.0452	-565.0352	28.98991	0.9734316	3.830634
12942	-536.9166	-565.9469	29.03028	1.012869	3.784694
12948	-532.3423	-561.613	29.27064	0.7639037	3.789656
12954	-529.0088	-559.2289	30.2201	0.8185421	3.203604
12960	-529.4358	-558.3554	28.91963	0.8272806	3.954796
12966	-532.021	-563.2825	31.26147	1.052111	2.427407
12972	-539.7485	-569.7285	29.98	1.406092	2.99646
12978	-538.8564	-570.0772	31.22086	1.693735	2.039953
12984	-536.3858	-568.2914	31.90558	2.617978	0.7023463
12990	-540.5853	-572.2861	31.70075	2.800076	0.739449
12996	-536.8084	-568.9649	32.15648	1.88955	1.215243
13002	-534.8399	-565.8391	30.99921	1.832459	2.094649
13008	-532.4502	-564.4036	31.95339	1.604819	1.595172
13014	-534.7813	-566.6293	31.84801	1.674736	1.620909
13020	-537.6575	-568.5298	30.87226	1.641724	2.300322
13026	-542.1073	-573.023	30.91571	1.34115	2.463063
13032	-540.9208	-572.8702	31.94947	1.495256	1.676899
13038	-541.8054	-574.3016	32.49617	1.405934	1.333725
13044	-536.3383	-568.8168	32.4785	2.082054	0.6275178
13050	-531.7802	-564.5847	32.8045	1.421669	1.054001
13056	-533.2836	-565.47	32.18642	1.25191	1.681452
13062	-537.6067	-568.7698	31.16309	1.172244	2.413704
13068	-531.7669	-562.6521	30.88515	1.295353	2.510848
13074	-527.8755	-557.1952	29.31973	1.144167	3.54105
13080	-536.0687	-564.7653	28.69664	0.8830601	4.050338
13086	-530.6318	-560.2814	29.64959	1.729294	3.000785
13092	-532.0209	-562.9961	30.97523	2.514489	1.644708
13098	-525.6475	-556.0468	30.39933	2.200873	2.245047
13104	-524.8621	-557.3038	32.44174	1.877034	0.9620612
13110	-528.2428	-558.9368	30.69397	1.609469	2.433794
13116	-531.7526	-562.2582	30.50553	1.56584	2.578757
13122	-532.2183	-559.4045	27.1862	1.149429	4.752287
13128	-533.3078	-562.7754	29.46754	1.588879	3.193072
13134	-535.0435	-566.7517	31.70818	1.749145	1.667908
13140	-535.9054	-565.4116	29.50621	1.511869	3.215785
13146	-537.7019	-567.1963	29.49443	1.523647	3.215785
13152	-527.9365	-558.3933	30.45685	2.168188	2.229059
13158	-534.4552	-564.6449	30.18966	2.186877	2.38768
13164	-528.7915	-560.6465	31.85496	2.728776	0.5500124
13170	-531.0783	-562.9215	31.84322	2.259311	1.16655
13176	-535.5731	-565.6494	30.07629	1.896156	2.639944
13182	-532.8971	-564.5953	31.69828	1.490718	1.855319
13188	-530.3567	-562.5475	32.19075	1.48612	1.507621
13194	-533.888	-565.4477	31.55965	1.90323	1.663941
13200	-537.302	-568.1318	30.82983	1.90323	2.159103
13206	-546.3551	-574.2648	27.90967	2.028242	3.845253
13212	-546.4255	-578.512	32.08655	2.499494	0.4662798
13218	-540.3139	-572.2906	31.97667	2.499494	0.2989225
13224	-535.6103	-567.3986	31.78828	2.044107	1.388819
13230	-529.8923	-561.8878	31.99548	2.498962	0.3133504
13236	-529.1706	-561.2578	32.08721	2.495645	0.5546648
13242	-530.1129	-561.8631	31.75022	2.258039	1.247048
13248	-531.0454	-563.0136	31.96814	2.580253	0.6551415
13254	-528.0476	-559.9499	31.90226	1.990008	1.341577
13260	-523.5407	-555.7009	32.16018	2.201955	0.9156677
13266	-525.441	-557.656	32.21501	2.201955	0.8525318
13272	-523.9854	-556.15	32.16458	2.201955	0.9108101
13278	-531.1272	-562.543	31.41585	2.362607	1.430606
13284	-528.8572	-560.5548	31.69764	2.240932	1.304358
13290	-525.7304	-557.4241	31.69373	2.046948	1.459494
13296	-529.2474	-560.8954	31.64803	1.64429	1.784082
13302	-532.8211	-564.3447	31.52362	1.761649	1.788972
13308	-533.9844	-564.8586	30.87421	2.203003	1.931272
13314	-536.4961	-567.5078	31.0117	2.363138	1.726384
13320	-532.7847	-563.915	31.13025	1.914118	1.953388
13326	-530.9809	-562.9257	31.9448	1.914118	1.368008
13332	-530.5328	-562.1746	31.6418	2.217117	1.368008
13338	-533.4864	-565.4635	31.97701	1.6649	1.533664
13344	-532.2613	-564.0214	31.76003	1.88188	1.533664
13350	-528.908	-560.7689	31.86083	2.367756	1.051693
13356	-533.8158	-565.9758	32.16005	2.41368	0.5907113
13362	-538.8891	-569.8124	30.92329	1.769497	2.185262
13368	-539.9433	-569.7612	29.81789	1.392319	3.101653
13374	-543.7161	-574.8679	31.15179	1.38202	2.287642
13380	-537.5707	-568.4415	30.87085	1.66296	2.287642
13386	-538.7933	-570.1667	31.37348	1.160336	2.287642
13392	-532.7601	-564.8814	32.12125	1.985974	1.162436
13398	-530.6391	-562.7093	32.07023	2.389959	0.7976578
13404	-529.2696	-561.1736	31.90401	2.684413	0.5021716
13410	-540.3159	-570.2104	29.89452	2.174845	2.579999
13416	-532.0417	-562.8475	30.80579	1.850716	2.208749
13422	-536.2132	-567.2836	31.07045	2.54402	1.553958
13428	-532.7772	-563.8742	31.09697	1.904352	1.982242
13434	-530.4355	-562.8289	32.39348	2.177677	0.5987825
13440	-532.1571	-563.522	31.36486	1.562757	2.031324
13446	-533.8945	-563.2982	29.40371	1.712408	3.157642
13452	-529.8856	-562.1903	32.30468	2.255099	0.629427
13458	-526	-557.4163	31.41631	1.848074	1.803445
13464	-528.6255	-560.8938	32.26829	1.768967	1.222681
13470	-531.7207	-563.4595	31.73883	2.481455	1.059586
13476	-528.7661	-561.1268	32.36067	2.210485	0.4127421
13482	-534.0822	-566.1342	32.05192	2.35769	0.8613591
13488	-527.9869	-559.7319	31.74508	2.692813	0.8266615
13494	-535.9104	-567.5697	31.65931	2.692813	0.9266202
13500	-533.5379	-565.1123	31.57441	2.120838	1.49384
13506	-532.3935	-563.5845	31.19103	2.354126	1.604671
13512	-533.8211	-565.1778	31.35673	1.95194	1.772706
13518	-537.7418	-568.8007	31.05899	2.249683	1.772706
13524	-543.8149	-573.9307	30.11581	4.420877	0.6785406
13530	-545.2199	-574.893	29.67315	2.409406	2.571815
13536	-544.5687	-574.6127	30.04401	2.037606	2.572401
13542	-538.0929	-569.5581	31.46522	2.720091	1.092255
13548	-542.7884	-573.5064	30.71796	3.801798	0.7088697
13554	-540.1402	-571.871	31.73076	1.845375	1.582094
13560	-535.3962	-566.6215	31.22527	1.663344	2.057139
13566	-537.1215	-567.8696	30.74811	1.490053	2.474783
13572	-537.0636	-568.2912	31.22759	1.800354	1.964415
13578	-542.4626	-573.718	31.25542	1.500999	2.143889
13584	-537.9644	-568.7627	30.79837	1.95805	2.143889
13590	-534.5698	-565.5439	30.97406	1.782357	2.143889
13596	-533.2144	-564.4529	31.23845	2.343331	1.577968
13602	-534.1796	-565.8409	31.66134	2.398509	1.203465
13608	-533.0805	-565.3066	32.22608	2.124444	0.9283527
13614	-534.9909	-567.2681	32.27726	1.801699	1.187043
13620	-537.7339	-567.0848	29.35089	1.622872	3.242001
13626	-534.7584	-565.3867	30.62838	1.662286	2.441831
13632	-529.998	-562.3011	32.30307	1.662387	1.282445
13638	-527.8948	-559.5949	31.70007	2.06831	1.438349
13644	-530.8666	-563.1827	32.31609	2.236439	0.6462123
13650	-530.8015	-562.5271	31.7256	2.543347	1.012548
13656	-526.4746	-558.5175	32.04283	2.543347	0.5343272
13662	-531.8131	-564.0858	32.2727	1.728493	1.252933
13668	-534.3711	-566.1583	31.7872	2.214	1.252933
13674	-527.1574	-559.3576	32.20024	1.985814	1.091565
13680	-523.5535	-555.3697	31.8162	1.983965	1.413872
13686	-525.11	-557.1549	32.04487	2.266929	0.9692993
13692	-533.6895	-564.5571	30.86767	2.343023	1.840446
13698	-529.1782	-560.5656	31.38741	2.343023	1.467277
13704	-527.8393	-560.1218	32.28244	2.299459	0.5593528
13710	-530.1695	-561.4967	31.32719	1.893123	1.833835
13716	-529.7596	-561.4711	31.71153	2.510073	1.058339
13722	-529.6097	-560.1021	30.49235	2.10303	2.248154
13728	-528.6798	-559.8525	31.1727	1.849408	1.968327
13734	-531.1094	-562.7078	31.59849	2.43236	1.228094
13740	-529.4816	-559.2331	29.75146	2.40497	2.525862
13746	-529.6336	-561.5703	31.93673	2.639392	0.4255903
13752	-524.9029	-556.7779	31.87503	2.386963	1.019396
13758	-525.6293	-557.1173	31.48797	1.70854	1.850171
13764	-525.4225	-557.5188	32.09633	1.48299	1.579765
13770	-529.7477	-560.7805	31.03279	1.091764	2.545715
13776	-526.1182	-556.6331	30.51489	1.225428	2.782261
13782	-531.1234	-562.6849	31.56154	1.048026	2.239025
13788	-532.7725	-563.2842	30.51165	1.720616	2.478479
13794	-531.0025	-562.2378	31.23527	1.671569	2.045089
13800	-526.7751	-558.3079	31.53277	1.374073	2.045089
13806	-525.9156	-556.9292	31.01358	1.811487	2.098983
13812	-529.1067	-561.3806	32.27394	2.118162	0.8819017
13818	-524.5242	-556.6685	32.14427	2.442381	0.470793
13824	-533.2917	-565.3885	32.09675	2.442381	0.6738494
13830	-528.6948	-561.207	32.51226	1.584368	1.171708
13836	-529.5624	-559.3429	29.78057	1.750233	2.909354
13842	-531.1167	-561.6831	30.56648	1.573185	2.536312
13848	-527.6255	-560.0048	32.37932	2.028053	0.8640285
13854	-525.6072	-557.9865	32.37932	2.028053	0.8640285
13860	-531.1544	-563.2177	32.06331	2.039467	1.166332
13866	-530.2876	-562.5595	32.27194	1.981199	1.028047
13872	-533.822	-565.2857	31.4637	2.640341	1.165222
13878	-533.5778	-564.8446	31.26678	2.216797	1.649122
13884	-531.2702	-561.5395	30.2693	1.887142	2.525858
13890	-531.337	-561.0475	29.71052	1.462913	3.12356
13896	-537.3479	-567.2398	29.89194	1.406911	3.048727
13902	-534.7896	-565.2574	30.46774	1.919051	2.381196
13908	-527.6844	-559.2272	31.54272	2.02329	1.589491
13914	-534.3424	-564.9651	30.62262	0.939694	2.890313
13920	-532.9045	-562.3434	29.43891	1.520253	3.250634
13926	-530.1149	-561.3927	31.27779	1.802595	1.92913
13932	-527.7975	-558.1789	30.38136	1.594169	2.63804
13938	-528.5035	-559.0266	30.52311	1.452417	2.63804
13944	-530.248	-559.9097	29.66167	1.452417	3.158848
13950	-527.603	-557.4902	29.88716	1.226931	3.158848
13956	-530.0099	-558.6618	28.65191	1.308442	3.832353
13962	-535.8056	-565.7618	29.95625	1.876613	2.725726
13968	-530.2201	-562.4329	32.21274	1.877658	1.177132
13974	-530.8206	-562.2005	31.3799	1.419224	2.115987
13980	-530.6704	-560.7273	30.05691	1.516747	2.883453
13986	-535.8947	-567.279	31.38428	1.664757	1.950245
13992	-535.0268	-564.8144	29.78753	1.332963	3.155044
13998	-535.7545	-567.5025	31.748	1.741266	1.645035
14004	-545.0586	-577.2521	32.19348	1.754353	1.296835
14010	-534.7367	-566.6191	31.88243	1.886092	1.438233
14016	-534.8747	-566.1897	31.31498	2.273426	1.573116
14022	-543.8829	-575.7864	31.90349	2.23193	1.137493
14028	-540.1277	-571.8302	31.70253	1.70345	1.704405
14034	-537.6812	-568.524	30.84286	2.317961	1.874564
14040	-530.9641	-561.8082	30.84409	1.797393	2.218449
14046	-522.5921	-553.8417	31.24957	1.797393	1.951644
14052	-530.1032	-561.13	31.0268	2.234868	1.805322
14058	-527.5227	-559.5255	32.00278	1.734647	1.461968
14064	-530.8761	-562.3792	31.5031	1.771696	1.796239
14070	-533.0504	-562.6129	29.56245	1.65047	3.100032
14076	-531.3089	-562.8749	31.56601	1.65047	1.83647
14082	-532.6369	-563.0083	30.37139	1.224159	2.870203
14088	-530.0356	-560.2583	30.22272	1.40958	2.847936
14094	-534.0026	-563.303	29.3004	1.573239	3.301095
14100	-533.4434	-564.2016	30.75816	1.510453	2.455681
14106	-531.4676	-560.8757	29.40809	1.559694	3.245537
14112	-531.0988	-561.9841	30.88528	1.671479	2.27295
14118	-533.2433	-563.2944	30.05104	1.623371	2.822369
14124	-530.7152	-560.3502	29.63503	1.539483	3.122914
14130	-532.3951	-562.8676	30.47254	1.624966	2.562532
14136	-531.3018	-563.7164	32.41462	2.035462	0.8110048
14142	-539.5731	-570.9777	31.40456	1.372694	2.130293
14148	-530.3579	-562.2147	31.85674	1.649943	1.632506
14154	-529.0734	-559.9857	30.91235	1.649943	2.269396
14160	-532.4272	-563.3558	30.92861	1.633692	2.269396
14166	-529.2243	-561.1735	31.9492	2.535367	0.7637396
14172	-532.38	-561.6175	29.23759	0.8053487	3.78482
14178	-531.285	-560.6839	29.39887	0.6440659	3.78482
14184	-533.2005	-561.644	28.44345	1.347794	3.92941
14190	-531.4023	-559.9575	28.55518	0.7586184	4.201623
14196	-534.2979	-562.8324	28.53453	0.7792721	4.201623
14202	-534.4377	-561.6383	27.20056	0.6007467	5.049811
14208	-531.8691	-561.8874	30.01833	1.002047	3.214421
14214	-533.4244	-562.1012	28.67681	1.374535	3.779975
14220	-532.6576	-563.9011	31.24352	1.486094	2.161345
14226	-531.7002	-561.7308	30.03062	1.410906	2.963154
14232	-531.7531	-562.132	30.37886	1.062659	2.963154
14238	-532.8498	-561.8729	29.02311	1.246933	3.653627
14244	-531.7412	-563.9443	32.20308	1.698184	1.334398
14250	-532.6155	-564.341	31.72546	1.50813	1.8247
14256	-525.3361	-554.5222	29.18614	1.383975	3.479119
14262	-526.2806	-557.2071	30.92646	1.464143	2.378781
14268	-529.0745	-556.897	27.82258	0.8132743	4.584164
14274	-540.5178	-568.0175	27.49969	1.136165	4.584164
14280	-544.0228	-575.6436	31.62083	2.057095	1.506828
14286	-538.5774	-570.7058	32.12842	1.820251	1.296149
14292	-540.4765	-571.4759	30.99941	1.383151	2.38387
14298	-538.5124	-569.7595	31.24713	1.895353	1.887053
14304	-536.9047	-569.232	32.32727	1.801522	1.143391
14310	-539.8244	-570.9349	31.11044	1.772737	2.060727
14316	-535.9093	-566.4388	30.5295	1.154419	2.816594
14322	-532.8119	-563.9526	31.1407	1.412877	2.274985
14328	-536.7676	-568.5285	31.76092	1.466686	1.828821
14334	-533.9562	-565.8201	31.86386	2.197162	1.202466
14340	-534.4819	-566.5322	32.05034	2.478978	0.3471991
14346	-535.3733	-567.4683	32.09508	2.478978	0.4199513
14352	-536.867	-568.8041	31.93707	2.599595	0.6785684
14358	-530.6727	-562.5003	31.82759	2.053533	1.350444
14364	-531.2682	-562.8436	31.57546	1.133444	2.174803
14370	-526.3213	-557.5241	31.2028	1.506106	2.174803
14376	-529.0822	-560.0044	30.92211	1.122738	2.595192
14382	-526.1654	-557.9459	31.78054	1.570757	1.742922
14388	-529.4645	-561.6787	32.21423	1.766849	1.269602
14394	-525.8764	-557.5995	31.72304	1.360317	1.927126
14400	-525.4018	-556.6549	31.25308	1.110966	2.39558
14406	-533.0854	-565.4937	32.40832	1.727501	1.137133
14412	-532.5038	-563.7367	31.23284	1.951182	1.858722
14418	-526.6072	-557.9746	31.36733	1.816687	1.858722
14424	-527.5325	-559.1476	31.61514	1.568885	1.858722
14430	-528.9471	-560.7354	31.78834	1.477514	1.802427
14436	-534.1448	-565.8757	31.7309	1.229554	2.009505
14442	-536.3481	-566.6096	30.26152	1.205306	2.947925
14448	-528.6722	-558.7975	30.12523	1.452676	2.880884
14454	-527.566	-557.7595	30.19348	1.026807	3.095643
14460	-529.4368	-557.361	27.9242	0.9258533	4.463755
14466	-537.2206	-564.0467	26.82611	1.267868	4.887099
14472	-534.704	-564.6443	29.94032	0.9110603	3.314208
14478	-531.3084	-561.1837	29.87523	0.9761476	3.314208
14484	-527.1883	-556.7617	29.5734	1.311333	3.294557
14490	-528.9116	-559.8763	30.96469	1.820199	2.125299
14496	-527.247	-558.0139	30.76691	1.667736	2.350856
14502	-529.8691	-561.3885	31.51937	2.257679	1.431692
14508	-527.8922	-559.8796	31.98738	2.037477	1.233142
14514	-536.3242	-567.6952	31.37096	1.910882	1.791352
14520	-525.3897	-557.5889	32.19926	1.898652	1.170587
14526	-528.3506	-560.9469	32.59622	1.756468	0.9260053
14532	-534.8811	-565.6191	30.738	1.766691	2.306252
14538	-533.411	-565.3893	31.97827	1.88534	1.364304
14544	-529.5975	-560.5464	30.94891	1.696282	2.216055
14550	-535.5174	-565.5067	29.98939	2.122147	2.553816
14556	-531.8649	-563.3361	31.47122	1.841465	1.769909
14562	-529.9242	-561.574	31.6498	2.120934	1.436543
14568	-532.5339	-563.9291	31.39518	2.583649	1.271458
14574	-529.5625	-561.0346	31.47208	2.274463	1.455031
14580	-534.4012	-565.5842	31.1829	2.893949	1.188861
14586	-537.464	-568.0515	30.58746	1.713655	2.435259
14592	-531.015	-561.586	30.57101	1.842691	2.364149
14598	-540.1142	-570.2563	30.14217	1.672112	2.737096
14604	-545.1229	-573.0238	27.90093	1.810612	3.975034
14610	-539.2978	-569.8037	30.50586	1.374286	2.696739
14616	-533.8193	-563.5231	29.70373	1.370622	3.182435
14622	-529.2861	-560.6001	31.31408	1.848367	1.873454
14628	-535.4588	-566.8505	31.39172	2.473392	1.363119
14634	-531.4868	-562.0913	30.60455	2.45707	1.941781
14640	-525.3	-556.6545	31.35443	1.70719	1.941781
14646	-526.948	-555.7876	28.83958	1.288197	3.735894
14652	-530.9419	-558.8996	27.95775	1.193174	4.293925
14658	-532.744	-562.499	29.75505	1.392177	3.139151
14664	-535.5765	-566.3233	30.7468	1.392177	2.536739
14670	-531.6643	-563.7631	32.09882	2.168831	1.013833
14676	-532.8051	-563.5747	30.7696	1.6739	2.345227
14682	-534.7287	-562.0647	27.33602	1.147765	4.669413
14688	-543.3307	-568.761	25.43039	1.398308	5.586629
14694	-538.7228	-569.335	30.61221	2.169223	2.12756
14700	-544.5839	-575.9346	31.35062	2.900653	1.029865
14706	-538.4683	-569.2993	30.83105	2.371187	1.846246
14712	-541.0192	-572.6718	31.65256	2.916887	0.408807
14718	-534.2871	-566.5186	32.2315	2.324587	0.6381623
14724	-531.1661	-563.001	31.83499	2.018886	1.371976
14730	-528.7946	-561.286	32.49148	1.896205	0.8869749
14736	-524.8787	-557.3259	32.44722	1.980725	0.8391116
14742	-532.8675	-565.1569	32.28944	1.981356	1.010724
14748	-531.5743	-561.0637	29.48944	1.92242	2.980988
14754	-531.1442	-562.3348	31.19062	1.760125	2.015962
14760	-534.4547	-565.9755	31.52079	1.84586	1.732141
14766	-532.3917	-563.6144	31.22272	2.449897	1.510799
14772	-529.3986	-561.6231	32.22445	1.930239	1.120197
14778	-540.503	-572.8217	32.31868	2.253062	0.5969906
14784	-534.9938	-566.2704	31.2766	2.915868	1.085634
14790	-532.9622	-564.5769	31.61469	1.403281	1.971098
14796	-531.5752	-562.9636	31.38845	1.629519	1.971098
14802	-532.383	-563.6861	31.30311	1.90241	1.843995
14808	-532.3108	-563.0604	30.74959	1.60977	2.398535
14814	-530.7922	-561.3276	30.53542	1.823943	2.398535
14820	-528.9021	-559.8967	30.99461	1.446325	2.346859
14826	-529.9018	-560.5833	30.68154	1.759392	2.346859
14832	-523.7932	-555.8019	32.0087	1.759392	1.438568
14838	-529.474	-561.4368	31.96279	2.2965	1.02205
14844	-537.5735	-568.3673	30.79383	1.582104	2.38806
14850	-537.5512	-568.1463	30.59514	1.596426	2.503938
14856	-538.3105	-568.8507	30.54013	1.65144	2.503938
14862	-540.9924	-571.7343	30.74184	1.449727	2.503938
14868	-535.8526	-566.7523	30.89965	1.102419	2.621658
14874	-535.2447	-566.0972	30.85254	1.45633	2.430375
14880	-535.2231	-566.7281	31.50504	1.626319	1.894615
14886	-531.2365	-562.7445	31.50795	1.168518	2.195837
14892	-532.364	-561.3758	29.01185	0.8820012	3.870562
14898	-533.6868	-564.3385	30.65167	1.381403	2.602487
14904	-535.049	-566.6009	31.55196	1.70058	1.81163
14910	-531.1509	-561.5221	30.37115	1.333467	2.804004
14916	-538.8309	-568.6773	29.84634	1.324532	3.125083
14922	-535.9441	-565.2434	29.29929	0.8502738	3.723316
14928	-534.1679	-565.1245	30.95664	1.404133	2.397646
14934	-534.9226	-567.1695	32.24696	2.303442	0.6508506
14940	-540.5321	-570.4738	29.94169	1.658616	2.867324
14946	-540.9255	-571.1102	30.18476	1.752781	2.661456
14952	-538.9789	-570.1451	31.16619	2.87486	1.219469
14958	-540.5502	-571.6964	31.1462	1.67804	2.099526
14964	-533.0939	-565.1504	32.05655	2.494606	0.6492215
14970	-530.5297	-562.9244	32.39469	2.188148	0.5547614
14976	-528.1185	-560.5252	32.40672	1.609423	1.240459
14982	-531.262	-562.5879	31.32592	1.629583	2.0128
14988	-530.2831	-559.1842	28.90109	1.391907	3.640328
14994	-529.1005	-558.6448	29.54425	1.166939	3.396576
15000	-528.897	-559.5371	30.64017	1.299788	2.659969
15006	-531.7139	-562.3227	30.6088	1.609148	2.487439
15012	-528.3924	-558.6025	30.2101	1.61336	2.731477
15018	-530.3538	-561.9955	31.64161	1.859844	1.636273
15024	-530.4822	-562.0177	31.53545	1.965998	1.636273
15030	-526.1273	-557.6772	31.54981	1.622423	1.86678
15036	-529.7976	-562.1643	32.36668	1.775806	1.131168
15042	-527.0667	-558.7261	31.65943	2.206144	1.362757
15048	-526.3874	-558.3413	31.95388	1.911696	1.362757
15054	-530.5377	-562.2962	31.75847	2.071745	1.390518
15060	-531.9938	-562.6458	30.65197	1.499326	2.529063
15066	-523.7097	-555.8497	32.14001	1.464628	1.561197
15072	-534.1723	-566.3931	32.22082	2.261624	0.7667998
15078	-528.7673	-560.9755	32.20823	2.091887	0.9812807
15084	-535.0629	-566.0614	30.99858	1.503961	2.30763
15090	-534.3438	-565.5507	31.20687	1.960518	1.870089
15096	-533.908	-565.3044	31.39643	2.004143	1.708232
15102	-527.995	-560.5526	32.55755	1.818838	0.8998106
15108	-527.9091	-559.601	31.69192	1.761233	1.67089
15114	-537.1352	-567.3105	30.17532	1.546431	2.793573
15120	-531.9442	-562.6862	30.74195	1.95344	2.183576
15126	-533.8395	-565.7575	31.91806	2.048323	1.281688
15132	-532.4658	-564.7732	32.3074	1.867738	1.101599
15138	-534.8459	-566.9952	32.14933	2.376584	0.6982228
15144	-537.972	-568.0049	30.03293	1.093408	3.151572
15150	-540.8537	-571.2275	30.37382	2.475887	2.08279
15156	-538.0987	-566.2681	28.16948	1.147353	4.199904
15162	-531.5413	-562.9948	31.45348	2.304569	1.446247
15168	-531.975	-563.7651	31.79005	2.571445	0.9163766
15174	-535.2192	-566.5645	31.34533	2.853233	1.079977
15180	-535.7366	-567.8044	32.0678	2.48116	0.372359
15186	-533.2067	-565.1207	31.91401	2.597504	0.7225449
15192	-527.2433	-556.8819	29.63854	1.873256	2.920821
15198	-526.2656	-557.6651	31.39955	2.322539	1.473594
15204	-529.4182	-559.6952	30.277	2.596099	2.067378
15210	-527.5475	-558.9929	31.44537	2.140358	1.575074
15216	-531.2159	-562.9201	31.70422	2.172841	1.353665
15222	-531.1031	-561.7812	30.67807	1.98327	2.205625
15228	-529.177	-560.1617	30.98476	1.585808	2.264093
15234	-527.9457	-558.6186	30.67286	1.467377	2.535957
15240	-529.5241	-560.3942	30.87015	2.146883	1.971729
15246	-533.1806	-563.6091	30.42847	1.565732	2.626513
15252	-533.3454	-565.7211	32.3757	2.093381	0.7855885
15258	-531.7028	-563.1187	31.41595	2.451991	1.360882
15264	-529.384	-561.2381	31.85419	1.347698	1.846488
15270	-534.7724	-563.3531	28.58077	2.10231	3.413053
15276	-533.6326	-563.7952	30.16262	1.732677	2.68743
15282	-527.6908	-559.5122	31.82141	2.621201	0.276238
15288	-530.437	-561.7209	31.28389	1.891463	1.864645
15294	-531.8737	-562.4837	30.60998	2.222966	2.093808
15300	-538.3925	-570.6095	32.21692	2.369468	0.4687273
15306	-540.2619	-571.5867	31.32486	3.249178	0.5896836
15312	-531.4322	-563.3243	31.89214	2.501947	0.2494047
15318	-529.9995	-561.8679	31.86832	2.627865	0.3148237
15324	-526.087	-557.8405	31.75353	2.627865	0.2432418
15330	-537.0908	-569.0441	31.95327	2.581734	0.353858
15336	-533.0765	-565.1208	32.04438	2.517326	0.3931354
15342	-531.5539	-563.5881	32.03421	2.517326	0.3761968
15348	-532.7754	-564.5654	31.79007	2.774906	0.6162324
15354	-530.7562	-562.4545	31.69828	2.774906	0.2967292
15360	-537.0582	-569.2338	32.17556	2.409278	0.4588319
15366	-531.2359	-563.3854	32.14945	2.347616	0.7452067
15372	-528.4771	-558.8904	30.41327	1.103281	2.917952
15378	-534.8621	-564.9084	30.04626	1.470294	2.917952
15384	-533.3172	-562.5718	29.25457	1.12055	3.592679
15390	-529.5338	-559.406	29.87217	1.291197	3.129547
15396	-530.0878	-560.2703	30.18248	0.9808906	3.129547
15402	-532.2725	-562.5736	30.30104	0.9656844	3.067929
15408	-524.5818	-554.8392	30.25737	1.009355	3.067929
15414	-529.036	-557.4101	28.37409	1.057973	4.134433
15420	-530.5648	-559.6061	29.04132	1.101192	3.727388
15426	-530.6888	-560.664	29.97515	1.289268	3.069307
15432	-527.1255	-557.9831	30.85764	1.188436	2.594435
15438	-527.5913	-558.2388	30.6475	1.398574	2.594435
15444	-531.6255	-562.5668	30.94127	1.104802	2.594435
15450	-535.3397	-566.0447	30.705	1.341073	2.594435
15456	-532.3756	-564.1843	31.80869	1.251502	1.942739
15462	-534.5981	-566.3714	31.77333	1.36871	1.887359
15468	-535.3324	-563.0616	27.7292	1.175909	4.43274
15474	-537.4627	-567.0144	29.55165	0.9556964	3.515738
15480	-529.82	-559.1073	29.28729	1.346149	3.442111
15486	-532.181	-563.4648	31.28379	1.229313	2.300885
15492	-536.7054	-567.7481	31.04267	1.825834	2.070409
15498	-530.761	-562.4395	31.67852	1.631889	1.771496
15504	-528.5752	-560.369	31.79378	1.57416	1.731236
15510	-528.3348	-558.8548	30.52003	1.580903	2.560405
15516	-524.7461	-555.8081	31.06197	1.074493	2.538305
15522	-527.0989	-556.4516	29.35262	1.09416	3.551017
15528	-527.7048	-558.6273	30.9225	1.162301	2.570421
15534	-529.4423	-557.7452	28.30289	1.152573	4.121121
15540	-527.7226	-555.1231	27.40055	1.249024	4.576462
15546	-535.9302	-564.6101	28.67989	1.084401	3.94485
15552	-531.2795	-559.3769	28.09736	1.059087	4.2908
15558	-529.7681	-561.2275	31.45938	1.146141	2.241627
15564	-532.5924	-561.1627	28.57038	1.40208	3.82539
15570	-527.9452	-560.2617	32.31651	2.000107	0.964304
15576	-529.8511	-562.389	32.53791	1.996824	0.6822265
15582	-532.9309	-564.2081	31.27718	2.675149	1.293176
15588	-530.9569	-563.1021	32.14527	2.387668	0.3513955
15594	-538.6999	-569.2249	30.52499	2.126714	2.21185
15600	-538.4746	-568.7504	30.27574	2.540741	2.104613
15606	-530.885	-562.0935	31.2085	1.375026	2.255771
15612	-528.161	-557.9293	29.76826	1.501093	3.066358
15618	-529.6183	-561.7203	32.10204	1.414104	1.625682
15624	-531.0476	-562.5349	31.48734	2.353748	1.382013
15630	-534.7555	-566.9978	32.24234	2.063626	0.9753035
15636	-529.1443	-561.4748	32.33047	2.140299	0.7832521
15642	-530.6965	-563.0915	32.39497	1.783552	1.098496
15648	-531.3786	-562.0499	30.67129	1.319679	2.628514
15654	-528.8145	-561.2041	32.38955	2.085945	0.7766681
15660	-535.0638	-563.0051	27.94128	0.9797255	4.423781
15666	-530.801	-560.2673	29.46633	1.232856	3.403612
15672	-534.3284	-566.7907	32.46222	1.928076	0.8839758
15678	-533.5817	-565.2973	31.71565	2.188503	1.332088
15684	-525.1872	-556.6163	31.42914	1.632383	1.941844
15690	-526.5903	-558.419	31.82864	1.512257	1.750206
15696	-525.3584	-556.6223	31.26389	1.642315	2.045507
15702	-529.3167	-561.2827	31.96598	1.620636	1.574425
15708	-528.3655	-560.346	31.98054	1.565296	1.604172
15714	-527.26	-559.352	32.09201	1.652042	1.456929
15720	-531.3031	-562.4151	31.11204	3.178067	0.991432
15726	-530.8492	-562.4685	31.61934	2.610995	1.050026
15732	-529.8391	-561.165	31.32589	1.744303	1.936002
15738	-530.8796	-560.9462	30.06654	2.019015	2.569956
15744	-530.8942	-561.1232	30.22897	2.032084	2.460432
15750	-531.8185	-562.7141	30.89561	2.22319	1.903141
15756	-534.7621	-565.5479	30.7858	1.834424	2.232162
15762	-533.9939	-565.0038	31.00997	1.837923	2.08398
15768	-533.8211	-564.776	30.95491	1.766979	2.166372
15774	-531.9118	-563.0034	31.09165	1.318533	2.366376
15780	-542.8685	-574.507	31.63857	1.824101	1.664094
15786	-547.6225	-578.4244	30.80189	1.664618	2.330598
15792	-541.1794	-572.2973	31.11786	2.350984	1.65968
15798	-540.9865	-573.0855	32.09899	2.148272	1.033759
15804	-539.2798	-571.3517	32.07189	2.175365	1.033759
15810	-544.9219	-574.8574	29.93555	2.161792	2.562636
15816	-542.4828	-574.6223	32.13955	1.603818	1.457449
15822	-538.3955	-570.4907	32.09518	1.648189	1.457449
15828	-534.3351	-564.9169	30.58189	1.433099	2.613669
15834	-536.7466	-564.7172	27.97061	0.7740668	4.523042
15840	-538.4368	-564.8693	26.43254	0.7196757	5.40868
15846	-549.4978	-578.307	28.80923	0.5489722	4.176411
15852	-547.3175	-578.9553	31.63775	2.658212	0.9855102
15858	-556.2364	-588.273	32.03662	2.135029	1.104792
15864	-537.7645	-568.6059	30.84132	1.602751	2.344867
15870	-541.5752	-572.9418	31.36665	2.178247	1.604859
15876	-538.8869	-570.9133	32.02645	2.026604	1.209267
15882	-535.1058	-563.4072	28.3014	0.694817	4.381361
15888	-533.4563	-561.6679	28.2116	0.7846103	4.381361
15894	-535.2745	-563.4467	28.17225	0.8239619	4.381361
15900	-535.1235	-565.4509	30.32738	1.644174	2.640495
15906	-535.6453	-566.288	30.64271	1.328841	2.640495
15912	-528.6134	-560.1126	31.49922	1.723896	1.831911
15918	-540.4655	-570.9775	30.51201	1.713869	2.482475
15924	-531.8613	-559.9665	28.1052	0.9351968	4.356416
15930	-538.5254	-568.4774	29.952	1.307161	3.072445
15936	-547.6816	-577.7208	30.03915	1.654611	2.810607
15942	-536.4101	-567.0443	30.63422	1.470406	2.558108
15948	-542.0469	-571.4713	29.42436	1.947194	3.005179
15954	-534.5666	-566.4664	31.89979	1.636053	1.611426
15960	-530.2995	-562.8639	32.56446	1.836215	0.8719252
15966	-529.1725	-561.2859	32.11338	1.822351	1.306661
15972	-530.1149	-562.0154	31.90051	1.609931	1.629792
15978	-534.9138	-566.308	31.39417	2.116276	1.629792
15984	-528.4104	-560.1551	31.74474	1.640884	1.718782
15990	-526.4535	-558.1258	31.67225	2.636824	0.9721058
15996	-531.2835	-562.1217	30.83816	3.360154	1.080205
16002	-529.4376	-561.0199	31.58228	2.345338	1.313217
16008	-529.0862	-561.4922	32.406	1.729387	1.137523
16014	-531.2962	-562.9952	31.69898	2.436401	1.137523
16020	-528.3377	-560.474	32.13631	2.436401	0.4165189
16026	-528.5118	-560.4173	31.90548	2.644667	0.3741093
16032	-528.3042	-560.1961	31.89192	2.644667	0.3558017
16038	-530.1707	-562.3553	32.18452	2.373309	0.3862884
16044	-532.0555	-563.893	31.83752	2.207378	1.216208
16050	-528.098	-559.1529	31.05494	1.637217	2.185669
16056	-533.8781	-564.9568	31.07872	1.613439	2.185669
16062	-538.68	-569.5061	30.82603	1.743701	2.264626
16068	-533.7685	-565.6707	31.9021	1.652055	1.598123
16074	-540.2967	-572.418	32.12132	1.863697	1.266347
16080	-532.5525	-563.5938	31.04133	1.50881	2.27719
16086	-527.5428	-558.1981	30.65521	1.964228	2.23267
16092	-536.2135	-567.9618	31.7483	2.82374	0.5960616
16098	-531.4474	-563.7642	32.31678	2.215217	0.6872915
16104	-529.8209	-561.6462	31.82525	2.290734	1.15473
16110	-532.2557	-562.6258	30.37007	2.126657	2.311337
16116	-538.5253	-568.1568	29.63145	1.288803	3.273608
16122	-533.6191	-565.6669	32.04788	1.965405	1.242851
16128	-532.1961	-564.2415	32.0454	1.913576	1.287749
16134	-537.8594	-569.9416	32.08221	2.242673	0.9556808
16140	-535.3132	-567.458	32.14477	2.054496	1.07932
16146	-532.5066	-562.3621	29.85549	1.438111	3.051867
16152	-535.7682	-565.228	29.45982	2.51821	2.636498
16158	-535.4523	-566.0458	30.59353	1.344336	2.661252
16164	-531.6662	-560.6679	29.0017	1.331193	3.617192
16170	-530.9318	-559.7847	28.85291	1.479983	3.617192
16176	-528.707	-560.922	32.21496	2.181708	0.8766083
16182	-531.6886	-563.6722	31.98365	1.747169	1.466986
16188	-533.1068	-563.7035	30.59676	1.44673	2.596038
16194	-529.5609	-561.3878	31.82691	1.468462	1.781956
16200	-530.591	-562.6462	32.05517	1.854545	1.327629
16206	-531.9894	-563.5635	31.57413	2.154603	1.468564
16212	-537.8981	-566.5404	28.64228	1.383693	3.794589
16218	-537.6296	-568.4854	30.85579	1.490898	2.406536
16224	-538.0966	-568.4745	30.37787	1.489181	2.704773
16230	-537.8314	-566.7618	28.93042	1.629322	3.485176
16236	-532.7199	-564.1127	31.39281	2.088205	1.650955
16242	-539.4493	-570.7566	31.30727	1.962651	1.799611
16248	-536.1327	-566.7553	30.62261	1.872096	2.312627
16254	-539.6603	-570.7278	31.06757	1.427136	2.312627
16260	-532.4676	-562.775	30.30739	1.709931	2.612228
16266	-532.3779	-562.1506	29.77265	1.551053	3.033853
16272	-534.4505	-563.1982	28.74768	1.738487	3.528079
16278	-533.9494	-563.7797	29.83032	1.616754	2.959815
16284	-530.177	-560.569	30.392	1.418433	2.739452
16290	-530.1999	-560.2012	30.00135	1.307531	3.042725
16296	-527.4214	-556.3304	28.909	1.1938	3.750305
16302	-529.698	-558.3858	28.68775	0.9136777	4.03794
16308	-526.2209	-557.5821	31.36119	2.049051	1.701389
16314	-529.3847	-561.5423	32.15762	2.197166	0.9237206
16320	-527.5388	-559.8175	32.27871	2.076077	0.9237206
16326	-526.4221	-558.2699	31.84778	2.073578	1.318266
16332	-528.3899	-560.3718	31.9819	2.494704	0.7751191
16338	-537.1981	-568.4283	31.23019	1.240602	2.327866
16344	-529.8745	-560.9417	31.06726	1.962018	1.963516
16350	-536.3251	-567.0992	30.77411	1.421865	2.501185
16356	-533.2861	-563.491	30.20487	1.421865	2.851308
16362	-532.7042	-561.0686	28.36446	1.446604	3.918054
16368	-536.5831	-568.136	31.55289	1.798701	1.742711
16374	-536.2221	-566.6138	30.39174	2.883403	1.795995
16380	-533.3864	-561.7901	28.40373	1.537694	3.843233
16386	-534.3216	-563.8855	29.56395	1.364222	3.268935
16392	-535.8684	-565.537	29.66865	1.259521	3.268935
16398	-530.66	-562.7143	32.05429	1.966279	1.236744
16404	-532.3844	-564.2395	31.85512	1.583638	1.681149
16410	-526.7569	-559.0677	32.31078	1.747831	1.204525
16416	-527.9755	-559.3772	31.40167	2.168021	1.586805
16422	-534.9199	-566.0073	31.08733	1.46101	2.278341
16428	-535.5467	-565.8375	30.29076	1.22415	2.918945
16434	-534.5	-565.9491	31.44908	1.25103	2.180516
16440	-531.9227	-563.2989	31.37612	1.323981	2.180516
16446	-531.9253	-564.236	32.31079	2.184346	0.748134
16452	-524.0919	-556.4601	32.36813	1.589793	1.288609
16458	-528.1063	-560.4045	32.29823	1.622574	1.318713
16464	-530.2743	-562.0696	31.79531	2.1255	1.318713
16470	-539.9983	-571.6002	31.60188	1.586545	1.855707
16476	-534.904	-566.5922	31.68824	1.563305	1.812319
16482	-534.5652	-565.59	31.02473	1.309871	2.414167
16488	-534.9041	-566.3061	31.40191	1.741767	1.886244
16494	-533.3454	-564.9243	31.57896	2.210946	1.421798
16500	-532.3712	-564.2665	31.89535	1.371418	1.801794
16506	-533.6778	-565.904	32.22618	1.892558	1.152297
16512	-529.4088	-561.1397	31.73091	2.129472	1.366855
16518	-535.9255	-567.8321	31.90656	1.742063	1.528679
16524	-535.6552	-567.317	31.66181	2.170136	1.38917
16530	-530.998	-562.7341	31.73607	2.159464	1.338975
16536	-530.1983	-560.6376	30.4392	1.129174	2.886648
16542	-535.626	-565.4332	29.80725	1.761124	2.886648
16548	-531.5949	-561.8082	30.21325	1.355127	2.886648
16554	-528.2748	-558.6165	30.34179	1.22659	2.886648
16560	-527.7697	-555.0754	27.3057	0.8928198	4.828831
16566	-533.9284	-560.9082	26.97984	1.218673	4.828831
16572	-538.4663	-565.4242	26.95793	0.3631043	5.315591
16578	-535.0243	-558.809	23.78478	0.948234	6.727372
16584	-536.3084	-564.893	28.58458	1.095381	3.99309
16590	-542.5202	-570.5395	28.01937	0.7564335	4.505539
16596	-550.5767	-578.5643	27.98751	0.7882988	4.505539
16602	-553.038	-583.3902	30.35214	4.156554	0.3259803
16608	-540.8031	-571.5796	30.77651	3.806447	0.4494826
16614	-535.8472	-567.4754	31.62816	1.479082	1.910971
16620	-528.5589	-560.2369	31.67803	1.581643	1.806701
16626	-526.5678	-558.1834	31.61567	1.644007	1.806701
16632	-524.762	-556.2059	31.44384	1.912083	1.739675
16638	-532.0895	-564.1507	32.06116	1.924407	1.265897
16644	-534.307	-565.8471	31.54008	2.022964	1.591649
16650	-537.2915	-567.8289	30.53749	2.010936	2.278287
16656	-527.6267	-557.4574	29.83066	1.325047	3.134107
16662	-528.0408	-560.1214	32.08064	1.988676	1.195345
16668	-523.5153	-555.7505	32.23515	1.988676	1.056225
16674	-522.7055	-554.9049	32.19943	1.660159	1.36748
16680	-527.6331	-560.0532	32.42012	2.128868	0.6538637
16686	-525.9302	-558.3649	32.43477	2.15356	0.4930831
16692	-530.9963	-562.6117	31.61544	2.194438	1.406346
16698	-535.969	-568.1784	32.20942	1.600458	1.406346
16704	-535.2837	-563.7764	28.49275	1.337314	3.907164
16710	-533.8571	-564.4548	30.59771	1.551172	2.530568
16716	-535.1002	-567.2687	32.1685	2.107989	1.005073
16722	-535.0799	-567.5747	32.49478	1.781706	1.005073
16728	-534.2127	-566.3775	32.16477	2.307534	0.7811295
16734	-532.5665	-564.5221	31.95561	2.582929	0.3582368
16740	-537.1998	-568.5704	31.37059	3.16908	0.359669
16746	-542.7326	-574.2474	31.51479	2.580133	1.173186
16752	-539.1814	-571.0498	31.86838	2.226552	1.173186
16758	-535.6037	-567.5051	31.90138	2.193544	1.173186
16764	-535.0976	-566.3481	31.25055	1.897901	1.882993
16770	-532.5271	-563.7179	31.19079	1.835538	1.965493
16776	-530.5967	-562.7986	32.2019	2.334178	0.6796833
16782	-535.0115	-565.6022	30.59075	2.132981	2.165175
16788	-533.182	-565.1922	32.01023	2.254208	1.016996
16794	-536.2719	-567.335	31.06313	3.474917	0.6759443
16800	-533.0674	-563.4339	30.36651	3.384361	0.09656108
16806	-526.3423	-556.6529	30.31066	3.384361	0.09015254
16812	-527.1777	-557.7025	30.52481	3.384361	0.1181031
16818	-527.374	-557.8957	30.52177	3.273461	0.1020562
16824	-529.2678	-559.7479	30.48008	3.273461	0.09688061
16830	-532.876	-563.3609	30.48494	3.273461	0.09746687
16836	-533.4001	-564.7032	31.30317	3.163751	0.7885496
16842	-536.1252	-566.4131	30.28797	2.226231	2.300179
16848	-535.1634	-566.266	31.10265	1.610954	2.171754
16854	-532.8875	-563.9849	31.09738	1.61622	2.171754
16860	-530.0326	-561.1559	31.12334	1.689171	2.107216
16866	-532.5268	-563.4745	30.94768	1.855664	2.113222
16872	-532.8209	-564.093	31.27214	1.531207	2.113222
16878	-535.9511	-565.6066	29.65552	1.450271	3.163776
16884	-529.9507	-562.3535	32.40276	1.570982	1.275645
16890	-528.7487	-561.3136	32.56496	1.985566	0.6505846
16896	-529.952	-561.187	31.23502	2.280512	1.626119
16902	-526.9055	-558.7121	31.8066	1.70893	1.626119
16908	-528.5309	-560.5259	31.99491	1.781536	1.432152
16914	-536.0735	-565.8695	29.79601	1.272733	3.185764
16920	-537.3778	-566.3703	28.9925	2.053761	3.199093
16926	-530.3775	-559.9744	29.59688	1.449374	3.199093
16932	-530.3457	-560.3491	30.00338	1.537164	2.903469
16938	-533.6822	-565.0007	31.31843	2.011226	1.75807
16944	-539.1357	-565.2625	26.1268	1.897448	4.92592
16950	-529.5055	-559.0719	29.56642	1.804803	3.005378
16956	-530.1098	-561.1795	31.0697	2.173211	1.81828
16962	-533.0543	-564.2585	31.20422	3.216601	0.8478498
16968	-530.7824	-563.0593	32.27692	2.1439	0.8478498
16974	-530.2794	-562.1922	31.91283	2.265085	1.099061
16980	-537.0913	-567.5073	30.41605	1.657972	2.577109
16986	-537.9268	-567.0322	29.1054	1.290944	3.580348
16992	-534.4379	-565.2711	30.83317	2.592834	1.690215
16998	-537.2511	-568.2818	31.03073	2.39527	1.690215
17004	-538.7695	-568.7171	29.94757	1.107871	3.193652
17010	-534.1188	-565.8777	31.75891	1.831204	1.571862
17016	-535.3795	-566.123	30.74354	1.797135	2.283252
17022	-541.3792	-573.7345	32.35527	1.797135	1.122254
17028	-539.3401	-567.7299	28.38977	1.508793	3.867855
17034	-531.9437	-560.1741	28.23039	1.277664	4.091177
17040	-530.4071	-558.7341	28.32697	1.181085	4.091177
17046	-535.8603	-564.5175	28.65721	0.8508444	4.091177
17052	-537.8503	-565.6882	27.83787	0.6240878	4.681635
17058	-530.0788	-558.3051	28.22627	1.10716	4.190482
17064	-529.6148	-556.0003	26.38546	0.8185733	5.380127
17070	-529.0787	-561.113	32.03422	2.086275	1.150741
17076	-533.4627	-564.4841	31.02143	2.223197	1.817097
17082	-532.1054	-564.0615	31.95608	1.897645	1.372097
17088	-532.9568	-564.1258	31.16897	2.254718	1.691861
17094	-535.1135	-566.9148	31.80128	1.818692	1.549898
17100	-533.1839	-564.8747	31.69074	1.929227	1.549898
17106	-536.3274	-566.7562	30.42883	1.614603	2.596071
17112	-535.4138	-567.4592	32.04546	2.04074	1.180777
17118	-536.0515	-568.5985	32.54703	2.04074	0.4820208
17124	-538.2555	-569.0112	30.75566	2.621577	1.724696
17130	-541.6176	-573.5897	31.97202	1.451933	1.691668
17136	-537.9208	-570.259	32.33819	2.020492	0.9194623
17142	-526.4012	-558.6347	32.23344	2.020492	1.027274
17148	-533.1969	-564.0886	30.89173	1.704915	2.247342
17154	-527.8253	-560.1659	32.34052	2.220577	0.6261763
17160	-533.9359	-565.8705	31.93461	2.402935	0.9422974
17166	-530.2993	-562.4776	32.1783	2.152006	0.9499769
17172	-534.3717	-566.1895	31.8178	2.252192	1.194766
17178	-530.682	-562.3116	31.6296	1.642326	1.798223
17184	-535.268	-567.4562	32.18827	2.355015	0.3644179
17190	-536.4633	-567.6827	31.21933	2.921492	1.132663
17196	-533.5369	-565.7602	32.22329	2.363079	0.5327472
17202	-534.4928	-565.7656	31.27278	2.210748	1.649156
17208	-532.2466	-564.7268	32.48021	1.312477	1.419646
17214	-533.5996	-565.894	32.29438	1.991509	0.9956817
17220	-526.9483	-558.821	31.87271	2.218535	1.176394
17226	-528.548	-560.1526	31.60454	2.260284	1.363347
17232	-529.2838	-560.1156	30.83184	1.875058	2.176106
17238	-530.0674	-560.4892	30.42173	1.26481	2.815001
17244	-531.319	-563.6642	32.34516	1.916219	1.019996
17250	-530.5173	-560.7843	30.26705	2.687918	2.013158
17256	-530.8052	-559.9636	29.15836	1.668409	3.328693
17262	-534.2037	-563.4189	29.21519	2.007366	3.094287
17268	-533.3929	-565.1019	31.70901	1.840028	1.601847
17274	-538.0675	-569.1459	31.07835	2.838508	1.321895
17280	-528.966	-560.4357	31.46969	2.276546	1.455267
17286	-534.6948	-566.5571	31.86233	1.889922	1.450676
17292	-529.4235	-561.3778	31.95434	1.989195	1.300326
17298	-536.2977	-568.4688	32.17118	1.642709	1.403236
17304	-537.8608	-569.7521	31.89131	1.745236	1.53764
17310	-541.6095	-573.0552	31.44569	1.876339	1.763393
17316	-537.3829	-565.9097	28.52684	1.281076	3.91986
17322	-541.7968	-574.0088	32.21205	1.841495	1.208851
17328	-536.3079	-568.6496	32.34173	1.649538	1.261175
17334	-534.5111	-565.862	31.35086	2.141957	1.642486
17340	-529.3217	-560.5371	31.21536	2.27746	1.642486
17346	-531.4596	-562.374	30.91439	2.170772	1.925908
17352	-531.4383	-563.3998	31.96147	2.339021	0.9808954
17358	-531.6045	-561.7043	30.09978	2.121578	2.485305
17364	-534.3607	-566.3552	31.99443	2.161931	1.118683
17370	-539.7309	-571.1452	31.41429	1.822195	1.822708
17376	-534.9244	-564.238	29.31355	1.785735	3.167636
17382	-533.2109	-564.4736	31.26275	1.514295	2.13043
17388	-539.3759	-570.8277	31.45181	2.037397	1.645082
17394	-539.8597	-571.8741	32.01433	1.632378	1.530101
17400	-536.325	-568.0207	31.69568	2.716682	0.8580768
17406	-536.4919	-568.1126	31.62071	2.201198	1.397
17412	-531.119	-561.9475	30.82847	1.816542	2.216172
17418	-530.7542	-561.9072	31.15294	1.49207	2.216172
17424	-532.9199	-563.1855	30.2656	1.367315	2.847564
17430	-536.9177	-568.2765	31.3588	1.16018	2.297129
17436	-530.4324	-559.4436	29.01111	0.7536974	3.944553
17442	-530.5019	-559.518	29.01615	0.8681587	3.876039
17448	-528.5719	-560.5246	31.95265	1.710519	1.517855
17454	-528.275	-560.3017	32.02673	1.669982	1.492736
17460	-522.2361	-553.5281	31.29195	1.696938	1.990548
17466	-527.4742	-559.4697	31.99551	1.964089	1.287239
17472	-531.3488	-562.4904	31.14163	1.516707	2.207564
17478	-530.9786	-560.8776	29.89906	1.812154	2.799992
17484	-529.4955	-559.4199	29.92445	1.479422	2.985783
17490	-529.7557	-560.0148	30.25907	1.144797	2.985783
17496	-528.2248	-558.2832	30.05845	1.401879	2.95184
17502	-534.5558	-565.5742	31.01839	1.398138	2.362353
17508	-537.2594	-569.0227	31.76328	1.609215	1.728029
17514	-532.862	-565.2083	32.34634	1.609215	1.290538
17520	-531.4742	-563.3765	31.90233	2.588859	0.7540305
17526	-532.4757	-564.3736	31.89788	2.588859	0.7605853
17532	-529.6505	-561.7978	32.14728	2.39573	0.364042
17538	-529.5614	-561.4896	31.92818	2.39573	0.9567001
17544	-524.4709	-556.7704	32.29955	2.19238	0.7529317
17550	-523.8606	-556.2414	32.38073	2.184571	0.6153887
17556	-529.6402	-562.0677	32.4275	1.709008	1.136518
17562	-530.1874	-562.8059	32.61843	1.938958	0.6351446
17568	-528.9033	-561.5222	32.61889	1.898815	0.7123212
17574	-534.3882	-566.1624	31.77417	2.583343	0.2324146
17580	-530.5275	-562.0047	31.47714	1.259923	2.156499
17586	-533.2868	-565.3426	32.05576	1.576439	1.540858
17592	-531.9111	-562.1973	30.28619	1.497442	2.75583
17598	-534.044	-564.7872	30.74319	1.472389	2.488923
17604	-533.4119	-564.4698	31.0579	1.193995	2.466173
17610	-534.0616	-566.2428	32.18121	2.196617	0.8981853
17616	-534.8732	-567.1086	32.23533	2.346969	0.4466671
17622	-536.3021	-568.8169	32.51484	1.905913	0.8479378
17628	-537.3502	-569.4429	32.09275	2.491772	0.4570767
17634	-530.3844	-562.3398	31.95537	1.552142	1.631904
17640	-530.5737	-561.9448	31.37109	1.670896	1.954987
17646	-531.5292	-563.3939	31.86478	1.646019	1.629537
17652	-525.8933	-557.5076	31.61429	1.623064	1.822107
17658	-525.7689	-557.9843	32.21535	1.631016	1.377875
17664	-539.6296	-571.5461	31.91649	1.546616	1.663781
17670	-530.9534	-561.9411	30.98778	1.229372	2.487942
17676	-532.4774	-561.5661	29.08876	1.710437	3.34491
17682	-529.5016	-561.4803	31.97872	1.695137	1.509869
17688	-529.9738	-561.564	31.59017	2.478106	1.196239
17694	-526.1762	-556.22	30.04377	1.473845	2.917309
17700	-530.0562	-559.4244	29.3682	1.001438	3.595863
17706	-526.0668	-556.0403	29.97352	0.9173344	3.290951
17712	-529.4603	-561.0906	31.63027	1.108463	2.155413
17718	-529.7972	-559.648	29.85085	1.156546	3.222106
17724	-527.8144	-557.8122	29.99781	1.401297	2.988648
17730	-525.4361	-556.8374	31.40129	1.671688	1.934127
17736	-533.1092	-563.7754	30.66626	1.155278	2.732658
17742	-547.4924	-575.1959	27.70354	1.352491	4.347582
17748	-542.1041	-571.6557	29.55159	1.440059	3.231427
17754	-528.2637	-560.7347	32.47102	2.096011	0.6106894
17760	-526.6949	-559.2029	32.50797	2.060011	0.6080271
17766	-530.963	-563.0564	32.09338	1.744713	1.384364
17772	-528.3097	-560.985	32.67533	1.685274	0.9173539
17778	-533.3362	-565.4833	32.14715	1.685274	1.388792
17784	-536.6168	-568.3626	31.74585	2.305123	1.211046
17790	-535.0628	-564.4229	29.36005	1.599516	3.250391
17796	-530.4446	-560.8893	30.44472	1.76507	2.492543
17802	-531.8027	-562.2129	30.41018	1.799611	2.492543
17808	-539.1889	-571.3036	32.11478	2.323685	0.8259407
17814	-532.6167	-564.0557	31.43899	2.130081	1.587255
17820	-533.6772	-565.0972	31.42007	3.04824	0.7866472
17826	-527.5227	-558.7299	31.20716	3.157875	0.2357251
17832	-530.8738	-561.4157	30.54195	3.39359	0.1222752
17838	-531.3973	-562.1647	30.76739	3.292527	0.1448691
17844	-532.6235	-563.9783	31.35474	3.15006	0.7332564
17850	-531.3446	-561.3644	30.0198	1.769678	2.752262
17856	-532.1397	-564.6091	32.46945	1.953538	0.8452118
17862	-530.1401	-560.9611	30.82102	1.406674	2.481342
17868	-534.4432	-565.636	31.19275	1.317717	2.302566
17874	-529.5814	-561.6157	32.03426	1.607054	1.534105
17880	-524.8831	-556.5829	31.69971	2.103943	1.411171
17886	-524.4005	-556.6707	32.27018	2.168277	0.8259516
17892	-526.0673	-557.0126	30.94528	2.447526	1.713714
17898	-530.6252	-562.9279	32.30264	2.285125	0.5184096
17904	-529.7794	-560.0749	30.29545	1.387386	2.817254
17910	-523.5252	-553.7668	30.2416	1.44123	2.817254
17916	-528.3358	-560.2786	31.94283	1.711693	1.524289
17922	-525.6117	-557.1787	31.56699	2.024183	1.571088
17928	-527.0299	-558.6919	31.66199	2.467946	1.142377
17934	-529.1212	-560.9082	31.78701	2.799619	0.530623
17940	-528.9676	-559.9413	30.97375	2.333503	1.773694
17946	-529.445	-561.4569	32.01193	1.97296	1.266453
17952	-530.0583	-561.9878	31.92955	2.163329	1.174968
17958	-523.9111	-556.1617	32.25063	2.034924	0.9960132
17964	-531.0171	-563.5251	32.50806	1.777499	0.9960132
17970	-536.2757	-568.1245	31.84878	1.513679	1.735087
17976	-532.0364	-563.8031	31.76666	2.023377	1.421694
17982	-538.0685	-567.6378	29.56925	1.045114	3.453267
17988	-532.5526	-562.7432	30.19059	1.780846	2.64057
17994	-532.1059	-563.595	31.48903	1.430735	2.036526
18000	-534.7876	-565.2626	30.47505	1.697759	2.515647
18006	-533.2989	-563.7064	30.40747	1.765341	2.515647
18012	-523.9034	-554.528	30.62455	1.67062	2.438998
18018	-525.0519	-557.264	32.2121	2.312229	0.7009936
18024	-526.6537	-557.9477	31.29395	1.92985	1.831436
18030	-528.9215	-560.1269	31.20538	1.797674	1.981085
18036	-529.1517	-560.3757	31.22405	1.550789	2.131869
18042	-531.2962	-562.4904	31.19425	2.174568	1.730621
18048	-536.5765	-568.6733	32.09679	2.109087	1.073147
18054	-533.4103	-563.9499	30.53961	2.137786	2.195238
18060	-536.9921	-568.7414	31.74932	2.492454	1.039058
18066	-525.5357	-556.9335	31.39779	2.472418	1.359093
18072	-525.5418	-555.953	30.41127	1.65416	2.582437
18078	-530.6498	-560.2149	29.56504	1.976002	2.903168
18084	-534.5956	-561.83	27.23432	1.173171	4.712109
18090	-536.0899	-565.8972	29.80729	1.367817	3.122564
18096	-531.6098	-563.4448	31.83498	1.523909	1.737594
18102	-531.5431	-564.1783	32.63515	1.895609	0.6895473
18108	-528.8811	-560.8912	32.01013	1.722737	1.465425
18114	-530.6597	-561.7786	31.11892	2.4703	1.572516
18120	-538.8276	-570.5676	31.74004	2.283825	1.233979
18126	-538.9568	-571.05	32.09322	1.577005	1.512588
18132	-535.2356	-565.0348	29.7992	1.139339	3.262812
18138	-533.2393	-564.1251	30.88582	1.594567	2.321759
18144	-533.4313	-565.2216	31.79027	1.561511	1.742581
18150	-536.2886	-568.2267	31.93815	1.548278	1.647075
18156	-533.3257	-564.2035	30.87781	1.827596	2.177077
18162	-530.7479	-560.9589	30.21098	1.593096	2.743341
18168	-529.5485	-560.5215	30.97303	1.685821	2.207232
18174	-532.9295	-563.8728	30.94335	1.318383	2.460006
18180	-529.6819	-561.8614	32.17947	2.101021	1.00108
18186	-528.5952	-560.3899	31.79468	1.94914	1.457104
18192	-528.6014	-560.9832	32.38186	1.981068	0.9148028
18198	-528.5031	-560.7797	32.27659	1.981068	1.023643
18204	-530.9053	-562.2989	31.39364	1.736998	1.895104
18210	-531.4164	-562.8912	31.47482	1.59207	1.938229
18216	-527.7872	-559.1307	31.34349	1.814163	1.876724
18222	-527.2788	-557.4048	30.12601	1.655881	2.756896
18228	-531.4358	-563.1342	31.69839	1.548367	1.815623
18234	-529.6826	-561.8911	32.2085	2.140856	0.9296195
18240	-531.3502	-562.7255	31.37528	3.028882	0.8678198
18246	-525.1641	-557.3204	32.15636	2.329251	0.7622331
18252	-525.1975	-557.3669	32.1694	2.205157	0.901863
18258	-528.8778	-560.0893	31.21149	1.707695	2.036915
18264	-528.9974	-560.6042	31.60678	1.34026	2.018425
18270	-527.0717	-559.1705	32.09887	1.81415	1.324973
18276	-530.8579	-563.25	32.3921	1.704189	1.172001
18282	-525.3487	-555.9626	30.61392	1.510544	2.545774
18288	-528.2247	-559.896	31.67135	1.332244	1.980724
18294	-525.7533	-557.1648	31.41152	1.592074	1.980724
18300	-525.1556	-555.7745	30.61883	1.595537	2.489679
18306	-531.4779	-561.8068	30.32892	1.885447	2.489679
18312	-525.0799	-556.1396	31.05976	1.267703	2.418664
18318	-530.8257	-559.8434	29.01763	0.6813777	3.9822
18324	-527.1447	-556.246	29.10134	0.7164681	3.914186
18330	-528.5797	-558.059	29.47931	0.661653	3.728278
18336	-524.3439	-553.5268	29.1829	0.9580641	3.728278
18342	-530.4321	-558.978	28.54585	1.073584	4.027662
18348	-528.4418	-557.0798	28.63798	0.9814532	4.027662
18354	-533.9354	-562.547	28.61164	1.007793	4.027662
18360	-537.2437	-566.5622	29.31841	0.9172672	3.673527
18366	-535.2784	-563.92	28.64159	1.63726	3.648524
18372	-532.8349	-564.4058	31.57085	2.498731	1.195119
18378	-530.5906	-563.1467	32.55617	2.01269	0.6055457
18384	-539.0283	-570.8016	31.77333	2.49966	1.008549
18390	-540.3634	-571.0461	30.68274	2.343518	1.965546
18396	-545.7624	-577.3774	31.61496	2.621299	1.044361
18402	-539.8087	-566.9968	27.18806	0.8295126	4.929636
18408	-533.0429	-564.3426	31.29971	1.685308	1.993132
18414	-535.0786	-563.6065	28.52787	1.013665	4.072097
18420	-530.6279	-561.7584	31.13047	1.592949	2.165374
18426	-533.9102	-566.447	32.5368	2.030577	0.6097228
18432	-529.7017	-560.9134	31.21167	2.325992	1.610106
18438	-527.0687	-559.4917	32.42293	2.16393	0.5284934
18444	-529.0028	-561.1377	32.13493	2.372033	0.7298377
18450	-527.2787	-559.6652	32.38647	1.621755	1.247077
18456	-525.9986	-557.5571	31.55843	1.734696	1.783517
18462	-529.673	-561.8302	32.15714	2.173118	0.9500298
18468	-533.8463	-566.2199	32.37366	2.193782	0.6095371
18474	-532.0059	-563.6027	31.59679	2.076092	1.510603
18480	-536.1115	-568.0295	31.91805	2.210011	1.144044
18486	-532.6953	-561.2563	28.56102	1.829403	3.583786
18492	-535.8953	-566.9924	31.0971	1.842258	2.023531
18498	-532.7572	-561.7149	28.95765	1.318659	3.649996
18504	-528.5993	-557.6832	29.08389	1.192418	3.649996
18510	-535.5369	-565.0252	29.48827	2.35903	2.716883
18516	-526.8471	-558.4614	31.61427	2.509553	1.147797
18522	-533.021	-564.0137	30.99266	2.811754	1.410579
18528	-528.6385	-561.1283	32.48978	2.091473	0.4424775
18534	-525.0775	-556.9532	31.87573	2.576097	0.2820654
18540	-527.2347	-559.5775	32.34289	2.208846	0.6479363
18546	-528.1946	-559.9934	31.79885	2.208846	1.247521
18552	-524.3564	-556.1941	31.83766	2.16446	1.252161
18558	-527.7989	-559.7152	31.91622	1.683413	1.564876
18564	-522.9568	-554.4897	31.53299	1.497998	1.962369
18570	-525.6597	-555.6795	30.01977	1.385725	2.98481
18576	-529.5175	-556.759	27.24148	0.887477	4.867612
18582	-528.5585	-555.6027	27.04427	0.5309503	5.17511
18588	-529.5606	-556.2078	26.64725	0.9279666	5.17511
18594	-529.7699	-558.8817	29.11174	0.7923313	3.864691
18600	-533.5493	-564.1574	30.60812	1.544608	2.528172
18606	-693.4531	-661.3339	-32.11913	16.90337	27.40401
18606	-693.4531	-661.3339	-32.11913	16.90337	27.40401
18606	-693.4531	-661.3339	-32.11913	16.90337	27.40401
18606	-693.4531	-661.3339	-32.11913	16.90337	27.40401
18606	-693.4531	-661.3339	-32.11913	16.90337	27.40401
