Iteration	Posterior	Likelihood	Prior	rate_log_sd	tree_length
0	-529.3233	-561.4539	32.13059	1.426267	1.596162
6	-531.7982	-563.678	31.87983	2.704779	0.4575777
12	-532.2362	-564.2856	32.04933	2.522201	0.5976368
18	-535.5364	-565.1456	29.60922	2.291037	2.684387
24	-534.2847	-566.0609	31.77615	2.212069	1.263701
30	-534.2126	-565.6527	31.44011	2.347366	1.423666
36	-530.9033	-562.3581	31.45482	1.662249	1.904317
42	-530.695	-561.8613	31.16633	1.47799	2.21662
48	-532.9868	-560.3726	27.38583	1.178304	4.624393
54	-529.332	-560.0275	30.69549	3.283169	0.1295267
60	-529.1217	-560.2091	31.08746	3.022165	0.1555359
66	-533.1519	-564.1942	31.04235	3.067277	0.1555359
72	-527.7582	-559.7057	31.94748	1.740753	1.499108
78	-528.1082	-558.5791	30.47091	1.22254	2.810796
84	-526.7771	-557.1625	30.38531	1.482064	2.704576
90	-525.1796	-556.2051	31.02547	1.035701	2.58508
96	-530.9191	-561.7263	30.80717	1.265013	2.578254
102	-529.2004	-557.3895	28.18911	1.229885	4.141862
108	-528.3287	-559.2559	30.92729	1.591916	2.296983
114	-527.3693	-557.842	30.47267	1.58618	2.586521
120	-530.7402	-560.2156	29.47547	1.353081	3.327645
126	-533.431	-562.5718	29.1408	1.687746	3.327645
132	-535.8471	-566.9778	31.13064	3.288087	0.8504058
138	-534.6073	-566.3845	31.77716	2.522209	0.9820414
144	-528.5901	-560.0463	31.45618	2.259665	1.478317
150	-532.6358	-564.8265	32.19073	1.861887	1.209645
156	-535.1482	-567.6824	32.53427	1.853238	0.8871795
162	-531.9237	-563.5592	31.63552	1.549704	1.857902
168	-535.0464	-566.3564	31.31	1.485706	2.118222
174	-531.6142	-562.9999	31.38568	2.750806	1.136536
180	-531.6768	-562.5665	30.88969	1.422533	2.428263
186	-539.9084	-570.0561	30.14766	1.347	2.931159
192	-538.7975	-568.3303	29.53283	1.96183	2.931159
198	-532.1402	-562.135	29.99473	1.49993	2.931159
204	-536.8742	-567.2893	30.41511	1.888682	2.433569
210	-535.3857	-564.822	29.43625	1.259274	3.405761
216	-530.7076	-560.9396	30.23196	1.65855	2.690372
222	-531.2639	-563.3766	32.11261	1.853878	1.281596
228	-525.1142	-556.9017	31.7875	1.66499	1.671365
234	-536.3918	-565.6308	29.23905	1.676292	3.276508
240	-535.2113	-565.6676	30.45632	2.928967	1.719019
246	-532.505	-562.3934	29.88839	2.314225	2.497034
252	-534.6996	-566.3359	31.63625	2.275023	1.326375
258	-535.7427	-568.0381	32.2954	1.615877	1.326375
264	-531.4255	-561.6487	30.22318	1.224569	2.959407
270	-537.5742	-568.4396	30.86537	1.418609	2.446034
276	-535.899	-566.7222	30.82312	1.257241	2.573178
282	-537.4854	-566.7341	29.2487	0.8834751	3.733352
288	-537.0668	-568.0767	31.00991	1.113502	2.546429
294	-538.0566	-568.5986	30.54203	1.581381	2.546429
300	-543.0501	-571.259	28.20882	1.075325	4.218449
306	-543.5326	-575.1382	31.60557	1.036861	2.217837
312	-532.1903	-563.1072	30.91698	1.414713	2.415996
318	-529.1919	-560.5725	31.38053	1.645309	1.965823
324	-527.5273	-559.0629	31.53562	1.444208	1.996598
330	-532.3595	-563.9654	31.60589	2.343929	1.295219
336	-529.2776	-557.7508	28.47317	1.11074	4.047938
342	-525.3587	-554.704	29.34526	1.170889	3.51061
348	-534.639	-564.2059	29.56693	0.9492148	3.51061
354	-535.1128	-564.453	29.34021	1.137049	3.53327
360	-530.7631	-560.7461	29.98305	1.666071	2.837732
366	-532.8877	-564.0414	31.15372	1.233526	2.380906
372	-530.3017	-560.4846	30.18289	1.222285	2.985002
378	-534.6293	-563.7029	29.07362	1.458446	3.501328
384	-535.9912	-567.8533	31.8621	2.68442	0.6590449
390	-529.8735	-561.3463	31.47276	2.073691	1.603729
396	-529.2626	-560.4906	31.22795	1.98487	1.838983
402	-533.6056	-564.9579	31.35232	1.252945	2.241793
408	-529.6945	-559.9805	30.28597	1.468204	2.77381
414	-538.1007	-570.2695	32.16878	2.208213	0.8991248
420	-533.5015	-565.8525	32.35095	2.024898	0.9004161
426	-535.8776	-566.9802	31.10254	2.199047	1.777635
432	-537.3726	-569.2087	31.83607	1.601266	1.682159
438	-534.4809	-566.6614	32.18045	2.09061	1.010466
444	-531.7274	-563.4581	31.73069	1.634826	1.732943
450	-528.0431	-560.3927	32.34964	2.234098	0.4531137
456	-530.8984	-563.6218	32.72338	1.454776	1.098834
462	-528.5231	-560.8725	32.34942	1.729982	1.186656
468	-533.9897	-564.2701	30.28038	1.631607	2.677176
474	-533.556	-564.8603	31.30437	3.169371	0.779126
480	-528.6471	-560.8135	32.16646	1.337118	1.634738
486	-529.931	-558.5922	28.66123	0.7798734	4.129286
492	-532.7949	-564.7982	32.00329	2.511509	0.7171683
498	-534.047	-566.2314	32.18444	1.871366	1.206924
504	-535.9232	-568.2232	32.29999	2.285648	0.5383134
510	-535.3488	-567.1852	31.83647	2.751958	0.5009732
516	-532.2304	-564.0099	31.7795	2.46747	1.034037
522	-528.3322	-560.4342	32.10196	2.075861	1.099139
528	-534.5073	-564.5209	30.0136	2.335307	2.405138
534	-531.5275	-563.1677	31.64023	2.650769	0.9905349
540	-527.7886	-559.6988	31.91025	2.650769	0.3918913
546	-523.1575	-555.1006	31.94305	2.561823	0.3224564
552	-526.275	-558.3172	32.04218	2.38397	0.8413257
558	-523.328	-554.7356	31.40766	1.575653	1.994274
564	-526.8149	-555.944	29.12914	1.616118	3.37659
570	-524.9677	-555.0862	30.11847	1.923828	2.596774
576	-524.5139	-552.7877	28.27374	1.146737	4.141021
582	-520.2643	-550.6273	30.36293	1.118253	2.939277
588	-523.8546	-554.7707	30.91605	1.619188	2.28673
594	-524.9031	-556.11	31.20688	1.548444	2.144603
600	-526.6236	-558.0245	31.40084	1.354485	2.144603
606	-529.8183	-560.0575	30.2392	1.293804	2.908023
612	-531.972	-557.5496	25.5776	1.257976	5.582848
618	-528.0425	-558.0665	30.02401	1.257976	3.058806
624	-529.8727	-559.0134	29.14067	1.414886	3.487621
630	-534.7105	-566.0593	31.34871	1.724273	1.93412
636	-528.9731	-561.4755	32.50237	2.070077	0.5947948
642	-535.113	-567.3479	32.23496	2.143534	0.8974362
648	-531.1874	-563.5631	32.37574	2.20565	0.4429903
654	-536.9064	-568.7116	31.80519	1.68357	1.645398
660	-541.4977	-573.2732	31.77552	2.073449	1.375836
666	-541.1792	-572.6441	31.4649	1.637012	1.914579
672	-535.6427	-566.044	30.40129	1.921175	2.421814
678	-540.5864	-571.9168	31.3304	1.812202	1.886974
684	-533.5967	-564.3575	30.76084	1.848042	2.239465
690	-530.9635	-562.8196	31.8561	1.77088	1.544716
696	-533.2416	-565.4401	32.19851	1.8776	1.189498
702	-534.1248	-565.8571	31.73224	1.066166	2.116458
708	-529.743	-557.1093	27.36628	0.92287	4.77825
714	-532.2912	-560.2145	27.92331	0.9033175	4.476945
720	-527.3597	-558.7747	31.41506	1.461365	2.065184
726	-537.4391	-568.1757	30.73663	2.306441	1.954256
732	-535.2015	-566.5863	31.38477	1.347779	2.159435
738	-530.8044	-561.2225	30.41801	1.314761	2.786859
744	-538.2131	-569.9164	31.7033	2.078895	1.427739
750	-532.7038	-563.7989	31.09504	2.220177	1.768147
756	-533.3144	-564.191	30.87655	1.578433	2.337931
762	-534.1475	-562.6021	28.45465	1.439144	3.870595
768	-530.7954	-560.442	29.64659	1.932975	2.879878
774	-537.4624	-567.7377	30.27523	1.697476	2.639782
780	-531.1352	-561.6973	30.5621	1.273966	2.723762
786	-534.4099	-564.4284	30.01841	1.774201	2.750345
792	-534.0803	-564.522	30.44173	1.350887	2.750345
798	-528.7146	-560.8324	32.11779	1.722389	1.38273
804	-531.2414	-563.6353	32.39388	2.044989	0.825426
810	-532.7329	-563.8389	31.10598	2.122743	1.828049
816	-533.7113	-563.0139	29.3026	1.375421	3.416012
822	-530.9958	-560.7279	29.732	0.9719429	3.400824
828	-528.4145	-558.8313	30.41679	1.52099	2.661307
834	-532.1692	-562.9095	30.74031	2.105263	2.085507
840	-527.9758	-558.6828	30.70703	2.19253	2.049904
846	-527.1096	-558.8621	31.7525	1.547516	1.778727
852	-529.9359	-561.9407	32.00479	2.025889	1.228237
858	-528.7763	-560.9435	32.16715	1.957275	1.147271
864	-528.868	-560.8036	31.93566	2.188757	1.147271
870	-525.1403	-554.6763	29.53599	1.342258	3.298381
876	-529.3045	-559.6413	30.33684	1.469399	2.742016
882	-526.0566	-556.6852	30.62861	1.06233	2.812321
888	-533.6173	-563.9008	30.28342	2.272679	2.273373
894	-530.0526	-562.4656	32.41305	2.051888	0.791241
900	-529.6879	-561.7574	32.06954	1.717723	1.423836
906	-527.6413	-559.6416	32.00028	1.577972	1.580546
912	-528.7085	-560.1876	31.47914	1.908764	1.717179
918	-529.0469	-560.6606	31.61377	1.467431	1.92858
924	-537.3525	-568.2755	30.92303	1.470311	2.377048
930	-534.4856	-565.2216	30.73603	1.557894	2.439781
936	-531.3696	-560.5815	29.21191	1.057065	3.654246
942	-533.5566	-561.6324	28.07583	1.128335	4.263786
948	-538.1589	-565.4372	27.27827	1.051956	4.755306
954	-530.5456	-561.8766	31.33097	1.337169	2.201225
960	-540.059	-567.616	27.55695	0.7732789	4.755306
966	-537.5914	-564.2716	26.68013	0.9621558	5.137976
972	-534.1326	-564.1623	30.02972	0.9581782	3.233645
978	-531.7686	-563.5886	31.81996	1.517818	1.752386
984	-531.0258	-561.9163	30.89045	1.652151	2.282018
990	-528.3389	-560.758	32.41909	1.988716	0.8635112
996	-531.3024	-562.4442	31.14179	2.90991	1.210427
1002	-535.8807	-566.3557	30.475	1.062432	2.90535
1008	-531.5716	-560.8472	29.27558	1.062432	3.614221
1014	-533.5002	-563.966	30.46584	1.409196	2.699872
1020	-531.3641	-562.8777	31.51353	1.402866	2.038762
1026	-527.9362	-559.6296	31.69339	1.482394	1.864352
1032	-529.3118	-559.3294	30.01765	1.092931	3.160934
1038	-528.0243	-558.299	30.2747	0.8358746	3.160934
1044	-534.0881	-564.6861	30.59799	2.383175	1.995707
1050	-529.6168	-561.7851	32.1683	1.783939	1.293249
1056	-530.1856	-561.895	31.70939	1.533117	1.818559
1062	-527.6561	-558.9566	31.30045	1.180755	2.321234
1068	-529.8132	-557.3667	27.55356	0.663322	4.818587
1074	-533.9021	-562.1127	28.21067	1.343628	4.064825
1080	-531.1334	-563.06	31.92665	1.476147	1.70666
1086	-536.0407	-564.9484	28.90773	1.729337	3.439989
1092	-532.9657	-560.5	27.5343	0.9897502	4.646861
1098	-532.5639	-562.2352	29.67134	0.9582182	3.444379
1104	-530.3979	-562.7971	32.39917	1.981159	0.8953619
1110	-531.8029	-561.2772	29.47424	0.8850465	3.60187
1116	-535.3388	-566.1014	30.7626	1.206752	2.641854
1122	-530.3473	-560.5736	30.22631	1.976872	2.496676
1128	-536.5019	-566.1383	29.63635	2.205201	2.720403
1134	-534.0297	-566.2193	32.18959	2.123057	0.9684208
1140	-537.0373	-563.4711	26.43381	0.856906	5.332323
1146	-535.7333	-562.3779	26.64453	0.6461853	5.332323
1152	-536.173	-567.0309	30.85783	1.792675	2.212625
1158	-533.6271	-564.1187	30.49158	1.045145	2.905778
1164	-542.6681	-572.5552	29.88712	1.668002	2.894663
1170	-535.9664	-566.4123	30.44595	1.109173	2.894663
1176	-530.3911	-561.7209	31.32985	1.78016	1.909096
1182	-528.7204	-558.6159	29.89549	1.643005	2.904705
1188	-529.2924	-561.4992	32.20674	2.124936	0.9485306
1194	-527.2575	-559.8076	32.55013	1.898831	0.8124697
1200	-529.59	-562.0083	32.4183	1.924828	0.9363309
1206	-528.8278	-560.7141	31.88625	1.660839	1.603262
1212	-530.0488	-562.4445	32.39574	2.087693	0.7653821
1218	-526.5356	-558.3732	31.83756	2.650201	0.3078705
1224	-524.8375	-556.0377	31.20019	2.931156	0.1605556
1230	-524.7643	-556.1615	31.39721	2.850732	0.1921947
1236	-528.9228	-560.0595	31.13674	3.018533	0.1663632
1242	-531.9806	-563.3806	31.39998	2.878085	0.2019911
1248	-535.9961	-567.6518	31.65567	2.932579	0.5094961
1254	-532.4572	-563.8673	31.41009	2.932579	0.2261297
1260	-538.7575	-565.848	27.09049	0.529548	5.150296
1266	-532.2009	-559.3693	27.16839	0.4516487	5.150296
1272	-524.6827	-555.9896	31.30684	3.005149	0.2140733
1278	-529.0729	-561.0981	32.02518	2.545977	0.412735
1284	-538.1785	-566.7574	28.57893	1.001232	4.050074
1290	-529.885	-561.8177	31.93275	2.252277	1.092512
1296	-537.359	-568.7106	31.35157	1.762774	1.906162
1302	-548.4021	-580.1986	31.79648	1.817734	1.554144
1308	-544.2792	-576.2179	31.93865	1.937624	1.35429
1314	-539.7686	-569.6756	29.90702	3.596654	1.634676
1320	-535.3286	-566.0709	30.74232	2.538565	1.792018
1326	-537.174	-566.2109	29.03684	1.715136	3.372651
1332	-541.7515	-572.8468	31.09529	1.454137	2.277645
1338	-530.5067	-560.8095	30.30281	1.155562	2.953018
1344	-539.3065	-568.6441	29.3376	0.9275988	3.656434
1350	-534.7135	-566.891	32.1775	1.693982	1.358084
1356	-532.3363	-563.6785	31.34226	2.529226	1.358084
1362	-535.2203	-567.0871	31.8668	2.473717	0.9391332
1368	-534.1074	-566.5496	32.44228	1.955073	0.8758072
1374	-533.1611	-565.1883	32.02728	1.434189	1.664954
1380	-538.6616	-571.3102	32.64862	1.716257	0.9126483
1386	-538.9201	-571.35	32.42991	1.934966	0.9126483
1392	-536.6267	-569.1535	32.52677	1.934966	0.7955757
1398	-532.7439	-565.1006	32.35667	1.904193	1.020506
1404	-531.7989	-564.0682	32.26925	2.279708	0.6539459
1410	-533.6411	-565.4452	31.80417	1.881966	1.50068
1416	-543.7279	-575.163	31.43519	2.701749	1.136131
1422	-530.6903	-562.9654	32.27511	1.861837	1.136131
1428	-528.8924	-561.1702	32.2778	2.305024	0.4489352
1434	-525.5522	-557.9767	32.42448	2.131964	0.6373311
1440	-526.9608	-558.63	31.66918	2.715076	0.2446077
1446	-530.5642	-562.1396	31.57537	2.715076	0.2062637
1452	-531.9242	-563.7741	31.84993	2.604719	0.283902
1458	-526.3476	-557.4952	31.14755	3.023625	0.1704019
1464	-526.5966	-557.9728	31.37614	2.867473	0.1908511
1470	-526.7373	-558.1412	31.4039	2.867473	0.1997441
1476	-528.3444	-560.5169	32.17249	2.220605	0.8807488
1482	-523.1753	-555.5149	32.33956	1.775598	1.155455
1488	-522.5511	-554.396	31.84487	2.1827	1.230861
1494	-524.8946	-555.5735	30.67886	1.508313	2.506684
1500	-528.0256	-559.1927	31.16713	1.550639	2.169048
1506	-530.3382	-562.6497	32.31153	2.201659	0.719805
1512	-528.2922	-560.1236	31.83138	2.251319	1.183802
1518	-531.9258	-560.9803	29.05456	1.684237	3.380386
1524	-525.4927	-558.0753	32.58258	1.822643	0.8665671
1530	-532.2016	-564.3315	32.12995	2.293597	0.8445273
1536	-528.0594	-559.3911	31.33165	1.905273	1.822406
1542	-529.1606	-560.7054	31.54483	2.128523	1.51025
1548	-528.1027	-559.8871	31.78447	2.061004	1.378578
1554	-526.6191	-556.7165	30.09734	1.068004	3.128371
1560	-527.4448	-557.6104	30.16564	1.451452	2.857155
1566	-532.0434	-562.5429	30.49952	1.157388	2.833005
1572	-529.9498	-561.3281	31.37829	2.817922	1.082159
1578	-531.3782	-563.1886	31.81038	2.120027	1.310968
1584	-532.0363	-564.1513	32.11497	1.775824	1.342748
1590	-529.9531	-561.7833	31.83021	2.316172	1.127678
1596	-531.304	-562.2444	30.94037	1.43467	2.388631
1602	-530.8955	-558.9951	28.09962	1.270374	4.169718
1608	-528.3439	-559.4573	31.11344	1.295037	2.367459
1614	-531.0595	-560.8876	29.82813	1.565721	2.991801
1620	-525.5012	-557.8735	32.37229	2.203016	0.5854348
1626	-524.3068	-556.6311	32.32433	2.203016	0.6956874
1632	-537.1827	-568.7576	31.57492	2.196198	1.436242
1638	-536.8403	-569.1049	32.26465	2.323772	0.4976892
1644	-536.7602	-568.8494	32.08922	2.456497	0.3677436
1650	-527.5307	-559.7156	32.18489	2.390166	0.4226285
1656	-528.9013	-561.152	32.25069	2.318223	0.6053999
1662	-528.2905	-560.4835	32.19304	2.359508	0.3777415
1668	-528.5815	-560.9889	32.40736	2.169943	0.429088
1674	-530.958	-563.2082	32.25018	1.390769	1.534376
1680	-527.0011	-559.2264	32.22532	1.598518	1.395489
1686	-528.629	-560.7851	32.15609	1.66775	1.395489
1692	-527.7204	-559.2155	31.49517	1.627249	1.900686
1698	-530.9416	-561.867	30.92539	2.576803	1.635741
1704	-528.9393	-560.4767	31.53739	2.672207	1.069659
1710	-546.337	-577.0635	30.7265	1.975257	2.179448
1716	-537.9009	-568.8039	30.90302	1.798729	2.179448
1722	-531.7348	-563.1753	31.44055	2.793785	0.1880205
1728	-529.247	-560.6227	31.37567	2.858656	0.1880205
1734	-528.5343	-559.5948	31.06055	3.055541	0.1570058
1740	-528.2084	-560.2774	32.06896	2.452311	0.7062749
1746	-529.3186	-561.4127	32.09411	2.170516	1.016811
1752	-525.5633	-556.8212	31.25794	2.987719	0.1914859
1758	-524.0989	-555.3285	31.2296	2.933193	0.1682546
1764	-519.5184	-550.748	31.2296	2.933193	0.1682546
1770	-528.2054	-558.7825	30.57706	1.521806	2.561689
1776	-527.4052	-558.9587	31.55355	1.668934	1.832342
1782	-527.6138	-558.9509	31.33711	2.34905	1.500664
1788	-525.9108	-558.0362	32.12546	2.407228	0.686026
1794	-525.4909	-556.5636	31.07268	1.603332	2.19613
1800	-526.3806	-558.4076	32.02703	1.741701	1.438078
1806	-531.1191	-562.6467	31.52766	2.21908	1.45488
1812	-526.5819	-558.6335	32.05168	2.124891	1.100285
1818	-523.7002	-555.9185	32.21831	2.09989	0.9626609
1824	-523.7399	-556.0858	32.34587	2.112971	0.7994499
1830	-528.7961	-559.8965	31.1004	1.78048	2.062248
1836	-528.1148	-559.2114	31.09662	1.837358	2.027102
1842	-529.185	-560.338	31.15303	1.780953	2.027102
1848	-532.4678	-563.9047	31.43686	1.997665	1.684156
1854	-531.7102	-561.8252	30.11505	1.892358	2.618359
1860	-535.7259	-566.7281	31.00214	2.068813	1.935492
1866	-536.6736	-568.2219	31.54833	2.408768	1.289281
1872	-539.7318	-570.3324	30.60068	3.67031	1.010531
1878	-534.7837	-566.736	31.95229	2.597447	0.3735028
1884	-534.684	-562.5295	27.84548	1.267081	4.315629
1890	-530.7006	-558.9948	28.29417	1.277985	4.054641
1896	-532.1283	-562.5169	30.38856	2.205942	2.248716
1902	-534.3163	-564.2585	29.94217	1.823472	2.766818
1908	-531.3211	-563.2419	31.92077	1.663585	1.57608
1914	-532.0629	-563.4786	31.4157	2.519246	1.307294
1920	-537.8213	-569.5512	31.72994	1.725346	1.669366
1926	-531.4843	-561.4797	29.99536	1.597937	2.871568
1932	-538.0788	-570.0137	31.93487	2.017447	1.293184
1938	-532.6395	-564.2335	31.59396	2.017447	1.556211
1944	-539.7431	-570.2068	30.46364	2.730024	1.852122
1950	-539.7733	-571.6703	31.897	1.829755	1.470064
1956	-538.0636	-569.2711	31.20747	1.829755	1.958181
1962	-530.3924	-562.4669	32.07451	2.048573	1.148458
1968	-531.9138	-563.9902	32.07632	2.506555	0.5545655
1974	-534.7897	-566.2486	31.45885	1.772489	1.82625
1980	-535.9661	-567.9602	31.99404	2.593468	0.521725
1986	-535.4772	-567.7727	32.29551	2.292865	0.5054407
1992	-531.5731	-563.7836	32.2105	2.346602	0.6358146
1998	-535.9876	-568.3255	32.33785	2.215579	0.6442097
2004	-532.9279	-565.3781	32.45017	1.908739	0.9192173
2010	-530.6405	-562.6938	32.05333	2.450831	0.7342593
2016	-529.4073	-561.5413	32.13393	2.450831	0.5440386
2022	-536.0611	-567.9234	31.86236	2.613485	0.2986896
2028	-534.6472	-566.099	31.45189	2.838012	0.2060722
2034	-532.1218	-564.1141	31.99222	2.364333	0.9217971
2040	-534.8616	-566.4244	31.56285	2.863845	0.8406466
2046	-533.8248	-565.5815	31.75671	1.794274	1.600431
2052	-537.9033	-569.3543	31.45105	2.408126	1.367801
2058	-537.018	-568.4875	31.46954	1.567722	1.958158
2064	-537.1632	-568.8746	31.71144	1.973959	1.501229
2070	-535.5809	-567.9291	32.34823	2.192121	0.6714713
2076	-531.1333	-563.212	32.07872	2.263615	0.9371791
2082	-537.9706	-567.7436	29.77297	2.492254	2.457814
2088	-537.4775	-567.4778	30.00036	2.225606	2.482424
2094	-528.5989	-558.8424	30.24348	1.815639	2.586354
2100	-529.9698	-561.8606	31.89078	1.626171	1.625098
2106	-528.6728	-560.7786	32.10581	2.477372	0.5529787
2112	-525.1758	-557.28	32.10426	2.477372	0.4439529
2118	-524.5513	-556.8873	32.33598	2.075528	0.8590939
2124	-525.5549	-557.1858	31.63093	1.926249	1.595923
2130	-521.9077	-553.4456	31.53795	1.795306	1.75555
2136	-522.5661	-554.0944	31.52833	1.804931	1.75555
2142	-520.2995	-552.5763	32.27679	2.294494	0.5983859
2148	-526.6852	-559.0876	32.4024	2.186033	0.499903
2154	-534.11	-564.8746	30.76462	1.246542	2.616038
2160	-532.1229	-562.6418	30.51887	1.396501	2.675098
2166	-532.4428	-564.1249	31.68215	1.706389	1.71673
2172	-527.9098	-560.1656	32.25579	1.743742	1.254315
2178	-528.401	-560.9336	32.53257	2.053479	0.5352754
2184	-533.7864	-566.4701	32.68368	1.875494	0.6308743
2190	-528.5064	-560.8563	32.34988	1.891015	1.039906
2196	-537.4642	-568.1727	30.70854	1.190057	2.685405
2202	-540.1815	-572.3845	32.20304	1.783992	1.264683
2208	-528.5345	-560.8128	32.27829	2.118206	0.8768059
2214	-534.4939	-564.8785	30.38459	1.551223	2.662516
2220	-528.7675	-558.9355	30.168	1.551223	2.795114
2226	-529.444	-559.9972	30.55322	1.354498	2.679797
2232	-530.0572	-561.1568	31.09956	1.137067	2.475747
2238	-534.3356	-564.3837	30.04815	1.179204	3.091428
2244	-535.8919	-567.7212	31.82932	2.615884	0.2778502
2250	-526.6212	-558.5143	31.89308	2.255987	1.125267
2256	-536.2562	-567.4857	31.22953	3.316531	0.6599981
2262	-532.7939	-565.057	32.26303	1.582442	1.378582
2268	-534.4968	-566.208	31.71121	1.787992	1.637895
2274	-524.6115	-556.5305	31.91905	2.668854	0.5163019
2280	-523.8079	-555.723	31.91511	2.668854	0.4542245
2286	-526.2552	-558.1863	31.93103	2.616337	0.3700664
2292	-527.9258	-559.8146	31.88881	2.658562	0.3700664
2298	-525.9947	-556.2839	30.28915	2.17252	2.333672
2304	-530.7375	-562.4218	31.68428	1.764936	1.673698
2310	-528.9618	-561.2291	32.26727	1.447579	1.479072
2316	-539.0571	-568.6736	29.61649	3.015491	2.224585
2322	-533.8147	-565.2489	31.43418	1.616066	1.949434
2328	-539.0262	-569.77	30.74389	2.782286	1.618425
2334	-530.9186	-563.0209	32.10236	2.238963	0.9382609
2340	-528.3797	-560.872	32.49226	1.888399	0.8949777
2346	-528.9571	-558.4503	29.49322	1.005613	3.520701
2352	-530.9173	-563.2419	32.32461	2.258378	0.5540015
2358	-534.4868	-565.8423	31.35557	1.51982	2.065871
2364	-530.4183	-561.799	31.38065	1.329061	2.174282
2370	-529.3718	-561.472	32.10022	1.843664	1.300043
2376	-529.725	-560.1547	30.4297	2.004496	2.351139
2382	-534.0204	-566.3232	32.30285	2.222167	0.6998043
2388	-532.218	-564.756	32.53806	1.986951	0.6998043
2394	-531.1244	-563.1846	32.0602	1.527044	1.573968
2400	-535.0936	-567.7608	32.66722	1.575003	1.038624
2406	-533.8202	-564.7106	30.89039	1.248687	2.536676
2412	-531.676	-562.692	31.01603	1.12305	2.536676
2418	-532.3833	-563.0839	30.70059	1.486437	2.506772
2424	-536.0651	-564.6184	28.55327	0.9378703	4.100811
2430	-538.6309	-565.5442	26.91333	0.6701266	5.170547
2436	-531.7973	-562.2613	30.46393	1.788997	2.465525
2442	-528.708	-559.4624	30.75446	1.984117	2.155516
2448	-526.7827	-559.3482	32.56549	1.844846	0.8605001
2454	-535.594	-568.0877	32.4937	2.084019	0.5767736
2460	-530.7508	-563.2165	32.46567	2.120996	0.5302574
2466	-532.4297	-564.6325	32.20284	2.120996	0.9567798
2472	-530.9487	-562.957	32.00827	1.653636	1.518796
2478	-537.8916	-569.8615	31.96986	1.968823	1.304263
2484	-533.9448	-566.2846	32.33979	2.239685	0.4360458
2490	-529.9229	-562.223	32.30001	2.279471	0.4360458
2496	-535.1945	-567.7139	32.51946	2.065577	0.5423303
2502	-530.41	-562.5945	32.18448	2.397739	0.4463449
2508	-532.0143	-562.9823	30.96801	1.875323	2.086981
2514	-530.0895	-561.6035	31.51401	2.141612	1.523476
2520	-530.8978	-562.0463	31.14847	3.148003	0.9849921
2526	-535.5493	-566.9809	31.4315	3.116242	0.3706005
2532	-529.2883	-561.2479	31.95966	2.569836	0.3473936
2538	-532.7404	-565.4347	32.69437	1.85377	0.6556657
2544	-533.1502	-564.2546	31.10433	1.365253	2.328638
2550	-536.4764	-567.787	31.31064	1.166401	2.323886
2556	-535.3075	-567.5975	32.28998	1.334012	1.546929
2562	-529.5083	-561.2259	31.71759	2.22112	1.304245
2568	-534.2542	-566.2223	31.96812	2.105477	1.191665
2574	-527.728	-558.5446	30.8165	1.334061	2.529521
2580	-533.1438	-563.6179	30.47401	1.748718	2.484449
2586	-532.2171	-561.9993	29.78216	2.440565	2.484449
2592	-535.3685	-567.1006	31.73208	1.433643	1.87122
2598	-533.5633	-559.6925	26.12922	1.009076	5.416354
2604	-533.5484	-559.6487	26.10032	1.037969	5.416354
2610	-525.7803	-558.2239	32.44365	1.98475	0.8385393
2616	-526.1655	-558.6737	32.50813	1.840618	0.9302787
2622	-527.8151	-557.8983	30.08319	1.041753	3.152401
2628	-530.1866	-559.6826	29.49605	1.62889	3.152401
2634	-531.8861	-562.3089	30.42284	3.003734	1.689806
2640	-527.7133	-558.5584	30.84513	1.958884	2.112786
2646	-527.1932	-559.6319	32.4387	1.958884	0.8755417
2652	-536.1273	-566.2535	30.12617	2.208139	2.414349
2658	-537.6974	-568.9243	31.22682	1.583553	2.10862
2664	-533.0827	-564.8775	31.79479	2.098299	1.34092
2670	-526.9891	-558.0461	31.05704	1.438758	2.311929
2676	-527.8777	-558.1492	30.2715	1.558307	2.727596
2682	-530.968	-559.7896	28.82161	1.283177	3.749161
2688	-531.6997	-560.8584	29.15868	1.564957	3.38928
2694	-531.5295	-561.0461	29.51652	1.207111	3.38928
2700	-528.2033	-559.7286	31.5253	2.325244	1.374595
2706	-530.4985	-561.6777	31.17914	1.655321	2.092811
2712	-529.765	-560.8725	31.10757	2.755245	1.364936
2718	-529.4398	-561.4408	32.00097	1.65547	1.522866
2724	-526.4206	-558.3129	31.89239	1.623149	1.626118
2730	-534.847	-565.2305	30.38345	3.560525	0.1236505
2736	-526.4979	-557.2683	30.77048	3.173502	0.1236505
2742	-531.7231	-559.9817	28.25861	2.011335	3.653682
2748	-530.6504	-561.2849	30.63451	1.471914	2.556992
2754	-532.4525	-564.4323	31.97978	1.825614	1.40982
2760	-530.3929	-561.4127	31.01979	1.660598	2.193297
2766	-531.0539	-560.468	29.41409	1.539774	3.253762
2772	-539.4665	-571.0569	31.59035	2.789891	0.2426957
2778	-537.7663	-569.5638	31.79749	2.605279	0.2538007
2784	-532.9689	-564.799	31.83012	2.641006	0.29524
2790	-538.4471	-571.0125	32.56545	2.022335	0.5181296
2796	-535.4881	-567.3329	31.84484	2.541724	0.2457136
2802	-538.7495	-570.7019	31.9524	2.32383	1.005328
2808	-531.1929	-563.1546	31.9617	1.861056	1.396336
2814	-531.8228	-563.8251	32.00234	2.464492	0.2921779
2820	-529.488	-561.4818	31.99376	2.464492	0.2862922
2826	-533.2187	-565.0903	31.87158	2.518161	0.2472617
2832	-543.6413	-573.488	29.84671	0.8309537	3.416224
2838	-541.7279	-572.3616	30.63371	1.188245	2.732402
2844	-537.5612	-568.9054	31.34417	1.861907	1.843615
2850	-540.6842	-571.8278	31.14358	2.166648	1.771621
2856	-536.9775	-567.827	30.84948	2.460751	1.771621
2862	-536.1899	-568.006	31.81609	2.125344	1.302033
2868	-529.7706	-561.5547	31.78409	2.117769	1.333922
2874	-530.2532	-561.7286	31.47535	2.692906	1.107889
2880	-529.1527	-561.3087	32.15601	2.409994	0.4014581
2886	-532.0539	-562.8625	30.80858	2.346745	1.87831
2892	-527.4853	-558.9223	31.43697	3.148236	0.5412509
2898	-525.8046	-556.9349	31.13033	3.193086	0.218426
2904	-525.8749	-557.1636	31.28873	3.092564	0.2431935
2910	-529.7453	-561.0484	31.30313	3.145769	0.2801811
2916	-534.5243	-565.8035	31.27921	3.029161	0.2127254
2922	-534.7435	-565.9536	31.21011	2.239645	1.673311
2928	-534.2779	-564.872	30.59408	1.609158	2.496642
2934	-533.9345	-564.7383	30.80374	2.498367	1.777273
2940	-543.825	-576.026	32.20102	2.380196	0.5624591
2946	-539.2453	-569.1573	29.91201	2.370902	2.446705
2952	-536.3872	-568.6803	32.29304	2.294663	0.4812237
2958	-539.4926	-571.6723	32.17974	2.407114	0.4724226
2964	-538.8505	-568.0363	29.18584	3.414698	2.244835
2970	-531.5376	-563.3284	31.79085	1.660575	1.672123
2976	-531.8422	-563.5115	31.66926	1.730779	1.708611
2982	-534.7043	-565.2474	30.54311	1.792207	2.413715
2988	-536.8488	-566.9999	30.15112	1.210152	3.011346
2994	-534.3014	-564.5085	30.20709	1.359308	2.887842
3000	-539.67	-572.0871	32.41714	1.824666	1.03903
3006	-532.9363	-564.1203	31.18406	2.047793	1.825896
3012	-534.4678	-566.4554	31.98763	2.306768	0.987097
3018	-535.0029	-567.3922	32.3893	2.165165	0.6418807
3024	-536.3913	-567.7805	31.38923	1.583894	2.001066
3030	-539.12	-571.2239	32.10392	2.441816	0.6606596
3036	-535.2153	-567.3931	32.17781	2.089971	1.013698
3042	-531.0076	-562.6244	31.61678	1.674576	1.784751
3048	-531.5204	-563.0581	31.53772	1.829656	1.731632
3054	-539.7754	-566.3322	26.55674	0.9131722	5.233357
3060	-536.9154	-568.9094	31.99403	1.678498	1.510866
3066	-535.7183	-567.2357	31.51735	1.611347	1.896423
3072	-537.011	-569.0467	32.03567	2.189004	1.055419
3078	-539.0487	-570.9959	31.94714	2.453552	0.8719026
3084	-535.7458	-566.5457	30.79981	2.561514	1.735883
3090	-538.3029	-565.4806	27.17773	1.14742	4.75814
3096	-535.7226	-564.4739	28.75131	0.7042343	4.121073
3102	-536.6097	-564.501	27.89128	0.8542923	4.522539
3108	-533.4109	-561.4598	28.04886	0.6967156	4.522539
3114	-531.868	-559.8386	27.97067	1.081495	4.349767
3120	-532.4644	-562.5998	30.13537	1.184663	3.03605
3126	-531.4663	-561.1719	29.70552	0.9336477	3.438757
3132	-533.5568	-561.4493	27.89245	0.9892108	4.445956
3138	-541.8974	-572.0809	30.18345	0.9758458	3.131972
3144	-540.1034	-569.7755	29.67214	1.395294	3.186537
3150	-541.0468	-573.3982	32.35138	2.002331	0.9248981
3156	-537.2333	-566.3878	29.15458	1.44345	3.462812
3162	-531.5129	-562.6304	31.11746	1.246474	2.395645
3168	-525.3882	-555.333	29.94474	1.204128	3.138172
3174	-529.8178	-559.5233	29.7055	0.831229	3.498607
3180	-540.3075	-570.8837	30.57613	1.561266	2.537721
3186	-537.8249	-567.9859	30.16099	1.511193	2.823724
3192	-538.9498	-567.482	28.53223	1.477678	3.803841
3198	-538.5697	-566.038	27.46833	1.619566	4.329575
3204	-534.026	-565.0753	31.04928	2.855837	1.331314
3210	-530.7256	-561.5211	30.79551	2.055016	2.082248
3216	-537.014	-568.835	31.821	2.200844	1.235676
3222	-534.6853	-565.7769	31.09163	1.712343	2.112814
3228	-531.3793	-561.9641	30.5848	1.297862	2.695192
3234	-535.3299	-565.4357	30.10575	1.826739	2.664565
3240	-537.6833	-566.5528	28.8695	1.529552	3.578775
3246	-539.5491	-569.0111	29.46197	2.329845	2.750832
3252	-534.0628	-565.9759	31.91307	2.674635	0.5193189
3258	-525.9061	-557.8969	31.99077	2.585768	0.5811116
3264	-530.7529	-562.4132	31.66029	1.895978	1.596588
3270	-527.8214	-560.0483	32.22691	2.360521	0.5227168
3276	-530.8201	-563.3685	32.54846	1.622213	1.105684
3282	-527.8921	-559.5554	31.66331	1.755831	1.695085
3288	-529.3781	-558.2141	28.83608	1.802783	3.438938
3294	-528.7447	-561.0519	32.30724	1.632478	1.303425
3300	-534.5205	-566.5982	32.0778	1.97684	1.207919
3306	-532.3557	-564.7025	32.34681	2.217659	0.6175837
3312	-538.095	-567.155	29.06006	0.8519124	3.860158
3318	-537.1132	-565.5541	28.4409	1.471069	3.860158
3324	-533.0756	-565.4202	32.34467	1.998192	0.936617
3330	-532.1566	-563.5033	31.34664	1.663624	1.976261
3336	-531.7055	-561.4528	29.74737	1.595446	3.022404
3342	-534.2863	-563.0438	28.75749	1.408281	3.713953
3348	-529.1357	-560.0673	30.93169	1.858994	2.121509
3354	-527.1724	-559.2972	32.12473	2.033965	1.116574
3360	-531.3389	-563.0511	31.71217	1.722141	1.684311
3366	-528.5868	-558.5101	29.92334	1.573019	2.930131
3372	-523.1766	-555.5398	32.3632	1.692046	1.207399
3378	-528.4096	-559.9505	31.54094	1.499439	1.956069
3384	-527.819	-559.4603	31.64133	1.499439	1.88822
3390	-529.0461	-560.7709	31.72479	2.068398	1.419263
3396	-533.3244	-564.392	31.06759	1.387338	2.337962
3402	-536.4059	-568.2464	31.8405	2.191027	1.227526
3408	-535.6474	-566.4445	30.79707	2.835875	1.540309
3414	-534.9913	-565.0233	30.03195	1.438696	2.945627
3420	-537.3142	-568.8152	31.50103	1.733976	1.823723
3426	-532.3343	-563.3422	31.00782	1.859012	2.071509
3432	-537.965	-566.6683	28.7033	0.8205853	4.08216
3438	-531.9215	-559.7066	27.78518	1.738705	4.08216
3444	-531.0901	-561.8386	30.74849	1.365897	2.552043
3450	-530.4917	-562.2094	31.71768	2.505964	1.056395
3456	-534.3234	-565.958	31.63459	2.266269	1.334723
3462	-527.6392	-559.4333	31.79416	2.789143	0.5523315
3468	-528.1668	-558.3908	30.22393	2.119857	2.408367
3474	-526.9962	-558.9158	31.91958	1.459403	1.723462
3480	-534.0815	-564.9848	30.90326	1.210342	2.552529
3486	-535.05	-566.4209	31.37089	0.9125381	2.446377
3492	-529.9532	-560.2568	30.30359	0.9218401	3.092572
3498	-530.0218	-562.1511	32.12936	1.534427	1.517388
3504	-532.1053	-563.4437	31.33839	1.515197	2.080235
3510	-532.1555	-563.4928	31.33729	1.755755	1.920578
3516	-535.4438	-567.9951	32.55132	1.552107	1.165766
3522	-536.6358	-567.2475	30.61164	0.8041169	2.978641
3528	-538.4283	-568.691	30.26271	1.197222	2.952077
3534	-535.7361	-567.1162	31.38008	2.98609	0.9112153
3540	-541.6135	-570.2705	28.65698	0.8688711	4.081039
3546	-543.3304	-573.363	30.03259	0.9449827	3.239747
3552	-533.2486	-564.7117	31.46307	1.997109	1.665874
3558	-537.8964	-570.1055	32.20915	2.083745	0.9886143
3564	-532.712	-563.7572	31.04524	1.109411	2.526974
3570	-534.7616	-565.1543	30.39272	1.179218	2.884495
3576	-530.1245	-561.8369	31.71236	1.511702	1.83126
3582	-531.4677	-560.8899	29.42216	1.553419	3.240927
3588	-534.2338	-566.1687	31.93485	1.701514	1.537773
3594	-545.6526	-576.296	30.64335	1.197594	2.720774
3600	-540.0226	-570.6199	30.59726	1.280865	2.697977
3606	-537.6841	-566.2326	28.54852	1.399364	3.839518
3612	-537.3475	-566.4805	29.133	0.964747	3.753222
3618	-536.1316	-565.4339	29.30232	0.8499125	3.721774
3624	-537.5054	-565.4197	27.91432	1.028627	4.411411
3630	-532.509	-563.9916	31.48257	1.497451	1.996465
3636	-533.1781	-563.4726	30.29453	1.111439	2.984525
3642	-531.1305	-560.2854	29.15491	1.355176	3.514141
3648	-528.8792	-560.1245	31.24526	1.926652	1.866999
3654	-530.1839	-561.4167	31.23279	2.476894	1.482967
3660	-529.5515	-561.3147	31.7632	2.824622	0.4827303
3666	-530.5921	-562.5648	31.9727	2.510944	0.3046149
3672	-534.9586	-565.1511	30.19255	1.613242	2.742288
3678	-532.0713	-563.2695	31.19823	2.361844	1.593814
3684	-527.4591	-559.3093	31.85018	1.670721	1.62224
3690	-535.0354	-562.7877	27.75226	1.109015	4.457439
3696	-535.2732	-567.071	31.79775	1.589839	1.717401
3702	-536.6468	-564.8305	28.18373	1.540464	3.967795
3708	-531.4715	-561.222	29.75048	1.237506	3.233592
3714	-534.6092	-562.5663	27.95711	1.160049	4.313027
3720	-533.2563	-564.2895	31.03326	2.138534	1.867079
3726	-533.7139	-564.9347	31.22081	2.129733	1.743449
3732	-539.429	-570.7591	31.33009	1.470098	2.115292
3738	-536.3904	-567.8431	31.45272	1.347461	2.115292
3744	-532.1477	-564.0932	31.94554	2.39537	0.9387049
3750	-533.414	-562.7802	29.36628	1.780623	3.139346
3756	-527.9546	-558.6372	30.68259	1.814212	2.311293
3762	-528.2369	-560.2693	32.03237	1.792913	1.394368
3768	-528.415	-559.9679	31.55285	2.904439	0.2856509
3774	-526.8663	-559.1751	32.3088	2.272766	0.5608769
3780	-528.7864	-561.048	32.26165	2.272766	0.6828176
3786	-526.3167	-557.2126	30.89584	1.631097	2.292043
3792	-531.8624	-561.4159	29.55344	1.561204	3.158518
3798	-527.3458	-557.7662	30.42043	2.454265	2.066329
3804	-532.3867	-563.6904	31.30367	2.036745	1.750543
3810	-537.5917	-566.325	28.73323	0.6624353	4.155129
3816	-533.6765	-562.6445	28.968	0.8371599	3.921439
3822	-534.1925	-565.7425	31.55006	1.616865	1.870404
3828	-532.1185	-563.2067	31.08829	1.719713	2.110174
3834	-533.1723	-564.7138	31.54143	1.719713	1.805684
3840	-536.0721	-567.3342	31.26213	1.999014	1.805684
3846	-528.9402	-559.453	30.51271	1.862426	2.388568
3852	-532.5765	-561.3112	28.73469	1.445346	3.705707
3858	-528.7468	-557.8534	29.10662	0.8709461	3.82245
3864	-530.2182	-559.7522	29.53403	1.277065	3.337915
3870	-534.9884	-566.4611	31.47276	1.445719	2.037378
3876	-532.7757	-564.1836	31.40788	1.578374	1.992308
3882	-532.0902	-562.0215	29.93129	0.8703471	3.343475
3888	-535.7727	-566.2871	30.51443	1.120168	2.846543
3894	-537.5107	-566.5996	29.08889	1.643634	3.384063
3900	-540.5413	-570.1865	29.64523	1.293785	3.262534
3906	-542.3556	-573.9353	31.57964	1.870828	1.672808
3912	-537.8782	-569.1178	31.23962	2.499692	1.460531
3918	-541.0153	-571.9045	30.88921	3.192021	1.185076
3924	-539.4609	-568.6473	29.18644	1.047957	3.674269
3930	-534.3613	-566.0468	31.68548	2.885053	0.4112735
3936	-530.3837	-562.0506	31.66691	2.885053	0.3768401
3942	-531.0548	-562.8325	31.77768	2.742197	0.7086564
3948	-528.6469	-560.0914	31.44453	2.573697	1.238713
3954	-530.0318	-561.528	31.49626	1.739985	1.82287
3960	-533.9596	-565.9671	32.00754	2.245357	1.028285
3966	-530.2138	-561.8431	31.6293	2.95807	0.5233489
3972	-534.4727	-566.0394	31.56662	2.870617	0.8274902
3978	-531.5035	-563.2243	31.72087	2.611679	0.9476062
3984	-532.8981	-564.8914	31.99323	2.248524	1.039076
3990	-530.7428	-563.1313	32.38843	1.950063	0.9412933
3996	-530.2671	-560.7882	30.52117	1.833913	2.401241
4002	-530.4283	-560.7861	30.35784	1.868149	2.48241
4008	-528.291	-558.6549	30.36393	1.692574	2.587974
4014	-528.3741	-559.5046	31.13053	1.48892	2.232658
4020	-529.7419	-558.3699	28.62793	1.580803	3.689115
4026	-527.0095	-558.9502	31.94065	2.192276	1.139718
4032	-523.0638	-555.4152	32.3514	2.192276	0.6648718
4038	-521.4438	-553.8853	32.44155	2.068425	0.7250334
4044	-523.037	-555.528	32.49096	2.068425	0.6303712
4050	-531.9349	-564.4572	32.52234	2.037043	0.6303712
4056	-529.8382	-560.8437	31.0054	1.88181	2.058064
4062	-529.0641	-559.7529	30.68877	1.361705	2.591709
4068	-540.5295	-570.2901	29.76056	2.289917	2.591709
4074	-529.9499	-558.7079	28.75797	0.4681561	4.251341
4080	-532.8574	-561.2255	28.36806	0.858067	4.251341
4086	-533.6927	-563.0118	29.31904	0.9618112	3.647368
4092	-530.3842	-558.9255	28.54133	0.6824273	4.252684
4098	-530.943	-558.9937	28.05073	1.173032	4.252684
4104	-528.7329	-558.7926	30.05976	1.729935	2.752127
4110	-533.1007	-564.9789	31.87825	1.841716	1.475206
4116	-530.3648	-560.8204	30.45561	1.561668	2.612255
4122	-525.4839	-557.7383	32.25438	1.647309	1.334052
4128	-527.5949	-559.7987	32.20388	2.216893	0.8479139
4134	-534.0142	-561.9212	27.90705	1.18705	4.326069
4140	-531.0247	-561.593	30.56828	1.404832	2.639532
4146	-532.6733	-564.6544	31.98106	1.927806	1.328306
4152	-538.2021	-570.6621	32.46009	1.613028	1.192074
4158	-534.2725	-565.6811	31.40857	1.727803	1.891208
4164	-538.732	-571.1625	32.43053	1.707685	1.134998
4170	-531.2077	-562.5128	31.30513	1.504822	2.108893
4176	-527.5295	-556.721	29.19148	1.213142	3.575537
4182	-527.5774	-558.3415	30.76406	1.061596	2.730133
4188	-526.2081	-556.4695	30.26134	1.506793	2.765296
4194	-524.1028	-556.4455	32.34267	1.551205	1.340292
4200	-527.6812	-559.477	31.79581	2.075127	1.358515
4206	-527.218	-559.7313	32.51327	1.663869	1.099768
4212	-526.9735	-559.0912	32.11772	1.486821	1.561263
4218	-524.5683	-557.1668	32.59853	1.550193	1.12557
4224	-528.63	-560.6951	32.06513	1.306639	1.728546
4230	-537.0426	-569.1311	32.08846	2.472866	0.392437
4236	-531.1252	-562.7255	31.60032	2.456951	1.205674
4242	-527.8331	-559.4502	31.61706	2.865553	0.7665665
4248	-532.3716	-564.6527	32.28103	2.262835	0.6644836
4254	-530.7519	-561.7907	31.03875	1.563841	2.243514
4260	-532.817	-564.621	31.80397	2.107839	1.325949
4266	-533.5316	-565.2885	31.75691	2.107839	1.36341
4272	-545.2366	-572.1218	26.88524	0.8887272	5.06498
4278	-532.4868	-560.7252	28.23837	1.289484	4.079895
4284	-528.7824	-559.2389	30.45646	1.932116	2.380061
4290	-530.5273	-560.4117	29.88445	3.521678	0.06410458
4296	-529.6379	-559.7036	30.06562	3.521678	0.07919105
4302	-535.5862	-567.0074	31.42121	2.94799	0.2375962
4308	-533.7506	-565.3817	31.63118	2.91707	0.3713218
4314	-527.8877	-556.2324	28.3447	0.7787685	4.309458
4320	-530.6437	-559.0426	28.39893	1.284617	3.991038
4326	-527.8357	-556.5107	28.67499	1.369262	3.78406
4332	-530.8443	-562.0546	31.21026	1.823986	1.960183
4338	-533.6775	-561.3633	27.68582	0.8530972	4.63853
4344	-538.0285	-568.8694	30.84085	1.665802	2.305005
4350	-533.6588	-564.5533	30.89451	1.367193	2.460024
4356	-531.9724	-562.9308	30.95842	1.576883	2.286688
4362	-538.1516	-568.8101	30.65857	1.493853	2.528361
4368	-538.4213	-565.2492	26.82795	0.8964544	5.092469
4374	-537.536	-564.3805	26.8445	0.8799055	5.092469
4380	-540.0234	-570.2581	30.23469	3.298084	1.613654
4386	-537.1001	-568.3692	31.26905	2.848069	1.153723
4392	-536.1193	-563.6634	27.54408	1.595818	4.300165
4398	-533.707	-565.7894	32.0824	1.74572	1.39215
4404	-528.5118	-560.7793	32.26754	1.794549	1.20155
4410	-528.6185	-560.2205	31.602	1.794549	1.711072
4416	-530.0707	-562.0884	32.01775	1.630231	1.529154
4422	-527.1646	-559.5502	32.38558	2.202601	0.5112385
4428	-528.2022	-560.0549	31.85268	2.075068	1.313118
4434	-525.238	-556.6881	31.45007	1.342402	2.12034
4440	-528.2632	-558.5514	30.28819	0.9554976	3.081685
4446	-526.5228	-557.7191	31.1963	1.241718	2.34871
4452	-530.2166	-560.0322	29.8156	1.439343	3.074963
4458	-529.3186	-560.8745	31.55588	1.946944	1.635285
4464	-539.2252	-569.5659	30.34067	1.557744	2.685517
4470	-539.6486	-567.3787	27.73007	1.593835	4.195886
4476	-538.3732	-568.8799	30.50669	1.6459	2.528255
4482	-527.3896	-558.4254	31.03587	1.977259	1.974342
4488	-530.2087	-561.8698	31.6611	2.325452	1.26508
4494	-536.8272	-567.4674	30.64027	1.921175	2.269943
4500	-535.8376	-567.2075	31.36993	1.191511	2.269943
4506	-534.5	-565.6051	31.10505	1.942733	1.95109
4512	-539.8345	-572.0661	32.23165	2.35406	0.4640163
4518	-535.5067	-565.7983	30.29163	2.853719	1.885106
4524	-527.5994	-559.3731	31.77371	1.225258	1.983817
4530	-533.761	-564.5888	30.82772	1.282617	2.554561
4536	-530.8417	-560.4413	29.5996	1.51926	3.156015
4542	-531.6882	-561.7112	30.02296	1.095894	3.156015
4548	-528.7154	-561.1841	32.46866	1.841327	0.9711623
4554	-532.7764	-564.2716	31.49518	2.814806	0.9711623
4560	-532.6792	-563.2366	30.5574	1.615574	2.515549
4566	-533.0151	-563.4206	30.40544	1.835821	2.472843
4572	-525.7484	-558.0433	32.29489	1.909723	1.074326
4578	-527.5218	-559.4194	31.89762	1.797603	1.49386
4584	-528.0192	-560.5269	32.50773	1.874948	0.8926908
4590	-527.5655	-559.3696	31.80414	1.913713	1.476801
4596	-527.5507	-559.7771	32.22643	2.36125	0.5196098
4602	-531.4927	-562.4555	30.96281	2.641584	1.561374
4608	-526.1795	-557.4429	31.26342	1.949668	1.838803
4614	-528.1094	-559.7578	31.64832	1.564763	1.838803
4620	-532.8796	-560.3804	27.50077	1.335544	4.471495
4626	-531.4665	-562.5169	31.05038	1.585101	2.222323
4632	-531.2267	-561.9563	30.72959	1.763266	2.313807
4638	-531.5487	-562.8581	31.30944	1.852246	1.873976
4644	-528.0408	-558.9158	30.87493	1.99349	2.070463
4650	-529.6507	-561.5485	31.89783	1.972451	1.359038
4656	-526.398	-558.0704	31.6724	2.209455	1.349862
4662	-527.0569	-558.808	31.75109	1.822515	1.583941
4668	-536.4125	-568.6359	32.22332	1.503901	1.469713
4674	-529.3524	-561.2618	31.90939	1.889598	1.414783
4680	-529.3326	-561.5934	32.26078	1.684613	1.298817
4686	-528.2041	-557.9323	29.72816	1.549398	3.061454
4692	-537.9482	-567.2703	29.3221	1.371788	3.406716
4698	-535.1554	-565.9658	30.81041	1.197757	2.617889
4704	-530.5883	-561.57	30.98167	1.494525	2.324428
4710	-533.1839	-563.6956	30.51169	1.287145	2.74654
4716	-537.2824	-567.6895	30.40714	2.699025	1.911705
4722	-529.4113	-561.3244	31.91309	2.116135	1.229463
4728	-530.1299	-561.164	31.03415	1.718503	2.146346
4734	-531.011	-562.1164	31.10541	1.474987	2.25778
4740	-532.8195	-563.4738	30.65426	1.840851	2.312371
4746	-536.2012	-567.3154	31.11421	2.730148	1.379453
4752	-543.0696	-573.9778	30.90812	3.073157	1.269432
4758	-541.1658	-571.9649	30.7991	3.674308	0.7795936
4764	-534.7794	-566.6827	31.90331	2.493227	0.8767555
4770	-533.9298	-566.3441	32.41431	2.036418	0.810171
4776	-530.9512	-558.7119	27.76064	1.933507	3.98498
4782	-531.0431	-562.4093	31.36619	2.208715	1.582998
4788	-527.2007	-559.0318	31.83111	2.752514	0.5506531
4794	-541.0105	-573.1606	32.15009	2.263056	0.8571335
4800	-540.1613	-571.5023	31.34106	3.165023	0.7312424
4806	-530.7448	-562.9248	32.17995	2.405791	0.4642379
4812	-531.7692	-563.3774	31.6082	2.405791	1.242256
4818	-531.1923	-563.1264	31.93418	2.405791	0.939707
4824	-534.5746	-566.5857	32.01106	2.151644	1.112934
4830	-531.5502	-563.0784	31.52813	2.073934	1.563091
4836	-525.3259	-557.5783	32.25241	2.30275	0.6403007
4842	-532.9021	-564.313	31.41087	2.672743	1.183018
4848	-534.4712	-565.9785	31.50722	2.270922	1.430853
4854	-537.6463	-569.9231	32.27684	2.043269	0.9606765
4860	-536.377	-567.7543	31.37737	1.969958	1.745701
4866	-535.4538	-566.4465	30.99271	2.496562	1.645029
4872	-537.0459	-567.1523	30.10635	2.722787	2.096306
4878	-538.7103	-568.3993	29.68904	2.47049	2.52393
4884	-530.0087	-561.1383	31.12955	1.89446	1.967051
4890	-533.9672	-565.6338	31.66662	1.663785	1.757545
4896	-541.1956	-571.0148	29.8192	2.488588	2.43106
4902	-532.6856	-565.0295	32.34383	2.021651	0.9119734
4908	-534.6594	-566.6232	31.96377	2.523085	0.7604123
4914	-537.2469	-569.4404	32.19348	2.390458	0.4540991
4920	-530.814	-562.4086	31.59456	1.650345	1.8169
4926	-525.389	-556.0066	30.61761	1.425622	2.596196
4932	-527.2032	-557.6713	30.46813	1.66748	2.538835
4938	-528.292	-560.2066	31.91459	2.026379	1.302415
4944	-532.1246	-564.2268	32.10223	1.97912	1.184971
4950	-533.9241	-565.8464	31.92231	1.915509	1.384574
4956	-530.1722	-561.4922	31.32003	2.211763	1.614358
4962	-537.1908	-569.1972	32.00641	2.024373	1.228154
4968	-538.0616	-568.8814	30.81984	1.920277	2.154511
4974	-531.6533	-564.1062	32.45286	1.950341	0.8689575
4980	-529.0795	-560.8667	31.78726	2.767066	0.3805371
4986	-527.7958	-559.8584	32.06255	2.524715	0.4762685
4992	-524.9113	-557.301	32.38975	2.079641	0.7851501
4998	-529.2988	-558.4648	29.16598	1.425271	3.466775
5004	-531.6601	-562.381	30.72085	1.269302	2.62902
5010	-539.7834	-571.238	31.45458	2.082125	1.610803
5016	-545.9316	-577.4492	31.51765	2.371146	1.34434
5022	-532.9016	-565.0124	32.11077	1.913058	1.234004
5028	-536.4103	-567.7524	31.34207	2.681758	1.234004
5034	-539.5035	-571.7298	32.22627	1.982328	1.070594
5040	-528.0904	-560.3334	32.24299	2.263167	0.731124
5046	-529.499	-561.5203	32.02135	1.632462	1.52482
5052	-533.9878	-565.6992	31.71139	2.436382	1.126431
5058	-526.428	-557.8742	31.44625	1.831229	1.794378
5064	-529.1136	-560.3745	31.26083	2.203047	1.663234
5070	-531.3372	-562.1236	30.78636	2.224467	1.975882
5076	-532.0036	-562.7703	30.76671	2.249695	1.972149
5082	-532.9837	-563.5751	30.59142	1.513244	2.558085
5088	-532.5337	-564.1011	31.56742	2.362354	1.311481
5094	-531.3949	-563.3749	31.98004	2.586778	0.4031323
5100	-530.1491	-562.1292	31.98004	2.586778	0.4031323
5106	-528.027	-560.2051	32.17813	2.378075	0.6378946
5112	-525.4946	-556.994	31.49943	2.855457	0.2312785
5118	-527.8619	-559.546	31.68407	2.88521	0.4084303
5124	-529.9916	-561.981	31.98938	2.50999	0.7416976
5130	-535.6214	-567.903	32.28161	2.108872	0.8837701
5136	-533.5578	-565.1973	31.63952	2.02674	1.515548
5142	-532.7896	-565.2459	32.45631	2.041949	0.7433934
5148	-532.6551	-565.145	32.48995	1.926115	0.8536189
5154	-538.3168	-569.4731	31.15628	1.868333	1.966644
5160	-538.7331	-571.2044	32.47128	2.106227	0.5775802
5166	-541.1299	-572.5055	31.37556	2.111046	1.646947
5172	-533.2493	-564.9264	31.67705	2.848687	0.6985411
5178	-530.4728	-562.4565	31.98379	2.072924	1.206149
5184	-536.5205	-567.4379	30.91734	2.273374	1.854141
5190	-531.7631	-562.1944	30.4312	1.591539	2.608878
5196	-528.6411	-559.0077	30.36652	1.21622	2.877959
5202	-540.4004	-571.7892	31.38872	2.046369	1.683761
5208	-535.9343	-566.594	30.65969	1.743012	2.371116
5214	-525.6292	-557.2383	31.60912	1.383536	1.988032
5220	-529.53	-559.6549	30.12485	1.614621	2.782778
5226	-528.5366	-560.7813	32.24475	1.748728	1.259346
5232	-529.2928	-561.7971	32.50431	2.037308	0.6689733
5238	-534.4883	-566.9745	32.4862	1.836795	0.9576528
5244	-531.9913	-563.9358	31.94447	1.995203	1.303463
5250	-528.306	-560.4262	32.12026	1.819415	1.303463
5256	-531.5888	-563.3861	31.79733	2.12867	1.314527
5262	-534.0879	-564.0981	30.01027	1.19593	3.10404
5268	-534.6191	-566.5387	31.91961	1.588674	1.631353
5274	-532.1488	-561.3709	29.22214	1.51883	3.379108
5280	-535.279	-563.6075	28.32849	1.172231	4.095354
5286	-533.6541	-562.7364	29.08231	1.340757	3.564808
5292	-533.0651	-562.8779	29.81281	1.202799	3.217247
5298	-532.005	-563.6846	31.67964	1.467346	1.883992
5304	-532.9709	-563.5485	30.5776	1.633694	2.491605
5310	-534.1038	-564.7909	30.68706	1.336503	2.608366
5316	-535.6347	-568.4222	32.78759	1.737707	0.6993029
5322	-534.4792	-565.9258	31.4466	2.328914	1.432872
5328	-532.5512	-565.1029	32.55171	1.591097	1.130884
5334	-532.8464	-565.0931	32.24669	1.774979	1.235819
5340	-541.0469	-572.463	31.41614	1.176246	2.25008
5346	-536.4534	-568.2347	31.78132	1.620086	1.707644
5352	-537.1009	-569.7084	32.60753	1.928619	0.6795499
5358	-533.8287	-566.3672	32.53856	1.928619	0.7881873
5364	-533.0743	-565.348	32.27373	1.973388	1.033897
5370	-540.0504	-567.8295	27.77901	0.5480572	4.757068
5376	-533.8832	-562.0808	28.1976	0.502675	4.547994
5382	-534.0088	-563.8841	29.87534	0.8521451	3.387022
5388	-531.849	-560.299	28.44997	1.001612	4.123329
5394	-532.1935	-562.0302	29.83673	0.9562689	3.348551
5400	-532.7243	-562.6646	29.94036	0.8526434	3.348551
5406	-530.0614	-560.8348	30.77345	1.830771	2.242463
5412	-529.9531	-559.6805	29.72736	0.7477387	3.534529
5418	-529.502	-560.131	30.62902	0.9814704	2.861158
5424	-526.2676	-558.3165	32.04888	1.335285	1.719811
5430	-529.2607	-558.6017	29.34105	0.8733898	3.685811
5436	-537.0328	-566.3539	29.32111	1.043612	3.598717
5442	-532.049	-561.509	29.46005	2.044691	2.925078
5448	-533.0276	-565.0918	32.06415	2.491257	0.6397223
5454	-533.4911	-564.973	31.48185	2.224166	1.485737
5460	-535.1768	-565.7328	30.55594	1.378187	2.663558
5466	-536.7243	-569.4827	32.75838	1.807939	0.6126246
5472	-536.7879	-569.3743	32.5864	1.749887	0.9436335
5478	-533.0759	-563.3377	30.26177	1.334992	2.869474
5484	-530.4508	-560.8747	30.42388	1.380387	2.743224
5490	-529.9115	-560.4805	30.56901	1.235253	2.743224
5496	-535.722	-565.9487	30.22667	0.8772143	3.164906
5502	-530.3484	-561.2142	30.8658	1.992076	2.077414
5508	-530.2731	-562.4368	32.16369	2.060346	1.056025
5514	-539.013	-570.9046	31.89153	1.940711	1.388934
5520	-529.6311	-561.0624	31.43129	1.291827	2.16557
5526	-530.0309	-561.6891	31.65818	1.323459	1.995387
5532	-533.9769	-563.4371	29.46019	2.045374	2.924583
5538	-535.5249	-567.3911	31.86613	2.393396	1.021818
5544	-537.2864	-568.7815	31.49501	2.906291	0.8711869
5550	-529.6662	-561.3424	31.6762	2.906291	0.5564998
5556	-536.3402	-567.9443	31.60405	2.981166	0.4609893
5562	-531.3832	-561.8726	30.48946	1.163636	2.835319
5568	-527.5141	-558.9946	31.48054	1.109636	2.251496
5574	-530.3277	-560.6061	30.27838	0.9616266	3.083878
5580	-530.5106	-562.1483	31.63763	2.950701	0.4930772
5586	-524.9163	-557.0204	32.10416	2.198249	0.9789437
5592	-525.0725	-556.9238	31.85134	2.198249	1.212218
5598	-526.0332	-558.0059	31.97279	2.554787	0.3452379
5604	-529.4348	-561.3076	31.87278	2.554787	0.267286
5610	-531.1405	-562.7696	31.62905	2.801149	0.2688041
5616	-527.8061	-558.9561	31.15003	1.98063	1.895089
5622	-527.383	-559.5692	32.18612	1.645141	1.3897
5628	-523.3139	-554.0154	30.7015	1.555328	2.463077
5634	-532.7141	-562.056	29.34194	1.029888	3.594591
5640	-527.1169	-558.6582	31.54132	2.058647	1.564631
5646	-528.1445	-559.5719	31.42737	2.488618	1.322592
5652	-526.073	-557.1758	31.10285	1.564421	2.201785
5658	-527.7407	-559.4129	31.67214	1.74301	1.697913
5664	-535.2496	-565.7496	30.50003	1.72598	2.482393
5670	-541.1473	-572.6109	31.46354	2.269903	1.464994
5676	-539.3757	-570.6652	31.28958	1.855566	1.885243
5682	-546.3203	-576.6741	30.35383	2.491567	2.085625
5688	-540.3625	-570.9241	30.56166	2.021094	2.256268
5694	-537.2115	-566.2392	29.02776	1.847863	3.299924
5700	-542.3773	-573.4094	31.03211	2.768894	1.41322
5706	-532.0438	-563.7957	31.7519	1.930959	1.503137
5712	-534.5195	-564.7996	30.28014	1.763721	2.595804
5718	-534.2376	-565.9973	31.75964	1.749442	1.630771
5724	-530.9223	-562.7104	31.78806	2.284926	1.192195
5730	-537.9709	-570.1179	32.14704	2.375322	0.7044169
5736	-539.8285	-572.0352	32.20672	2.33054	0.6774398
5742	-530.0033	-562.2377	32.23446	1.915957	1.124048
5748	-535.0017	-567.6757	32.67398	1.766701	0.8231204
5754	-532.5066	-564.3661	31.85943	2.637886	0.7448388
5760	-529.1411	-560.2642	31.12306	1.650316	2.132823
5766	-546.9238	-577.085	30.1612	1.109191	3.065735
5772	-538.8076	-567.9222	29.11463	1.192038	3.632398
5778	-541.1347	-572.232	31.09725	2.021157	1.903404
5784	-535.5693	-567.7208	32.15147	2.014698	1.109791
5790	-536.396	-568.9368	32.5408	1.891987	0.8330788
5796	-537.9248	-568.0452	30.12038	2.016105	2.53829
5802	-534.0162	-564.8853	30.86912	1.02093	2.690653
5808	-531.5347	-559.9222	28.38753	1.138033	4.081204
5814	-530.9093	-561.3234	30.41409	1.187663	2.866449
5820	-526.2685	-557.5657	31.29712	1.423951	2.166905
5826	-534.2533	-563.4474	29.19413	1.939492	3.14724
5832	-537.7498	-568.6356	30.8858	1.99213	2.064195
5838	-543.7135	-574.7369	31.02339	2.141374	1.871878
5844	-543.547	-573.9449	30.39791	1.309611	2.802237
5850	-540.5544	-571.0927	30.53831	3.785141	0.9571788
5856	-535.8484	-566.7628	30.91437	2.772457	1.500164
5862	-536.5539	-567.8644	31.3105	2.5604	1.358547
5868	-538.5629	-570.731	32.16805	2.334805	0.7363078
5874	-535.1421	-566.0878	30.94566	2.32487	1.799193
5880	-526.1087	-558.0879	31.97924	2.533525	0.7204999
5886	-528.0618	-560.2132	32.15135	2.212379	0.9139109
5892	-530.7535	-562.1322	31.37865	2.631646	1.245347
5898	-527.3427	-559.1449	31.80224	2.208056	1.245347
5904	-525.6424	-557.7866	32.14427	2.291296	0.8295963
5910	-527.1401	-559.2283	32.08815	2.474591	0.6220417
5916	-526.2407	-558.4919	32.25117	2.333572	0.5442023
5922	-528.4899	-560.9054	32.41541	2.169324	0.5442023
5928	-536.3447	-568.6925	32.34783	2.206616	0.6419131
5934	-536.661	-568.5587	31.89773	1.810942	1.483735
5940	-533.4123	-565.6689	32.25656	1.945724	1.076503
5946	-534.4048	-566.6931	32.28836	1.84112	1.142783
5952	-536.9908	-568.5286	31.53777	1.556449	1.919784
5958	-535.0406	-566.8266	31.78599	1.308234	1.919784
5964	-530.3263	-562.1665	31.84019	1.848846	1.498502
5970	-533.0428	-564.6269	31.58411	2.104924	1.498502
5976	-527.5642	-559.633	32.06879	2.104546	1.103253
5982	-526.3356	-557.225	30.8894	2.192328	1.928226
5988	-531.3064	-562.2961	30.98979	2.584824	1.583209
5994	-526.9015	-558.5278	31.62627	2.278557	1.331546
6000	-524.8666	-557.0322	32.16563	2.420663	0.4680255
6006	-534.3371	-565.7045	31.36748	2.478589	1.378113
6012	-526.0446	-557.0996	31.05501	1.294389	2.404825
6018	-526.1665	-557.2169	31.05043	1.229564	2.448533
6024	-530.3969	-562.5195	32.12255	1.854928	1.272568
6030	-527.8309	-559.5814	31.75056	1.945025	1.493581
6036	-525.654	-555.722	30.068	1.577416	2.83998
6042	-528.8409	-559.1707	30.32976	1.629612	2.648008
6048	-528.4575	-560.8338	32.3763	2.20897	0.461286
6054	-523.8	-555.8221	32.02207	2.286978	0.9721356
6060	-529.6614	-561.7887	32.12725	2.136676	1.017498
6066	-532.6156	-564.3139	31.69832	2.706783	0.8667101
6072	-533.7509	-565.3505	31.59961	2.925828	0.699066
6078	-535.7063	-567.4274	31.72109	2.830782	0.6476483
6084	-534.7596	-566.0268	31.26715	3.306474	0.4188246
6090	-532.9562	-563.9631	31.00684	3.406927	0.8563838
6096	-529.3289	-561.4147	32.0858	2.370134	0.8033235
6102	-533.5823	-565.5769	31.99456	1.661913	1.522838
6108	-531.1481	-563.4877	32.3396	1.780854	1.150784
6114	-534.2866	-563.0814	28.79488	1.426034	3.682069
6120	-531.5615	-561.7242	30.16269	0.9873902	3.137456
6126	-526.2539	-557.8426	31.58867	1.549063	1.890285
6132	-526.9933	-557.5873	30.59395	1.856556	2.340773
6138	-527.2594	-557.9026	30.64326	2.456433	1.916083
6144	-539.4007	-568.7378	29.33703	1.022571	3.601687
6150	-524.1929	-555.9548	31.7619	2.00286	1.441118
6156	-527.9743	-559.8291	31.8548	2.539891	0.878896
6162	-530.2287	-561.6651	31.43633	2.59524	1.227485
6168	-533.0313	-563.1073	30.07599	2.645821	2.166423
6174	-528.5599	-560.1178	31.55788	2.793636	0.9272781
6180	-535.0646	-566.6496	31.58492	2.32499	1.327467
6186	-530.5366	-562.4337	31.89718	2.093143	1.261958
6192	-529.6874	-561.4031	31.71575	2.060589	1.43224
6198	-531.0545	-562.6048	31.55022	2.311929	1.365462
6204	-532.8269	-564.0534	31.22656	3.271974	0.7429699
6210	-532.9539	-564.842	31.8881	2.416854	0.9763325
6216	-532.0774	-562.4961	30.41872	2.787619	1.843436
6222	-524.396	-556.282	31.88604	2.667306	0.3789889
6228	-529.5613	-561.6926	32.13131	2.422037	0.3789889
6234	-528.6511	-560.6524	32.00131	2.552037	0.3789889
6240	-527.7187	-559.72	32.00131	2.552037	0.3789889
6246	-533.106	-564.9067	31.80066	2.548013	0.228633
6252	-533.969	-566.0218	32.05272	2.522387	0.5861051
6258	-536.6276	-568.7282	32.1007	1.704772	1.409765
6264	-535.2271	-567.4841	32.25705	1.703483	1.286475
6270	-536.3922	-563.7837	27.39149	2.384927	3.937905
6276	-533.7244	-561.8997	28.17524	1.676372	3.894803
6282	-536.5314	-567.3759	30.84457	1.527571	2.390462
6288	-535.3002	-566.4654	31.16521	1.625991	2.121172
6294	-536.974	-568.9999	32.02582	2.354134	0.8957801
6300	-531.0078	-561.2117	30.20394	1.625991	2.727519
6306	-535.3445	-564.4235	29.07903	1.394045	3.535705
6312	-535.1841	-564.5946	29.4105	1.625479	3.205184
6318	-529.6205	-561.647	32.02654	1.743552	1.437035
6324	-530.8363	-561.0299	30.19366	1.518888	2.799178
6330	-531.7341	-563.0957	31.36159	1.515489	2.064754
6336	-528.6973	-559.8299	31.13257	1.606437	2.155236
6342	-526.9724	-558.0461	31.07373	1.520281	2.249036
6348	-528.6104	-560.354	31.74363	2.177796	1.318211
6354	-528.1612	-559.1912	31.03002	2.058377	1.923723
6360	-529.507	-560.8604	31.35339	1.406966	2.141324
6366	-529.5204	-560.0625	30.54214	1.713052	2.464105
6372	-534.4716	-566.0062	31.53461	1.515483	1.949537
6378	-531.6639	-562.4274	30.76356	1.17585	2.660302
6384	-534.4185	-563.8307	29.41223	1.28272	3.406095
6390	-538.5136	-568.6445	30.13085	0.8463079	3.239994
6396	-538.1177	-568.5898	30.47208	1.191538	2.828926
6402	-533.441	-565.3505	31.90945	1.846065	1.448188
6408	-529.6103	-562.1504	32.54015	1.742156	0.9992746
6414	-536.3648	-568.5825	32.21775	1.865351	1.183461
6420	-530.1794	-561.7572	31.57775	2.252667	1.390362
6426	-535.2863	-567.2146	31.92826	2.089936	1.238733
6432	-533.316	-565.3721	32.05613	1.948585	1.250005
6438	-534.7538	-567.4555	32.70169	1.835719	0.6771632
6444	-536.6667	-568.2731	31.60637	1.585688	1.853222
6450	-536.9588	-568.1865	31.22773	2.048671	1.795123
6456	-532.3274	-562.5915	30.26401	1.41084	2.822102
6462	-529.9778	-560.1295	30.15174	2.246503	2.37394
6468	-531.387	-562.5768	31.18978	1.969093	1.875897
6474	-532.8782	-564.3607	31.48249	1.991267	1.65616
6480	-528.5403	-560.633	32.09272	2.487143	0.5683401
6486	-527.0539	-558.3646	31.31062	1.966361	1.79472
6492	-528.5144	-559.5868	31.07247	1.937501	1.976456
6498	-528.1457	-560.0636	31.91787	1.980222	1.336932
6504	-531.0453	-561.3657	30.32032	2.502756	2.100289
6510	-532.0231	-564.0326	32.00954	2.467648	0.7742872
6516	-530.4063	-562.5251	32.1188	2.467648	0.5321281
6522	-531.7757	-563.8864	32.11072	2.370591	0.7684234
6528	-531.5054	-563.1543	31.64888	2.666121	0.9659797
6534	-527.9047	-559.7297	31.82496	2.713199	0.3577601
6540	-529.9425	-561.7201	31.77763	2.713199	0.3103583
6546	-534.1315	-566.1374	32.0059	2.498231	0.3217853
6552	-541.8271	-572.0001	30.17305	1.116257	3.054434
6558	-538.4929	-568.224	29.73111	1.269419	3.226174
6564	-534.9666	-563.0851	28.11847	0.4750325	4.607923
6570	-528.6321	-556.7728	28.14067	0.4528386	4.607923
6576	-531.546	-558.7808	27.23481	0.5899025	5.03682
6582	-525.2629	-555.5498	30.28685	0.8634136	3.137345
6588	-525.7382	-556.5525	30.81429	1.97318	2.123615
6594	-523.083	-554.4153	31.33232	1.960611	1.783653
6600	-523.3988	-555.1104	31.71153	1.554424	1.802359
6606	-526.4431	-555.5446	29.10148	1.067093	3.712329
6612	-532.3327	-563.384	31.05132	1.887178	2.024102
6618	-533.4326	-561.9181	28.48549	0.9507973	4.132028
6624	-529.5871	-559.5969	30.00979	1.039475	3.197311
6630	-540.7766	-569.9385	29.16185	1.269987	3.559707
6636	-538.13	-566.9859	28.85595	1.154726	3.803396
6642	-540.1022	-571.8389	31.73668	1.703467	1.680155
6648	-538.6837	-568.9398	30.25616	1.806346	2.584254
6654	-538.9853	-569.982	30.99665	1.983073	1.996668
6660	-537.1792	-568.3442	31.16496	1.868583	1.960657
6666	-531.3779	-562.4803	31.10235	1.629352	2.159986
6672	-532.989	-563.418	30.42902	1.490335	2.672644
6678	-528.4291	-559.8488	31.41975	1.428255	2.08391
6684	-532.9678	-561.971	29.00326	1.964562	3.245512
6690	-529.5737	-560.6732	31.09949	1.339166	2.348306
6696	-526.9814	-557.8967	30.91529	1.401443	2.425423
6702	-523.1426	-555.4167	32.27407	1.918198	1.085821
6708	-527.19	-558.4057	31.21567	1.761925	1.998082
6714	-532.8038	-561.2997	28.49589	2.492118	3.233578
6720	-548.1327	-580.1152	31.98247	2.066167	1.213028
6726	-547.6335	-577.6177	29.98423	1.179046	3.129605
6732	-531.0944	-560.2825	29.1881	3.126811	2.426575
6738	-531.1614	-561.796	30.63457	1.680337	2.426575
6744	-532.1661	-562.7633	30.5972	1.717706	2.426575
6750	-549.0199	-580.3365	31.31662	1.886897	1.845369
6756	-544.9483	-577.529	32.58071	1.9771	0.6341377
6762	-534.0305	-565.1166	31.08604	1.529068	2.235454
6768	-533.1778	-563.8553	30.67746	1.346444	2.608159
6774	-532.1459	-563.8856	31.73975	1.631421	1.728961
6780	-534.7227	-565.4758	30.75316	1.997894	2.147389
6786	-534.551	-563.8699	29.31888	1.101865	3.566161
6792	-536.1743	-568.3113	32.13702	2.314237	0.8094802
6798	-539.2974	-571.643	32.34557	2.105686	0.8094802
6804	-531.7397	-561.6017	29.862	1.246553	3.162135
6810	-533.7709	-565.2286	31.45769	1.252423	2.174023
6816	-530.6562	-562.7268	32.07052	1.783139	1.372144
6822	-528.9537	-560.1603	31.20659	2.239266	1.676095
6828	-527.1661	-559.4418	32.27569	1.768338	1.216946
6834	-526.0687	-557.4476	31.3789	2.167745	1.603584
6840	-526.7803	-559.0284	32.24812	2.30569	0.6433455
6846	-528.6216	-560.3534	31.73179	1.87012	1.563201
6852	-534.8813	-565.1764	30.29505	1.706733	2.621833
6858	-530.7789	-563.0743	32.29542	1.729441	1.233137
6864	-529.4148	-561.0384	31.62355	1.42525	1.950409
6870	-525.6977	-557.1272	31.42951	2.469016	1.336585
6876	-530.14	-562.0894	31.94935	1.903406	1.372858
6882	-529.8506	-562.2193	32.36863	2.028148	0.8764805
6888	-527.9011	-558.5275	30.62646	1.591397	2.487501
6894	-526.7939	-557.5549	30.76099	1.581267	2.409338
6900	-531.6638	-563.5197	31.8559	1.382035	1.821706
6906	-529.4052	-559.1668	29.76158	1.842661	2.864941
6912	-529.8835	-560.2761	30.39261	1.695516	2.568361
6918	-530.9252	-561.147	30.22185	1.920485	2.534646
6924	-528.7672	-561.043	32.27581	2.1839	0.7983
6930	-531.4455	-563.2487	31.80318	2.783288	0.5319465
6936	-528.0587	-559.8517	31.79306	2.783288	0.426265
6942	-528.7795	-560.7741	31.99461	2.528179	0.340024
6948	-533.6388	-563.851	30.21222	1.46881	2.81835
6954	-530.4958	-559.6019	29.10617	1.356841	3.541565
6960	-536.9561	-567.3804	30.42428	1.686795	2.554101
6966	-535.6336	-565.3137	29.68008	1.103346	3.354177
6972	-531.3917	-562.5678	31.17609	2.069452	1.816466
6978	-535.0297	-563.9916	28.96187	1.399611	3.6006
6984	-531.4327	-563.1801	31.74743	2.244866	1.260323
6990	-529.2106	-560.6566	31.446	2.78276	1.051533
6996	-532.1193	-563.9469	31.82758	2.634839	0.7946493
7002	-534.2501	-565.9212	31.67112	2.901459	0.5943794
7008	-527.481	-558.9466	31.4656	1.901209	1.732032
7014	-528.6039	-559.8449	31.24093	1.530205	2.134286
7020	-530.7471	-561.9394	31.19224	1.394085	2.25397
7026	-536.5883	-566.0415	29.45322	0.8802246	3.61687
7032	-535.6585	-566.5331	30.87459	2.584854	1.6664
7038	-534.764	-565.8641	31.10017	3.158904	1.022258
7044	-534.921	-566.4459	31.52487	3.015545	0.6713448
7050	-528.3047	-559.6581	31.35335	1.30273	2.209022
7056	-529.7665	-561.3235	31.55704	1.868549	1.69051
7062	-528.3751	-560.2667	31.89163	2.477083	0.9083889
7068	-527.5042	-558.9162	31.412	2.956715	0.9083889
7074	-532.1641	-563.4505	31.28644	2.892705	1.097926
7080	-526.2655	-558.4641	32.19854	1.699397	1.337054
7086	-527.7403	-559.4296	31.68928	1.237892	2.031622
7092	-532.9942	-562.869	29.87483	1.323859	3.108518
7098	-539.2602	-568.5552	29.29504	1.903643	3.108518
7104	-536.8012	-569.0164	32.2152	1.954309	1.10675
7110	-528.4663	-560.7801	32.31377	1.77644	1.177295
7116	-530.8672	-562.5084	31.64122	1.686191	1.759634
7122	-526.4798	-558.318	31.8382	1.686191	1.619721
7128	-533.2883	-564.1537	30.86538	2.659013	1.619721
7134	-528.8717	-560.7817	31.91003	2.297253	1.071835
7140	-532.4466	-563.4112	30.96454	2.40187	1.732311
7146	-528.7022	-561.3119	32.60971	1.838101	0.8139551
7152	-528.9129	-561.5007	32.58782	1.859787	0.8142284
7158	-531.2783	-562.0927	30.81442	1.747977	2.26933
7164	-531.9356	-561.4963	29.56075	1.309233	3.303252
7170	-532.7826	-563.5173	30.73478	1.275154	2.616793
7176	-528.1859	-557.9646	29.77868	1.146316	3.270807
7182	-528.9604	-560.4176	31.4572	1.190987	2.214125
7188	-533.6254	-565.1363	31.51095	2.551851	1.200942
7194	-549.9144	-576.204	26.28966	0.01465306	5.873891
7200	-528.0301	-559.6758	31.6457	1.666784	1.77005
7206	-532.8516	-563.2644	30.41283	2.687171	1.915877
7212	-532.5459	-563.7731	31.22716	2.357112	1.576143
7218	-534.8659	-566.2208	31.35485	1.975821	1.757359
7224	-533.4077	-563.702	30.2943	1.556223	2.714902
7230	-535.0211	-565.373	30.3519	1.85379	2.495109
7236	-535.2854	-564.6311	29.34578	2.294752	2.842941
7242	-532.1614	-564.0387	31.87733	1.904578	1.427952
7248	-537.1758	-568.3594	31.18354	2.457371	1.534401
7254	-533.332	-562.6266	29.29462	1.432427	3.387279
7260	-536.465	-568.9636	32.49869	2.001499	0.740437
7266	-533.3784	-564.8395	31.46103	1.748613	1.841164
7272	-529.7064	-562.1366	32.43017	1.857616	0.9937697
7278	-531.831	-563.1677	31.33673	2.191876	1.616667
7284	-536.8024	-569.0296	32.22725	2.360619	0.5169747
7290	-537.0515	-569.1302	32.0787	1.474793	1.598606
7296	-539.3452	-569.0105	29.66528	1.798424	2.949805
7302	-531.7565	-562.2507	30.49417	2.199344	2.184789
7308	-531.0316	-562.1154	31.08387	2.108356	1.853105
7314	-528.2535	-559.1911	30.93767	3.347324	0.9965753
7320	-529.848	-562.3854	32.53739	2.020083	0.6349416
7326	-525.8967	-557.534	31.63737	2.777999	0.2604696
7332	-524.7618	-556.3732	31.61142	2.777999	0.2471044
7338	-525.5646	-557.6102	32.04553	2.518852	0.6178074
7344	-525.5405	-557.8299	32.28946	2.298942	0.503773
7350	-525.166	-557.5359	32.3699	2.215834	0.5376355
7356	-524.942	-557.198	32.256	1.615259	1.358263
7362	-525.6348	-558.0129	32.37806	1.493194	1.358263
7368	-526.3817	-557.9664	31.5847	1.493194	1.930809
7374	-522.7378	-554.7495	32.01161	1.51345	1.619233
7380	-531.7138	-562.4456	30.73184	1.749504	2.321146
7386	-532.1682	-562.5443	30.37604	1.963244	2.411214
7392	-532.0856	-562.5744	30.48882	2.040123	2.290757
7398	-531.4486	-561.4943	30.04576	2.4314	2.32381
7404	-533.7087	-565.0905	31.38186	1.674099	1.945591
7410	-527.1029	-556.8589	29.756	2.10914	2.705942
7416	-531.9676	-564.3821	32.41446	1.809473	1.056121
7422	-525.1287	-557.4647	32.33601	2.251983	0.4853285
7428	-524.4907	-556.7552	32.26449	2.3235	0.4853285
7434	-524.4844	-556.8674	32.38296	1.987256	0.9067227
7440	-523.5874	-555.8228	32.2354	2.288677	0.70144
7446	-527.271	-559.3615	32.09051	2.489535	0.5675835
7452	-527.489	-559.6005	32.11154	2.468652	0.5669683
7458	-529.5502	-561.6672	32.11706	2.468652	0.5377451
7464	-530.3379	-562.0442	31.70626	2.703651	0.25754
7470	-532.2465	-564.1344	31.88792	2.406213	0.9873657
7476	-531.3811	-563.8439	32.4628	1.97303	0.8292635
7482	-530.8153	-562.9645	32.14918	2.341957	0.310612
7488	-529.5557	-561.9556	32.39989	2.176456	0.4262404
7494	-532.5245	-564.9976	32.47313	1.831191	0.9769835
7500	-533.6441	-566.1965	32.55247	1.540261	1.175095
7506	-535.561	-567.659	32.09801	2.067808	1.110104
7512	-532.8665	-564.5716	31.70506	2.882878	0.4844861
7518	-525.2368	-556.8885	31.65171	2.882878	0.3533631
7524	-523.3577	-554.935	31.57733	2.851504	0.268016
7530	-527.3637	-558.8529	31.48922	2.851504	0.2253306
7536	-528.8146	-559.6573	30.8427	3.0189	0.1110362
7542	-529.399	-560.8487	31.44971	2.148911	1.565614
7548	-530.059	-562.1626	32.10357	2.125468	1.051266
7554	-530.4847	-562.0773	31.59267	2.824491	0.2614493
7560	-525.4931	-557.1252	31.63209	2.785074	0.2614493
7566	-529.9625	-561.5946	31.63209	2.785074	0.2614493
7572	-530.0591	-561.7416	31.6825	2.785074	0.2927029
7578	-531.7775	-563.6873	31.90981	2.67712	0.4731436
7584	-530.9453	-563.32	32.37472	2.212108	0.4722518
7590	-532.5498	-564.9033	32.35348	2.21536	0.6055993
7596	-532.3213	-563.7669	31.44567	3.115478	0.6260616
7602	-536.0508	-567.2626	31.21175	2.831074	1.217968
7608	-528.2169	-560.349	32.13213	2.443629	0.4245799
7614	-536.273	-568.1612	31.88814	2.381905	1.01147
7620	-530.4839	-562.7249	32.24105	1.632502	1.356448
7626	-528.1366	-560.4039	32.26725	1.833318	1.168267
7632	-530.9007	-561.8154	30.91473	2.087422	1.981689
7638	-533.1642	-564.8687	31.70446	1.879933	1.576052
7644	-527.0171	-559.2983	32.28113	1.759191	1.220088
7650	-527.2623	-559.6482	32.38587	2.195254	0.4419856
7656	-529.1682	-561.5068	32.33859	2.218981	0.6347113
7662	-533.2403	-565.2419	32.00166	1.628902	1.542071
7668	-529.8188	-562.2199	32.40113	1.494609	1.338809
7674	-533.7831	-564.7447	30.96165	2.135392	1.917878
7680	-530.5395	-562.9636	32.4241	2.158287	0.5569894
7686	-530.9641	-562.8752	31.91108	2.671883	0.5541257
7692	-531.9639	-563.6643	31.70047	2.822219	0.339915
7698	-535.8169	-567.8432	32.02635	2.531397	0.6342992
7704	-532.8327	-563.0878	30.25514	1.650296	2.681203
7710	-526.3939	-558.7698	32.37597	2.205491	0.5613616
7716	-530.0512	-561.4375	31.38631	2.805303	1.086434
7722	-530.923	-561.6496	30.7266	2.680848	1.703366
7728	-531.3582	-563.3724	32.01417	2.492665	0.7300464
7734	-532.032	-562.8802	30.84824	1.510273	2.399072
7740	-531.439	-562.6013	31.16228	2.041737	1.845024
7746	-531.9293	-563.4199	31.49057	2.02284	1.627649
7752	-532.9057	-563.2957	30.39004	1.211705	2.866455
7758	-535.9887	-566.1293	30.14059	1.704883	2.717999
7764	-527.1857	-559.161	31.97531	1.629523	1.561049
7770	-531.847	-563.512	31.66498	2.77627	0.822397
7776	-530.4437	-562.6011	32.15738	1.724865	1.349554
7782	-532.9001	-564.9919	32.09184	2.126634	1.061299
7788	-533.275	-564.8055	31.53047	2.866021	0.8768068
7794	-531.8215	-563.5258	31.70437	1.986842	1.496867
7800	-533.9675	-564.5878	30.62031	1.943249	2.26859
7806	-534.2148	-564.5014	30.28659	2.276966	2.26859
7812	-533.8233	-561.4	27.57664	1.6673	4.241247
7818	-527.6214	-558.1013	30.4799	1.795911	2.451163
7824	-541.9165	-573.9175	32.00099	1.702729	1.487468
7830	-539.7301	-569.2275	29.49736	1.759377	3.073892
7836	-535.0225	-566.7694	31.74689	2.042079	1.42252
7842	-528.782	-560.157	31.37491	1.588279	2.007682
7848	-533.5931	-563.4562	29.86313	1.043528	3.28163
7854	-528.7447	-558.2905	29.54586	1.390039	3.26437
7860	-531.3279	-560.7098	29.38188	0.7863691	3.712517
7866	-531.4864	-560.584	29.09761	1.070639	3.712517
7872	-522.879	-554.5539	31.67488	1.537333	1.839403
7878	-527.4763	-556.3619	28.88557	1.232087	3.741732
7884	-528.5489	-559.4228	30.87388	1.058429	2.664674
7890	-532.0732	-560.3282	28.25498	1.050792	4.20618
7896	-533.7295	-562.9779	29.24844	1.017876	3.655785
7902	-537.8355	-568.6226	30.78714	2.357543	1.885561
7908	-534.6204	-566.1766	31.55619	1.87849	1.684049
7914	-528.1649	-560.7291	32.56427	1.87849	0.8204657
7920	-535.1783	-566.5901	31.41176	1.20537	2.234156
7926	-535.3224	-565.7884	30.46598	2.129416	2.248139
7932	-528.5711	-559.6507	31.07959	2.002817	1.927766
7938	-530.1969	-560.9676	30.77067	1.760033	2.289631
7944	-535.5467	-567.4571	31.91037	2.051756	1.285174
7950	-533.5301	-564.7498	31.21965	2.138849	1.737871
7956	-533.9566	-564.6409	30.68429	1.366267	2.591656
7962	-531.8129	-562.9936	31.18072	1.645241	2.098394
7968	-539.3574	-569.7765	30.4191	1.907328	2.419318
7974	-541.8262	-571.0479	29.22169	2.011348	3.088034
7980	-540.4603	-570.8176	30.35731	1.979657	2.412672
7986	-532.1095	-562.9557	30.84621	1.614559	2.334248
7992	-533.2595	-564.2151	30.95555	1.300409	2.463625
7998	-528.4546	-559.8278	31.37325	2.545134	1.32066
8004	-526.9186	-558.6923	31.77372	2.144664	1.32066
8010	-526.7372	-559.2668	32.52961	2.022012	0.6482
8016	-527.2879	-559.4209	32.13291	2.098147	1.049339
8022	-530.2976	-562.3918	32.09416	2.426822	0.7067716
8028	-524.9488	-557.4944	32.54565	1.865378	0.8596665
8034	-525.5634	-557.4373	31.8739	1.65155	1.618954
8040	-527.7005	-559.5652	31.86467	1.660779	1.618954
8046	-523.5738	-553.8223	30.24845	1.940313	2.505685
8052	-524.4775	-555.8348	31.35727	2.062753	1.694455
8058	-532.4906	-563.9023	31.41178	1.892247	1.775943
8064	-537.8062	-569.7555	31.94935	2.559493	0.7268497
8070	-530.8794	-561.9341	31.0547	1.670472	2.164238
8076	-528.4412	-559.2791	30.83799	1.887178	2.164238
8082	-539.5219	-570.2633	30.74136	1.983811	2.164238
8088	-533.7905	-565.5752	31.78472	2.769188	0.6431324
8094	-528.2877	-560.5396	32.25184	2.302063	0.6431324
8100	-528.4413	-560.5023	32.06102	2.523219	0.4555895
8106	-529.074	-561.374	32.30004	2.282097	0.4459679
8112	-527.163	-559.6385	32.47553	2.112784	0.4924192
8118	-532.2263	-564.2133	31.98698	1.872128	1.367856
8124	-539.6213	-568.6845	29.06323	1.7242	3.351827
8130	-529.4836	-558.2856	28.80204	1.605739	3.5737
8136	-533.1149	-560.8831	27.76813	1.751253	4.084721
8142	-535.4943	-566.9296	31.43533	1.376034	2.107967
8148	-536.9025	-565.9331	29.03058	0.9305096	3.831926
8154	-537.687	-566.7601	29.07309	0.8879991	3.831926
8160	-534.1383	-563.885	29.74675	0.9970665	3.37744
8166	-532.6796	-562.3298	29.65012	1.093691	3.37744
8172	-532.4853	-561.6674	29.18218	1.561636	3.37744
8178	-533.2772	-563.835	30.55775	1.535744	2.565024
8184	-538.3012	-569.4322	31.13094	3.194686	0.9549017
8190	-540.3677	-571.9588	31.59109	2.605924	1.08142
8196	-534.2779	-565.8846	31.60677	2.921322	0.6943609
8202	-535.744	-566.2175	30.47348	2.741361	1.837597
8208	-532.5385	-564.8514	32.31288	1.636046	1.295941
8214	-535.0299	-566.6062	31.57636	1.824404	1.708093
8220	-545.4345	-576.413	30.97847	2.787383	1.440279
8226	-535.4268	-567.7766	32.34978	1.939068	0.9926968
8232	-538.8836	-569.2567	30.37311	1.988972	2.396815
8238	-534.9238	-564.3734	29.44965	1.533409	3.236506
8244	-532.0224	-561.5777	29.55523	1.150202	3.399954
8250	-529.9147	-561.6468	31.73206	1.565919	1.780148
8256	-529.6636	-560.61	30.94641	1.520068	2.330614
8262	-530.1332	-558.3265	28.19323	1.487937	3.992403
8268	-529.0677	-559.1398	30.07203	1.767607	2.721576
8274	-535.1523	-565.923	30.77071	2.589594	1.736604
8280	-528.9342	-560.8469	31.91268	1.824638	1.462045
8286	-524.9222	-557.112	32.18985	1.833145	1.234705
8292	-528.8744	-559.7283	30.85391	1.945679	2.115685
8298	-528.8719	-558.4222	29.55031	1.531221	3.178176
8304	-535.9912	-568.4981	32.50699	1.52285	1.22895
8310	-532.1052	-563.4652	31.36005	1.576376	2.025476
8316	-528.8165	-560.0398	31.22334	1.987593	1.840279
8322	-530.1224	-561.5628	31.44036	1.68234	1.900494
8328	-534.3393	-565.1733	30.83396	2.223553	1.944543
8334	-529.1525	-560.0976	30.94504	1.196089	2.535397
8340	-531.897	-561.2643	29.36728	1.283456	3.431992
8346	-534.8134	-565.5561	30.74272	1.374904	2.550028
8352	-537.4547	-569.1248	31.67013	1.81325	1.649261
8358	-538.5828	-569.6869	31.10414	2.037402	1.887698
8364	-536.8728	-567.4528	30.57996	1.505243	2.570173
8370	-538.8281	-571.0193	32.19127	1.55029	1.458825
8376	-532.3452	-563.022	30.67673	1.346925	2.608311
8382	-536.3606	-564.3973	28.03668	1.428459	4.115611
8388	-535.6009	-566.385	30.78408	1.596389	2.385195
8394	-535.1701	-567.4783	32.30817	1.989881	0.9833902
8400	-533.0165	-565.2754	32.25889	2.224367	0.7656367
8406	-531.1234	-563.3743	32.25086	2.323556	0.5884509
8412	-532.8641	-564.895	32.03087	2.495964	0.3444072
8418	-537.1011	-569.0973	31.99623	2.530606	0.3444072
8424	-532.1386	-564.0481	31.90951	2.530606	0.2747068
8430	-532.718	-564.6629	31.94496	2.530606	0.7765722
8436	-530.5219	-562.6832	32.16139	2.421065	0.447302
8442	-529.5741	-561.7166	32.14254	2.421065	0.3967093
8448	-531.202	-563.76	32.55806	1.954082	0.7215194
8454	-531.1775	-563.6149	32.43744	2.119638	0.6358551
8460	-526.8418	-557.6301	30.78829	1.528779	2.425215
8466	-531.2211	-562.1305	30.90946	2.095883	1.979554
8472	-528.2811	-560.4424	32.16133	2.108133	1.012043
8478	-528.291	-560.4987	32.20769	2.061771	1.012043
8484	-532.0451	-564.0213	31.97618	2.050558	1.231557
8490	-534.6328	-564.5421	29.90935	1.226485	3.145921
8496	-529.6734	-559.8622	30.18882	1.235454	2.973527
8502	-535.6256	-567.8873	32.26171	1.576033	1.384636
8508	-533.7004	-564.9727	31.27236	1.522756	2.118612
8514	-535.1109	-566.8286	31.71772	1.578434	1.781413
8520	-533.2633	-564.2965	31.03323	2.346696	1.7228
8526	-529.9034	-561.5401	31.63672	1.768196	1.705161
8532	-536.1306	-564.9939	28.86331	1.286986	3.722888
8538	-533.5041	-564.1372	30.6331	1.70367	2.412799
8544	-532.8213	-563.7295	30.90823	1.428537	2.412799
8550	-529.9757	-560.1878	30.21205	1.391563	2.865319
8556	-532.3026	-564.4597	32.15714	1.723195	1.35107
8562	-535.6197	-566.0032	30.38351	1.380988	2.767515
8568	-533.1697	-561.9417	28.77199	1.157499	3.850093
8574	-529.9084	-559.0723	29.16388	1.951301	3.158199
8580	-530.8025	-562.7618	31.95928	2.591533	0.6499505
8586	-527.5244	-559.0226	31.49827	1.747321	1.816426
8592	-537.636	-569.6973	32.06138	2.507	0.6069015
8598	-533.3188	-565.5186	32.19974	1.97099	1.105636
8604	-533.0104	-565.0666	32.05618	2.502156	0.6328911
8610	-533.2563	-565.0782	31.82189	1.38941	1.840028
8616	-533.8982	-564.5128	30.61456	1.660017	2.451938
8622	-542.8841	-572.1448	29.26067	1.718676	3.238701
8628	-530.4213	-561.0988	30.67751	1.365452	2.596363
8634	-531.9297	-561.0422	29.11249	1.551884	3.424007
8640	-532.7752	-565.2281	32.45293	1.875274	0.95219
8646	-532.5629	-563.7485	31.18555	1.81803	1.980728
8652	-527.4676	-558.9733	31.50571	2.228389	1.464494
8658	-525.1543	-556.9	31.74573	1.609876	1.7399
8664	-522.313	-554.8671	32.55407	1.921982	0.7758859
8670	-527.375	-559.7631	32.38803	1.921982	0.9711374
8676	-527.3621	-559.136	31.77383	1.810817	1.575868
8682	-527.2319	-558.9019	31.67004	1.575003	1.816805
8688	-529.753	-561.4526	31.69951	1.321535	1.969035
8694	-533.943	-564.8186	30.87564	1.855857	2.160119
8700	-531.4534	-562.301	30.84751	1.511954	2.39847
8706	-532.0313	-559.268	27.23675	1.111006	4.74551
8712	-533.5132	-563.2041	29.69091	1.022309	3.395389
8718	-531.5587	-562.7546	31.19591	1.766536	2.00818
8724	-529.1438	-559.0569	29.91309	1.856414	2.764457
8730	-533.722	-566.2029	32.4809	1.990356	0.7825806
8736	-528.6058	-560.8956	32.28974	2.236813	0.6970885
8742	-531.9291	-564.2802	32.35107	2.236813	0.5166905
8748	-530.8139	-563.0692	32.25531	2.329419	0.5442382
8754	-534.6384	-566.4127	31.77434	2.814046	0.4953564
8760	-542.1279	-573.1301	31.00224	3.197043	1.079303
8766	-530.951	-561.6183	30.66729	1.873231	2.283352
8772	-530.2353	-561.3497	31.11438	1.577631	2.185763
8778	-531.251	-562.2517	31.00074	1.691276	2.185763
8784	-531.2852	-562.7904	31.50515	1.949637	1.669723
8790	-530.3761	-562.1861	31.81003	2.297415	1.162243
8796	-524.7991	-557.028	32.22898	2.297415	0.3439223
8802	-531.506	-560.3427	28.83671	1.788333	3.447023
8808	-526.0484	-557.9981	31.94976	1.824318	1.433976
8814	-526.8481	-558.3306	31.4825	1.838479	1.764124
8820	-531.0936	-562.2897	31.1961	1.58615	2.127028
8826	-538.1974	-567.9687	29.77129	1.437814	3.102312
8832	-532.4908	-564.9008	32.40998	1.848736	1.022607
8838	-535.2275	-566.2037	30.97619	2.052457	1.963939
8844	-529.2712	-561.2316	31.96039	1.886708	1.377303
8850	-530.9708	-562.6674	31.69661	1.848452	1.604736
8856	-527.1797	-559.3663	32.1866	2.023102	1.06956
8862	-526.5448	-557.6946	31.14975	2.013691	1.872777
8868	-531.2611	-562.0018	30.74075	2.213129	2.013882
8874	-526.7519	-558.5139	31.76194	2.246175	1.24717
8880	-531.9255	-563.039	31.11354	1.318058	2.352793
8886	-542.0699	-568.3425	26.27262	1.46266	5.086438
8892	-530.1887	-558.8782	28.68955	0.9928148	3.991714
8898	-527.6464	-555.3614	27.71498	1.261	4.392776
8904	-530.2503	-559.861	29.61075	0.963502	3.476705
8910	-528.04	-557.0521	29.01211	1.306218	3.625642
8916	-531.2605	-560.5513	29.29082	1.027507	3.625642
8922	-528.4415	-558.9993	30.55782	1.228367	2.754273
8928	-532.0752	-559.2778	27.20269	0.792154	4.942278
8934	-537.961	-570.3008	32.33979	1.638435	1.271955
8940	-530.8412	-562.9373	32.09607	2.261266	0.9209342
8946	-537.2773	-569.145	31.86771	2.511145	0.897029
8952	-532.2987	-561.7608	29.46219	1.317587	3.356322
8958	-530.5006	-560.1067	29.6061	1.633368	3.084201
8964	-529.4167	-557.6016	28.18484	1.188774	4.167657
8970	-532.4107	-564.3717	31.96096	1.568313	1.616185
8976	-536.01	-566.5666	30.55659	2.024677	2.257221
8982	-527.7219	-558.3387	30.61676	1.181428	2.74694
8988	-525.6653	-555.9609	30.29563	1.502556	2.74694
8994	-523.1776	-552.5021	29.32446	1.047185	3.594693
9000	-532.0898	-561.7195	29.62967	1.100737	3.385304
9006	-531.6701	-561.4177	29.74761	1.391791	3.143802
9012	-530.6243	-560.4037	29.77931	0.9422683	3.390487
9018	-531.6935	-561.1106	29.41711	1.304468	3.390487
9024	-526.5774	-558.439	31.86157	1.469162	1.757316
9030	-531.2642	-562.5564	31.29212	3.224372	0.7143468
9036	-527.3262	-559.5459	32.21966	2.163168	0.8925263
9042	-528.8901	-559.5159	30.62581	1.564994	2.504412
9048	-522.8464	-554.793	31.94657	2.628207	0.5872285
9054	-527.7342	-559.957	32.22279	2.359095	0.4449752
9060	-531.1945	-563.7088	32.51427	2.069446	0.5501009
9066	-528.5415	-560.3684	31.82686	1.788877	1.553017
9072	-524.4113	-555.9677	31.55633	2.045167	1.563507
9078	-525.3118	-555.6933	30.38153	1.821196	2.496961
9084	-531.7972	-562.8864	31.08913	2.057355	1.884332
9090	-527.4134	-557.7223	30.30886	1.350888	2.831279
9096	-529.997	-559.9701	29.97315	1.917731	2.690147
9102	-532.3213	-563.4905	31.16923	2.695161	1.363689
9108	-526.6535	-559.159	32.5055	1.997174	0.7365894
9114	-527.3201	-559.2449	31.92479	2.434996	0.9182555
9120	-531.3538	-562.8845	31.53073	2.976572	0.3246803
9126	-538.7888	-571.1896	32.40084	2.165642	0.612185
9132	-531.0539	-562.614	31.56011	1.902203	1.66435
9138	-528.3764	-559.7417	31.36522	1.62461	1.989918
9144	-529.0651	-560.3757	31.31057	1.675578	1.992379
9150	-531.7362	-562.467	30.73078	1.439911	2.516968
9156	-532.1256	-564.1751	32.0495	1.611084	1.519781
9162	-527.122	-557.7843	30.66232	1.77915	2.346519
9168	-524.4467	-556.6398	32.19307	1.647358	1.38253
9174	-525.7883	-557.5917	31.80342	1.257984	1.941924
9180	-527.1197	-557.5748	30.45513	1.397508	2.713606
9186	-528.0183	-558.5827	30.56437	1.207133	2.763236
9192	-534.5293	-564.8341	30.30484	1.299426	2.864926
9198	-521.6241	-552.6922	31.06809	1.402266	2.328148
9204	-522.8355	-555.4214	32.58593	1.641344	1.052944
9210	-523.8006	-555.3003	31.49967	1.143719	2.217223
9216	-528.2205	-559.1345	30.91395	1.766096	2.193516
9222	-528.0825	-560.0817	31.99919	2.520661	0.7087014
9228	-531.5925	-563.1684	31.5759	2.964394	0.6715881
9234	-541.3063	-572.9626	31.65632	2.870513	0.6965947
9240	-535.054	-567.5841	32.53016	2.021494	0.6481335
9246	-534.8002	-565.1852	30.38501	3.186176	1.585714
9252	-531.9182	-563.9703	32.05211	2.477048	0.6924428
9258	-535.8697	-566.9207	31.05094	2.393949	1.676782
9264	-531.9258	-564.1291	32.20333	2.183844	0.8875631
9270	-530.4251	-562.6228	32.19769	2.059867	1.023745
9276	-538.2976	-569.1428	30.84519	2.704864	1.601111
9282	-528.8754	-560.5101	31.63471	2.28625	1.318592
9288	-527.4214	-558.4753	31.05391	1.539589	2.249365
9294	-528.4426	-558.8041	30.36149	1.892037	2.465148
9300	-531.6894	-563.1701	31.4807	1.920079	1.708083
9306	-538.8788	-569.6965	30.81777	2.32804	1.884791
9312	-536.1937	-568.4777	32.28402	2.297925	0.5591382
9318	-532.8669	-565.2226	32.35564	1.829305	1.092594
9324	-538.2385	-570.2514	32.01289	1.861173	1.356041
9330	-526.4415	-558.6207	32.17919	1.592625	1.43571
9336	-530.5239	-561.1557	30.6318	1.508427	2.535958
9342	-530.7863	-560.2999	29.51355	1.236152	3.373983
9348	-529.1754	-560.6661	31.49066	1.331377	2.100967
9354	-530.1402	-562.1875	32.04733	1.478057	1.619
9360	-523.4412	-555.7323	32.29105	2.218478	0.7257491
9366	-526.0599	-557.2082	31.14836	2.175023	1.76245
9372	-524.3592	-556.4973	32.13803	2.344291	0.7669833
9378	-525.9852	-558.3544	32.3692	1.924497	0.9878044
9384	-525.5427	-556.2677	30.725	2.058378	2.126287
9390	-526.9608	-557.4067	30.44593	2.002571	2.342049
9396	-524.2288	-556.3866	32.15771	2.157137	0.9661401
9402	-535.2374	-567.1052	31.86773	2.18393	1.210454
9408	-530.2039	-562.5859	32.38201	2.109122	0.7541251
9414	-531.22	-563.3832	32.16311	2.328021	0.7541251
9420	-527.3936	-559.4116	32.01802	1.585747	1.561832
9426	-532.2494	-562.521	30.27157	1.174402	2.960476
9432	-530.7525	-562.7803	32.02786	2.507203	0.3539285
9438	-529.4391	-561.5945	32.15542	2.385611	0.6701331
9444	-529.1021	-561.2298	32.12769	2.385611	0.3303817
9450	-530.1305	-562.3166	32.1861	2.361974	0.6557948
9456	-534.7853	-566.8136	32.02832	1.943045	1.277598
9462	-534.3797	-565.8829	31.50316	1.615905	1.902959
9468	-537.7771	-568.8501	31.07302	1.788646	2.074913
9474	-536.2188	-566.2994	30.08057	1.399897	2.939709
9480	-528.2036	-558.4402	30.23665	1.18509	2.975051
9486	-529.06	-559.1555	30.09549	1.326247	2.975051
9492	-536.5698	-568.402	31.8322	1.650558	1.64971
9498	-525.9812	-557.0479	31.06676	2.198224	1.803028
9504	-531.8312	-563.4916	31.66042	1.80028	1.665504
9510	-526.8887	-558.6778	31.7891	2.351522	1.132838
9516	-537.4063	-568.4683	31.06199	1.683683	2.150896
9522	-528.8802	-560.5515	31.67131	2.529961	1.077456
9528	-528.0058	-560.2943	32.28852	2.156941	0.8169972
9534	-533.072	-565.5089	32.43692	2.149466	0.532613
9540	-529.8907	-562.6727	32.78196	1.707937	0.7559495
9546	-532.3695	-562.7286	30.35915	2.597144	2.012273
9552	-531.8297	-564.3044	32.4747	1.400216	1.355368
9558	-525.5353	-557.0581	31.52272	1.482576	1.97958
9564	-531.4537	-563.7948	32.34105	1.847486	1.089274
9570	-547.5675	-578.555	30.98751	1.724893	2.172533
9576	-537.5848	-565.3658	27.781	1.086103	4.454156
9582	-533.6423	-561.8391	28.19679	0.8400263	4.358434
9588	-529.2094	-557.2178	28.00838	1.028438	4.358434
9594	-529.905	-559.2217	29.31667	0.9543311	3.653074
9600	-531.6029	-559.1994	27.59649	0.9381752	4.640909
9606	-532.553	-559.0939	26.54091	1.03499	5.174734
9612	-526.2315	-555.4476	29.21609	1.108553	3.621978
9618	-528.669	-557.7618	29.09282	1.231821	3.621978
9624	-524.5426	-555.9675	31.42495	1.555955	1.995876
9630	-525.0846	-557.3632	32.27855	2.299818	0.5743245
9636	-529.9319	-562.2344	32.30248	2.284778	0.5246177
9642	-548.6985	-580.2128	31.51431	3.015061	0.6920729
9648	-534.5308	-565.8138	31.28298	1.938128	1.833292
9654	-533.5605	-563.922	30.36151	1.583544	2.656827
9660	-530.4993	-561.6042	31.1049	2.073515	1.862555
9666	-536.1212	-566.6515	30.53031	3.595418	1.146111
9672	-527.5726	-559.1947	31.62214	1.676762	1.779503
9678	-528.8	-560.6549	31.85492	2.372291	1.053006
9684	-527.2882	-559.3576	32.0693	2.33817	0.8639037
9690	-533.5778	-564.0415	30.46373	1.833111	2.437943
9696	-525.0377	-556.1106	31.07293	1.293557	2.394032
9702	-530.8804	-562.753	31.87263	2.380573	1.027992
9708	-534.8541	-566.1574	31.30333	3.244074	0.6572141
9714	-533.7002	-564.8724	31.1722	1.93164	1.913279
9720	-534.8598	-566.9775	32.11776	2.020331	1.135107
9726	-531.6293	-563.9646	32.33532	2.225237	0.6275216
9732	-532.5645	-563.7932	31.2287	2.998493	1.053029
9738	-533.4134	-564.6374	31.22405	3.163614	0.8870072
9744	-529.0596	-558.9974	29.9378	1.721997	2.831249
9750	-529.2062	-560.8471	31.64091	2.846015	0.7603127
9756	-529.1549	-560.902	31.74712	2.762344	0.3267014
9762	-533.6022	-564.4875	30.88532	2.685049	1.586306
9768	-533.7526	-565.4939	31.74131	2.551426	0.9887799
9774	-534.3562	-563.3554	28.99924	2.387771	2.995908
9780	-534.2254	-564.9082	30.68279	2.663001	1.746782
9786	-535.4548	-567.0538	31.59902	2.663001	1.019369
9792	-530.1939	-560.7805	30.58658	2.305216	2.055034
9798	-533.7518	-565.1978	31.44599	2.789965	1.04465
9804	-533.4131	-565.729	32.31593	1.605536	1.318184
9810	-529.2739	-560.9847	31.71073	2.359338	1.194707
9816	-528.77	-558.7781	30.00808	1.63608	2.840743
9822	-528.4333	-560.0044	31.57105	1.535121	1.911702
9828	-530.3284	-562.9401	32.61176	1.9751	0.4724876
9834	-525.4471	-557.601	32.1539	1.791746	1.298614
9840	-526.5512	-557.5145	30.96332	1.968514	2.028524
9846	-535.0178	-563.4338	28.41603	1.907105	3.62285
9852	-534.0259	-566.83	32.80409	1.677097	0.7686018
9858	-527.0856	-559.3844	32.29886	1.774323	1.192024
9864	-536.3738	-568.3371	31.96329	1.717346	1.504797
9870	-532.6534	-564.9044	32.25098	2.051139	0.9792368
9876	-535.436	-567.8883	32.45228	1.924857	0.8989578
9882	-528.282	-559.2165	30.9344	1.272284	2.494486
9888	-531.8684	-559.7632	27.89478	1.533285	4.136707
9894	-527.3299	-559.5497	32.21977	2.026702	1.03452
9900	-526.0606	-558.4201	32.35947	1.588814	1.296464
9906	-524.5926	-555.733	31.14043	1.928526	1.936836
9912	-536.06	-567.2817	31.22165	1.956967	1.862417
9918	-537.2444	-567.5492	30.30483	2.166965	2.327228
9924	-527.8969	-559.3655	31.46865	1.903722	1.728119
9930	-542.1991	-572.3983	30.19928	1.969148	2.518385
9936	-534.0241	-564.862	30.83787	1.833912	2.198871
9942	-536.3543	-567.3588	31.00448	1.788484	2.120015
9948	-532.8261	-562.982	30.15587	1.95571	2.55379
9954	-532.7651	-563.9105	31.14534	1.342688	2.316888
9960	-534.3429	-564.5524	30.20949	1.114722	3.033548
9966	-532.1721	-562.9811	30.80899	1.394987	2.496178
9972	-534.3016	-566.0107	31.70906	1.700368	1.701965
9978	-532.8094	-564.4928	31.68334	1.920384	1.561865
9984	-530.1957	-562.5991	32.40347	1.767127	1.105753
9990	-529.9356	-562.0413	32.10569	2.262521	0.908955
9996	-524.8661	-555.8934	31.02726	2.661704	1.498556
10002	-527.3891	-559.0581	31.66904	2.793476	0.794529
10008	-525.7674	-557.5672	31.79974	2.77321	0.5932121
10014	-525.9983	-557.9172	31.91889	2.553948	0.2964781
10020	-533.212	-565.3594	32.14731	2.369659	0.7135517
10026	-537.5441	-569.6699	32.12588	1.707214	1.388272
10032	-528.4164	-558.3402	29.92386	0.9796403	3.28349
10038	-523.7419	-553.6339	29.89196	1.111439	3.224473
10044	-526.4516	-558.5647	32.11313	1.636548	1.452641
10050	-528.8926	-560.7063	31.8137	1.978216	1.420243
10056	-529.5462	-557.1464	27.60017	1.316498	4.42623
10062	-528.1976	-558.9221	30.72453	1.530915	2.463946
10068	-533.0265	-563.6231	30.5966	1.161704	2.771293
10074	-531.5084	-562.0589	30.55055	0.9733825	2.913501
10080	-533.2938	-561.937	28.64327	0.9918254	4.018721
10086	-535.4652	-565.3184	29.85317	1.443619	3.049955
10092	-538.8669	-570.5691	31.70223	2.156576	1.368096
10098	-541.5602	-573.1839	31.62373	2.421183	1.216198
10104	-539.8567	-571.6719	31.81519	2.76141	0.580915
10110	-540.5269	-572.1859	31.65904	1.530479	1.854962
10116	-535.7147	-567.2412	31.52652	2.637581	1.111667
10122	-534.4781	-566.2573	31.77923	1.826087	1.560694
10128	-537.3898	-568.9482	31.55832	2.395832	1.291685
10134	-532.9906	-565.6723	32.6817	1.662661	0.9350052
10140	-531.6611	-562.3391	30.67803	1.662661	2.410322
10146	-531.8361	-564.081	32.24492	1.990326	1.045335
10152	-529.4474	-561.339	31.89153	2.045344	1.305731
10158	-531.2886	-562.5698	31.28121	2.618947	1.335279
10164	-530.4352	-562.6025	32.1673	1.732863	1.335279
10170	-526.9674	-556.1108	29.14332	1.310068	3.547166
10176	-531.198	-559.4891	28.29115	1.008928	4.20941
10182	-534.5627	-563.2868	28.72417	1.425886	3.723029
10188	-531.04	-561.1359	30.09598	1.946472	2.596679
10194	-535.0759	-567.0202	31.94431	1.637236	1.57814
10200	-533.9534	-565.0201	31.06673	1.600145	2.202043
10206	-535.0694	-565.5371	30.46774	1.87454	2.409318
10212	-532.3407	-563.5826	31.24192	1.178875	2.359644
10218	-531.5065	-562.4763	30.96987	1.739567	2.174459
10224	-530.9425	-561.1452	30.20268	1.708563	2.67763
10230	-528.9268	-560.8669	31.94013	1.763399	1.48761
10236	-530.3161	-561.1031	30.78699	1.353924	2.535531
10242	-539.272	-569.2447	29.97263	1.190941	3.129427
10248	-538.1291	-570.576	32.44686	2.092116	0.6741401
10254	-530.221	-561.9401	31.71906	1.941017	1.520154
10260	-529.2145	-561.5969	32.38235	2.158319	0.6708523
10266	-534.0438	-565.4208	31.37704	2.445961	1.396147
10272	-530.5912	-561.6269	31.03567	1.747429	2.126472
10278	-530.4325	-561.1129	30.68045	2.139376	2.102417
10284	-534.4654	-566.2366	31.77121	2.49339	1.016833
10290	-535.4092	-563.5419	28.13274	1.885976	3.79877
10296	-534.3434	-563.7316	29.38817	1.922347	3.041748
10302	-540.9749	-572.7249	31.74997	2.66879	0.2623297
10308	-542.4557	-574.1983	31.74259	2.823256	0.4011213
10314	-534.2257	-566.6597	32.43398	2.151017	0.4597217
10320	-532.6509	-564.445	31.79406	1.799088	1.569635
10326	-540.9936	-569.8668	28.87321	1.717754	3.466945
10332	-539.7257	-571.198	31.47231	1.887726	1.736792
10338	-527.9463	-559.7023	31.75606	1.815159	1.585689
10344	-530.2884	-562.8307	32.5423	1.527838	1.194646
10350	-527.5683	-559.6442	32.07587	2.278958	0.9236739
10356	-528.9831	-558.7498	29.76677	1.833459	2.867373
10362	-527.5573	-556.5546	28.99726	1.228779	3.679104
10368	-525.902	-556.2366	30.33454	0.9884007	3.034308
10374	-532.8872	-562.6877	29.80053	0.8506414	3.431734
10380	-528.289	-560.5202	32.23125	1.706481	1.305039
10386	-532.8839	-564.9989	32.11505	1.71053	1.394136
10392	-542.2057	-573.8581	31.65236	1.619323	1.798393
10398	-532.202	-563.8041	31.60209	2.546608	1.125598
10404	-526.3855	-558.2432	31.85766	1.94678	1.410561
10410	-529.2378	-559.2441	30.00632	1.669672	2.821412
10416	-528.7471	-560.2259	31.4788	1.676615	1.878252
10422	-527.622	-558.1962	30.57423	1.461197	2.601026
10428	-526.7112	-558.123	31.41184	1.386683	2.11638
10434	-536.3404	-568.1119	31.77148	1.197717	2.003686
10440	-532.0921	-563.7657	31.67359	1.386348	1.942916
10446	-528.8781	-560.0922	31.21418	2.087422	1.777628
10452	-530.2538	-562.3273	32.07344	1.776638	1.374963
10458	-533.7668	-564.9607	31.19393	1.437208	2.225124
10464	-537.8921	-569.5745	31.68236	2.173647	1.370301
10470	-533.8705	-565.0665	31.19599	1.626508	2.100667
10476	-531.272	-563.3002	32.02818	1.384933	1.699353
10482	-533.1217	-564.555	31.43327	1.637004	1.935949
10488	-537.7261	-569.3829	31.65687	2.015078	1.511302
10494	-547.7799	-576.6957	28.91578	2.995947	2.677337
10500	-542.4694	-574.1533	31.68395	2.027734	1.481462
10506	-531.3686	-563.2115	31.84293	1.789426	1.540741
10512	-529.1647	-561.0788	31.91409	1.666855	1.57858
10518	-534.0071	-564.3389	30.3318	1.436732	2.76505
10524	-540.4411	-568.4085	27.96744	0.9332289	4.435248
10530	-535.3455	-564.6066	29.26111	1.068151	3.619298
10536	-533.0046	-564.9479	31.94321	2.24905	1.08583
10542	-531.6136	-563.9987	32.38509	2.069807	0.8046911
10548	-526.9518	-558.2636	31.31178	1.382345	2.184394
10554	-530.4014	-560.7098	30.30842	2.070229	2.386342
10560	-532.1199	-560.5478	28.42785	1.661843	3.75787
10566	-524.0966	-554.9186	30.82198	1.206601	2.605262
10572	-522.9472	-552.7962	29.84904	2.029923	2.697462
10578	-529.6708	-561.2114	31.54057	2.44654	1.264621
10584	-528.6161	-558.0473	29.43119	0.9036003	3.616087
10590	-527.8691	-558.755	30.88592	1.345643	2.478918
10596	-522.3106	-554.576	32.26546	1.546795	1.404505
10602	-534.0113	-564.754	30.74267	1.677379	2.360118
10608	-528.6102	-559.5609	30.95069	1.237642	2.505956
10614	-534.961	-564.1852	29.22424	1.312189	3.498779
10620	-531.2612	-562.0739	30.81268	1.347093	2.52378
10626	-536.7513	-567.6317	30.88043	1.27934	2.52378
10632	-535.4206	-565.8263	30.40569	2.949886	1.739922
10638	-531.2773	-561.5216	30.24432	2.298036	2.282176
10644	-526.9433	-559.0868	32.14355	2.44472	0.508951
10650	-532.3822	-557.8615	25.47934	1.526197	5.48943
10656	-527.1107	-558.0936	30.98289	1.661018	2.216884
10662	-527.4681	-559.6932	32.22509	2.351996	0.5791461
10668	-527.5656	-559.7373	32.17169	2.410827	0.5563414
10674	-529.4312	-559.0632	29.63207	1.974007	2.863832
10680	-534.0648	-566.3973	32.33247	1.682788	1.2412
10686	-530.2041	-562.6235	32.41942	1.615106	1.224994
10692	-529.362	-561.761	32.39895	1.948293	0.9319089
10698	-533.617	-565.1867	31.56968	2.000603	1.58637
10704	-542.1022	-574.5256	32.42346	2.159611	0.5535752
10710	-537.3957	-569.1729	31.7772	1.736706	1.627296
10716	-531.8275	-564.2899	32.46239	2.025169	0.7593936
10722	-534.1639	-565.7346	31.57065	2.916903	0.7593936
10728	-526.3591	-558.6298	32.27076	2.214216	0.7631428
10734	-532.8661	-564.4164	31.55035	2.626156	1.100351
10740	-528.7942	-560.9681	32.17387	1.845457	1.237785
10746	-528.49	-560.9037	32.41374	2.092644	0.7307683
10752	-531.9464	-564.0669	32.12057	1.950164	1.194131
10758	-528.1843	-559.9669	31.78259	1.468103	1.812904
10764	-533.3896	-561.5109	28.12132	1.341069	4.117178
10770	-532.6973	-562.2272	29.52993	1.34026	3.303129
10776	-531.2444	-560.7702	29.52575	1.994836	2.91552
10782	-527.6859	-559.1903	31.5044	1.693269	1.849381
10788	-529.9016	-562.1634	32.26187	1.822864	1.182046
10794	-532.9052	-565.2294	32.32424	2.001538	0.9547441
10800	-532.3332	-563.737	31.40375	2.14908	1.599089
10806	-532.3324	-563.8584	31.52592	2.099822	1.545632
10812	-532.7863	-564.4356	31.64933	2.130124	1.429841
10818	-530.3695	-562.2554	31.88587	1.291312	1.863397
10824	-528.8627	-559.7366	30.87385	1.597973	2.327211
10830	-533.1242	-561.08	27.9558	0.994002	4.407546
10836	-528.6172	-556.5711	27.95388	0.9959238	4.407546
10842	-533.178	-565.939	32.76101	1.511578	1.008949
10848	-537.9969	-569.0286	31.0317	2.374323	1.704378
10854	-530.4719	-562.5668	32.09492	2.153947	1.032202
10860	-529.4365	-560.1722	30.73572	1.576213	2.428447
10866	-530.3397	-561.968	31.62832	2.140057	1.43835
10872	-533.1228	-564.7884	31.6656	2.462512	1.143996
10878	-528.9386	-561.08	32.14137	1.98674	1.143996
10884	-531.3062	-563.1233	31.81705	2.48707	0.9771941
10890	-526.7482	-558.4882	31.74	2.775538	0.7159441
10896	-524.9218	-556.899	31.97719	2.432356	0.8614349
10902	-526.363	-555.3738	29.01083	1.324124	3.615992
10908	-532.6149	-561.589	28.97418	1.074346	3.781601
10914	-537.7302	-568.9946	31.2644	1.740903	1.97958
10920	-530.9257	-561.4778	30.55218	2.260985	2.106791
10926	-538.2711	-569.9271	31.65597	2.772803	0.838083
10932	-533.579	-565.8236	32.24462	1.93126	1.100919
10938	-534.6244	-566.6372	32.01278	2.287338	0.9812814
10944	-533.276	-565.6173	32.34134	2.242982	0.5466728
10950	-537.4501	-569.1825	31.73242	2.618555	0.9278707
10956	-531.7905	-564.1214	32.33083	2.237251	0.6077565
10962	-532.7168	-563.8478	31.13095	2.24433	1.726073
10968	-536.8425	-567.9643	31.12178	1.768448	2.056071
10974	-539.1162	-571.0855	31.96934	1.90784	1.35357
10980	-530.1054	-562.4618	32.35638	1.554773	1.326473
10986	-531.0734	-563.0608	31.98739	1.937051	1.315782
10992	-530.7986	-562.9011	32.10252	2.377956	0.7696282
10998	-528.4382	-560.6852	32.24706	2.324329	0.5980784
11004	-531.5201	-563.7532	32.23315	2.324329	0.3857018
11010	-536.5534	-568.8065	32.25308	2.015561	1.012856
11016	-535.0339	-567.2884	32.25449	2.015561	1.011457
11022	-535.5375	-566.8875	31.35005	2.021545	1.728668
11028	-531.7527	-563.9805	32.22782	2.162397	0.8840644
11034	-528.3923	-559.6634	31.27114	1.330438	2.244168
11040	-538.187	-568.594	30.40705	2.69098	1.917205
11046	-533.9408	-564.8655	30.92471	2.134603	1.943337
11052	-532.4198	-564.3019	31.88213	1.994194	1.354251
11058	-540.5275	-572.3575	31.82996	2.755028	0.4596625
11064	-536.1775	-566.5616	30.38416	1.401601	2.754532
11070	-536.4351	-568.4467	32.01162	2.067087	1.187259
11076	-536.0541	-567.0546	31.00056	1.626149	2.227982
11082	-539.2566	-570.6575	31.40098	1.905929	1.773933
11088	-531.2207	-562.0042	30.78355	1.570964	2.401598
11094	-535.2624	-566.2568	30.99435	1.754808	2.148619
11100	-531.1369	-561.5992	30.46228	1.435762	2.685745
11106	-531.5788	-562.8355	31.25666	1.479687	2.156966
11112	-540.7048	-570.2273	29.52254	1.846215	3.006859
11118	-535.859	-566.3684	30.50939	1.064607	2.883249
11124	-542.3186	-570.6129	28.29431	1.361602	4.006833
11130	-536.295	-565.0053	28.71036	0.9455483	4.006833
11136	-530.317	-561.4939	31.17692	1.36397	2.283115
11142	-527.7476	-560.0447	32.29716	1.910437	1.071538
11148	-526.3659	-558.4351	32.06914	1.958556	1.230751
11154	-530.4216	-562.187	31.76544	1.739603	1.633683
11160	-532.2563	-564.2078	31.95155	1.77798	1.467963
11166	-525.4213	-556.5214	31.10002	1.77798	2.064144
11172	-531.3662	-559.3339	27.96769	1.759678	3.965982
11178	-530.9849	-563.3453	32.36036	2.076108	0.8284668
11184	-529.9358	-561.7709	31.83505	2.076108	1.326469
11190	-527.454	-559.4113	31.9573	2.404153	0.9164259
11196	-525.2051	-556.7347	31.52967	2.347767	1.353369
11202	-530.7187	-562.5398	31.82104	1.254519	1.932389
11208	-533.2176	-562.6326	29.41499	1.409835	3.329838
11214	-527.3761	-557.0376	29.66146	1.946148	2.862902
11220	-525.9934	-558.1888	32.19532	1.622915	1.399852
11226	-524.976	-556.6751	31.69912	1.894737	1.569113
11232	-531.8604	-564.0302	32.16985	1.427834	1.566309
11238	-532.4886	-562.1729	29.68434	1.43443	3.156067
11244	-535.1723	-566.1195	30.94715	1.773716	2.167038
11250	-537.367	-569.7658	32.3988	1.694037	1.175009
11256	-539.3485	-570.5695	31.22094	1.722122	2.021072
11262	-534.749	-566.3509	31.60191	1.825617	1.689135
11268	-535.9698	-568.2769	32.30708	2.132496	0.824526
11274	-532.143	-564.0579	31.91491	1.744388	1.520736
11280	-534.2159	-565.4557	31.23982	1.91239	1.880433
11286	-533.212	-561.8529	28.64087	0.5934495	4.2467
11292	-537.8792	-562.1582	24.27905	0.6906034	6.599456
11298	-534.5137	-560.7337	26.22004	0.8454458	5.456443
11304	-534.6049	-566.6321	32.02713	1.725342	1.45051
11310	-533.942	-563.6346	29.69261	1.498067	3.113287
11316	-539.0605	-568.115	29.05454	1.772599	3.328478
11322	-537.9067	-568.5354	30.62867	1.11059	2.782904
11328	-537.1961	-567.4625	30.26634	1.472928	2.782904
11334	-532.3544	-560.787	28.43255	1.318615	3.952365
11340	-539.2789	-570.61	31.33116	1.257922	2.252198
11346	-546.15	-574.0438	27.89374	1.363748	4.233569
11352	-548.8513	-578.2667	29.41533	1.185894	3.460948
11358	-532.4911	-563.07	30.57889	1.265477	2.718675
11364	-534.5314	-564.9058	30.37447	1.535816	2.678219
11370	-525.7628	-557.0202	31.25733	1.584963	2.087666
11376	-529.6017	-561.0908	31.48907	1.353219	2.087666
11382	-534.3925	-565.6001	31.20767	1.438904	2.215166
11388	-535.8954	-568.5823	32.68688	1.844624	0.6882004
11394	-523.5157	-555.6818	32.16604	1.779349	1.298823
11400	-523.5749	-554.8097	31.23478	1.667817	2.047897
11406	-528.1011	-558.666	30.56491	1.366534	2.665205
11412	-526.7953	-557.0193	30.22406	1.0371	3.071252
11418	-530.6715	-556.3946	25.72316	0.6025975	5.862169
11424	-526.9738	-559.0065	32.03271	1.125147	1.876588
11430	-526.9755	-559.4469	32.47141	1.860842	0.9479232
11436	-526.6019	-558.8475	32.24554	1.582803	1.391983
11442	-532.6946	-564.8811	32.18648	1.690483	1.353746
11448	-529.8893	-561.7168	31.82752	1.743784	1.585625
11454	-525.3054	-557.2618	31.95639	1.587026	1.60593
11460	-530.7597	-558.8886	28.1289	1.489227	4.028411
11466	-526.7941	-557.5441	30.75	0.9637682	2.798437
11472	-528.457	-559.7696	31.31259	1.398226	2.173566
11478	-532.2591	-561.9099	29.65082	1.857337	2.923017
11484	-529.2838	-560.2295	30.94564	2.140478	1.925258
11490	-526.4218	-558.737	32.31522	1.810448	1.146166
11496	-535.7879	-567.0225	31.23455	1.717676	2.014981
11502	-532.3781	-564.3555	31.97738	2.281204	1.02274
11508	-541.4811	-572.5274	31.04629	3.469504	0.7155175
11514	-530.8005	-562.3328	31.53229	1.664038	1.850295
11520	-530.3525	-562.624	32.27156	1.750266	1.235688
11526	-532.5169	-563.0483	30.53142	2.13316	2.203527
11532	-530.754	-561.948	31.194	1.47058	2.203527
11538	-532.0573	-560.0928	28.03555	0.857346	4.439623
11544	-535.3716	-563.0766	27.70509	1.211203	4.426442
11550	-536.3788	-564.8081	28.42931	0.4869778	4.426442
11556	-531.8795	-561.152	29.27253	1.305491	3.474504
11562	-526.5063	-557.9975	31.49124	1.245536	2.156688
11568	-526.257	-558.9089	32.65189	1.614602	1.014973
11574	-528.024	-560.1542	32.13025	2.448603	0.5724402
11580	-525.0724	-557.5317	32.45933	2.10715	0.612192
11586	-523.2657	-554.2775	31.01177	1.928637	2.022836
11592	-527.0359	-557.6124	30.57649	1.999317	2.260727
11598	-531.0564	-559.9011	28.84469	1.139225	3.818798
11604	-532.1887	-559.9256	27.73692	1.392933	4.305846
11610	-533.5748	-564.4349	30.86015	1.746395	2.240972
11616	-527.0548	-558.9908	31.93604	2.360458	0.984959
11622	-523.9888	-555.9156	31.92681	2.041921	1.279757
11628	-522.8347	-553.4571	30.62238	1.452899	2.57633
11634	-526.4601	-556.3634	29.90327	0.9166422	3.332725
11640	-534.3473	-564.777	30.42979	1.451859	2.695814
11646	-537.8802	-567.6076	29.72744	1.290031	3.216146
11652	-525.5942	-557.4926	31.8984	1.858087	1.447444
11658	-528.9593	-560.517	31.55772	1.236614	2.11912
11664	-528.0051	-560.4503	32.44518	1.947706	0.8809935
11670	-537.4093	-567.9889	30.57959	1.304161	2.694522
11676	-527.8103	-558.7337	30.92342	1.203141	2.544469
11682	-531.9534	-560.5119	28.5585	0.7606773	4.198573
11688	-540.4976	-568.5603	28.06266	1.133775	4.268164
11694	-536.9681	-564.4126	27.44454	1.751892	4.268164
11700	-528.7747	-560.5858	31.81111	2.06451	1.354808
11706	-529.6545	-559.4946	29.84013	2.099377	2.660243
11712	-533.7692	-564.5202	30.75103	1.40926	2.523461
11718	-528.747	-560.3423	31.59537	1.299483	2.053019
11724	-531.8457	-562.34	30.49433	1.547274	2.597201
11730	-526.6573	-557.1835	30.52624	1.433365	2.647859
11736	-526.0411	-558.244	32.20291	1.875496	1.187516
11742	-529.9189	-559.9876	30.06872	1.522198	2.873006
11748	-529.9542	-560.7499	30.79569	1.434232	2.479946
11754	-534.4679	-564.1271	29.6592	1.816704	2.942461
11760	-536.9356	-569.3823	32.44666	2.141608	0.5091091
11766	-538.9707	-571.2124	32.24171	2.341242	0.4494782
11772	-536.434	-568.3815	31.94749	1.498684	1.675863
11778	-538.8215	-570.0769	31.25539	1.626596	2.061514
11784	-542.4558	-573.8906	31.43487	1.805467	1.820054
11790	-536.3156	-568.7723	32.45671	1.874299	0.9492278
11796	-532.5468	-564.9749	32.4281	1.874517	0.978731
11802	-541.6474	-572.3928	30.74541	1.438595	2.508658
11808	-540.4371	-571.7605	31.32343	1.445575	2.135674
11814	-546.5966	-576.1419	29.54526	1.496743	3.201612
11820	-536.0256	-565.2644	29.2388	1.570361	3.339052
11826	-539.4716	-570.2012	30.72962	1.093725	2.731548
11832	-533.8132	-564.666	30.85272	1.265724	2.549516
11838	-535.2727	-567.343	32.0703	2.307305	0.89843
11844	-536.0935	-568.2003	32.10677	1.860033	1.281341
11850	-532.8772	-564.8472	31.96993	1.827879	1.415692
11856	-535.6184	-567.6222	32.00385	2.299519	0.9779628
11862	-531.0325	-562.8518	31.81932	2.647527	0.2921886
11868	-528.434	-559.7565	31.32251	2.94626	0.1988831
11874	-532.755	-563.8046	31.04959	2.94626	1.257381
11880	-530.1993	-561.6919	31.4926	1.540611	1.960878
11886	-537.4121	-569.1202	31.7081	1.325109	1.960878
11892	-529.1393	-560.0562	30.91699	1.52844	2.344006
11898	-529.6676	-561.8924	32.22481	2.149337	0.9023222
11904	-530.5461	-561.8342	31.2881	2.321822	1.557303
11910	-530.4657	-562.7822	32.31654	1.694333	1.244866
11916	-534.3249	-565.3587	31.03377	1.677441	2.17331
11922	-532.689	-565.0261	32.33714	1.684454	1.235884
11928	-533.7496	-565.8518	32.10218	1.800897	1.332946
11934	-536.9893	-569.2582	32.26892	2.319448	0.5055493
11940	-534.7366	-566.3879	31.65129	2.279208	1.310897
11946	-533.2764	-563.9965	30.72005	1.900388	2.232023
11952	-528.6381	-560.6969	32.0588	1.761893	1.397946
11958	-525.2765	-556.8749	31.59839	1.540171	1.889723
11964	-527.7305	-559.9719	32.24141	1.926698	1.10802
11970	-529.1552	-559.2183	30.06309	1.907917	2.64083
11976	-533.0235	-563.3971	30.37357	1.597444	2.64083
11982	-533.676	-562.8518	29.17579	1.25678	3.559282
11988	-530.0668	-558.5774	28.5106	1.728276	3.671676
11994	-528.2295	-560.0631	31.83366	1.831188	1.516599
12000	-530.3917	-561.8455	31.45382	1.973956	1.688958
12006	-538.4467	-569.3364	30.88974	1.372555	2.459648
12012	-532.7371	-562.2631	29.52602	1.298265	3.330153
12018	-533.964	-566.0804	32.11642	1.416053	1.613872
12024	-534.5327	-565.723	31.1903	1.561235	2.147076
12030	-536.3247	-565.7871	29.46237	1.344797	3.340224
12036	-531.2341	-560.7737	29.5396	1.267563	3.340224
12042	-533.6178	-565.9311	32.31322	1.9288	1.038818
12048	-526.1041	-557.9305	31.82644	2.044495	1.358521
12054	-526.6264	-557.6621	31.03572	1.894668	2.029488
12060	-531.0907	-561.7031	30.61242	2.188776	2.11463
12066	-526.3828	-558.3869	32.00407	2.566573	0.6003367
12072	-529.3574	-560.4813	31.12395	2.41425	1.609717
12078	-529.6206	-559.0952	29.4746	1.886586	3.011396
12084	-530.2963	-562.7096	32.41326	2.063621	0.7747174
12090	-527.0864	-559.4797	32.39327	2.137632	0.6892928
12096	-527.6035	-559.268	31.66441	1.945294	1.557465
12102	-532.9924	-564.1054	31.11306	3.029727	1.130907
12108	-532.5216	-564.5344	32.01285	2.056295	1.195494
12114	-533.5348	-565.8199	32.28511	1.986841	1.00958
12120	-534.1004	-565.8831	31.7827	2.030632	1.403668
12126	-540.3119	-570.4132	30.10131	2.207919	2.430147
12132	-525.1539	-556.9769	31.823	2.725225	0.3712923
12138	-527.5674	-559.3684	31.80103	2.699927	0.3189533
12144	-538.9863	-570.4023	31.41608	3.061721	0.7734274
12150	-527.0778	-558.67	31.59228	2.815857	0.2565981
12156	-527.159	-558.7101	31.55104	2.855972	0.2560071
12162	-530.2734	-561.6767	31.40333	2.815249	0.1833677
12168	-530.6786	-561.7597	31.08104	3.142938	0.1849412
12174	-531.8706	-562.8581	30.98747	2.967991	0.1255564
12180	-531.0006	-561.3533	30.35268	3.342646	0.09018608
12186	-527.4361	-557.7099	30.27384	3.616745	0.1152747
12192	-530.5057	-561.8767	31.37102	2.857569	0.1863038
12198	-527.9467	-559.8573	31.9106	2.630653	0.6696957
12204	-533.789	-565.8386	32.04954	2.462298	0.3289623
12210	-527.9908	-560.1877	32.19686	2.358571	0.3822996
12216	-531.4022	-563.6827	32.28055	2.303346	0.4539
12222	-529.6056	-560.8966	31.29095	2.448256	1.460616
12228	-531.2613	-563.3727	32.1114	2.464019	0.5850339
12234	-534.8191	-566.5833	31.76423	2.454228	1.061313
12240	-527.0245	-559.5789	32.55433	1.970185	0.7006734
12246	-530.1581	-562.4166	32.25844	2.327564	0.4659782
12252	-533.0634	-564.3821	31.31876	2.850699	1.10679
12258	-530.1998	-562.3964	32.19656	1.697346	1.340269
12264	-523.9379	-556.0698	32.13193	2.456039	0.5153978
12270	-524.6721	-556.7448	32.07269	2.472747	0.3673567
12276	-524.5194	-556.4247	31.90527	2.57543	0.302346
12282	-527.5979	-559.2325	31.63456	2.846144	0.302346
12288	-526.6925	-558.6259	31.93335	2.622455	0.3829213
12294	-522.6884	-554.6584	31.96995	2.593907	0.6191736
12300	-532.8945	-563.9787	31.08417	1.867126	2.015599
12306	-536.9006	-566.9171	30.01646	1.937964	2.651056
12312	-528.9762	-560.8335	31.85732	1.693225	1.600753
12318	-530.4524	-562.2741	31.82167	1.842003	1.517474
12324	-529.8517	-560.6415	30.78983	1.44674	2.475779
12330	-535.588	-566.8382	31.2502	1.276989	2.291881
12336	-539.3665	-568.1779	28.81142	0.8118	4.025505
12342	-533.2238	-564.2018	30.97799	1.573346	2.276421
12348	-533.3655	-564.7654	31.39989	1.139595	2.284013
12354	-532.822	-562.5338	29.71185	1.109304	3.331996
12360	-530.3948	-558.5473	28.15252	1.314174	4.114726
12366	-530.7042	-561.7607	31.05651	1.866898	2.034115
12372	-527.4708	-559.1718	31.70099	1.995189	1.49314
12378	-528.9326	-561.4813	32.54863	1.987034	0.6804706
12384	-535.2368	-566.0635	30.82661	1.04259	2.703453
12390	-533.0919	-564.4068	31.31495	1.355333	2.19984
12396	-537.3125	-566.227	28.9145	1.060257	3.824069
12402	-538.7423	-568.2043	29.46201	0.7940414	3.661732
12408	-535.9912	-565.2891	29.29791	0.9581417	3.661732
12414	-528.8587	-560.2253	31.36652	2.705479	1.193038
12420	-534.6575	-564.9509	30.2934	0.9971119	3.053708
12426	-537.951	-569.1125	31.16155	1.470864	2.224303
12432	-532.4412	-560.9729	28.53176	1.391109	3.853895
12438	-532.3971	-562.1205	29.72347	1.789194	2.9203
12444	-531.4803	-562.2884	30.80805	2.004937	2.106906
12450	-533.017	-564.1363	31.11929	1.356935	2.32441
12456	-532.2127	-563.174	30.96123	1.514991	2.32441
12462	-536.6384	-568.6147	31.97636	2.14777	1.147527
12468	-531.027	-562.8964	31.86947	1.98205	1.373829
12474	-538.3886	-570.2378	31.84921	1.39166	1.819687
12480	-536.8529	-569.1603	32.30743	2.000523	0.9732558
12486	-536.9494	-568.0433	31.09382	1.522339	2.234779
12492	-536.7939	-569.3537	32.5598	1.961179	0.706775
12498	-532.3516	-564.4958	32.14424	2.176271	0.9602498
12504	-529.3034	-561.1583	31.85492	1.558875	1.698875
12510	-530.1175	-561.896	31.77849	1.513703	1.78417
12516	-530.7913	-558.7173	27.92601	2.009837	3.846437
12522	-526.0538	-556.7158	30.66192	1.120607	2.756508
12528	-528.509	-558.4848	29.97586	1.806669	2.756508
12534	-525.2954	-554.8219	29.52654	1.044215	3.478745
12540	-527.8342	-557.7804	29.94615	1.51419	2.951832
12546	-525.8527	-557.9582	32.10553	1.752109	1.369017
12552	-530.2558	-562.6463	32.39043	1.500882	1.342337
12558	-528.6322	-560.6121	31.97995	1.500882	1.651093
12564	-527.9916	-559.8608	31.86921	2.506768	0.9002662
12570	-526.9413	-558.8872	31.94594	1.701781	1.529351
12576	-528.3903	-558.252	29.86173	1.188024	3.197024
12582	-535.7381	-564.6201	28.88198	2.167767	3.197024
12588	-535.6206	-566.5838	30.96316	2.0417	1.979872
12594	-525.7156	-555.982	30.2664	1.620593	2.692533
12600	-531.8982	-563.9283	32.03016	2.118846	1.125315
12606	-530.1111	-560.5531	30.44195	1.638348	2.573219
12612	-531.2547	-562.2936	31.03893	1.75938	2.116522
12618	-537.867	-567.7769	29.90988	2.449136	2.398754
12624	-533.3752	-564.172	30.79682	1.845431	2.217957
12630	-537.8417	-569.1029	31.26119	1.477764	2.155266
12636	-531.9741	-560.3443	28.37021	1.114794	4.104302
12642	-530.7698	-562.3819	31.61206	1.47016	1.927889
12648	-531.2704	-562.961	31.69068	1.546945	1.821921
12654	-530.3911	-561.5038	31.11266	1.842372	2.013116
12660	-536.8118	-564.4918	27.68001	1.377288	4.346867
12666	-536.5456	-567.5823	31.03667	1.308015	2.407801
12672	-543.2024	-571.6957	28.49327	1.62845	3.739387
12678	-543.8833	-574.8818	30.99853	2.275891	1.796498
12684	-540.4514	-571.1004	30.64908	1.589285	2.474656
12690	-543.9207	-575.4325	31.51188	2.531839	1.21721
12696	-543.9755	-575.7397	31.7642	2.093157	1.369239
12702	-547.4624	-578.0793	30.61694	1.186627	2.743648
12708	-541.3981	-572.6541	31.25598	1.569922	2.098433
12714	-536.4925	-566.2478	29.75523	1.67869	2.967727
12720	-533.139	-565.0586	31.91961	2.204869	1.147223
12726	-540.0407	-571.4065	31.36576	2.377888	1.457231
12732	-534.5241	-565.8655	31.34135	1.273231	2.235797
12738	-533.083	-562.4169	29.33385	0.8990215	3.675151
12744	-530.5414	-562.3422	31.80088	1.699303	1.637184
12750	-532.9896	-561.8374	28.84778	0.9469273	3.927424
12756	-530.254	-561.9246	31.6706	1.532841	1.845418
12762	-534.4923	-565.2687	30.77642	1.657942	2.351032
12768	-539.5215	-570.2797	30.75819	1.361218	2.548917
12774	-539.2096	-571.0289	31.81931	1.426231	1.816461
12780	-529.7781	-560.9362	31.15813	1.761094	2.036887
12786	-534.8661	-566.0695	31.20339	1.715831	2.036887
12792	-532.7775	-563.6741	30.89664	2.314651	1.840035
12798	-531.8953	-563.282	31.38678	1.907238	1.782899
12804	-525.3459	-557.3799	32.03407	2.529116	0.3959116
12810	-529.6339	-561.0357	31.40177	2.402966	1.410329
12816	-532.7922	-564.7602	31.96802	2.038558	1.248452
12822	-531.2869	-561.7145	30.42766	1.471376	2.685134
12828	-527.6289	-559.1898	31.56094	1.614029	1.86491
12834	-530.2898	-561.4283	31.13845	1.951187	1.922885
12840	-534.6427	-566.295	31.65231	1.846646	1.638071
12846	-534.9625	-566.8254	31.86294	2.404087	1.014445
12852	-541.6322	-573.2695	31.63725	2.896311	0.6844043
12858	-537.0577	-568.0136	30.95591	2.940114	1.338578
12864	-537.4428	-569.2148	31.77205	2.51594	0.9935655
12870	-536.5028	-567.606	31.10315	2.575992	1.505917
12876	-530.8551	-560.8658	30.01067	2.33634	2.406336
12882	-529.9312	-560.8992	30.96801	2.332567	1.778338
12888	-527.0215	-558.7002	31.67866	2.157318	1.386015
12894	-526.7967	-558.9182	32.12153	1.744518	1.362382
12900	-527.4993	-559.5304	32.03116	1.913347	1.29954
12906	-528.8135	-559.8562	31.04265	1.384514	2.355606
12912	-537.348	-564.7829	27.43493	3.092021	3.504306
12918	-534.9476	-565.1055	30.15785	3.611452	1.437635
12924	-545.4237	-577.1353	31.71159	1.521103	1.825315
12930	-535.584	-565.8867	30.30269	4.269569	0.5953946
12936	-531.5481	-562.8357	31.28764	3.259693	0.6573656
12942	-538.6209	-569.3421	30.72115	1.54398	2.457873
12948	-543.1947	-572.6322	29.43752	1.657492	3.170178
12954	-531.8575	-563.2805	31.423	2.647688	1.194168
12960	-539.2348	-568.9708	29.73604	1.872651	2.862243
12966	-536.0673	-567.5268	31.45949	2.209205	1.513725
12972	-530.7182	-559.89	29.17185	1.670207	3.319694
12978	-531.8936	-563.105	31.21132	1.718993	2.029537
12984	-543.7681	-573.1014	29.33329	1.577551	3.279159
12990	-533.2715	-564.0303	30.75883	1.382208	2.535458
12996	-532.332	-562.449	30.11701	1.783262	2.684377
13002	-525.7228	-557.9358	32.21305	2.078865	0.9896095
13008	-526.5622	-558.4752	31.91298	1.96049	1.356514
13014	-525.3088	-556.2903	30.98145	2.06785	1.950073
13020	-529.0961	-560.1071	31.01098	2.018032	1.963697
13026	-534.5873	-566.3048	31.7175	2.472954	1.087499
13032	-528.6894	-558.0937	29.40428	1.86635	3.065591
13038	-532.1923	-563.9395	31.74724	1.830682	1.580786
13044	-527.8288	-559.0585	31.22967	1.479281	2.174772
13050	-527.3548	-559.215	31.86019	1.406085	1.802137
13056	-528.8173	-560.4388	31.62152	1.623843	1.816587
13062	-544.3606	-576.3238	31.96327	1.777338	1.45955
13068	-536.3308	-568.7394	32.40853	2.094943	0.7353401
13074	-533.7246	-566.1841	32.45956	1.885919	0.9338085
13080	-532.9688	-564.9813	32.01245	1.696505	1.483515
13086	-532.1679	-561.6463	29.47845	1.720929	3.108106
13092	-531.6533	-559.9364	28.28316	2.682383	3.246863
13098	-534.326	-563.476	29.15004	2.739861	2.690745
13104	-526.6052	-558.3861	31.78082	2.152204	1.308854
13110	-538.619	-570.6004	31.9814	2.24676	1.052101
13116	-534.8955	-564.451	29.55548	1.87367	2.970594
13122	-531.4175	-561.8372	30.4198	1.736879	2.525711
13128	-531.5071	-559.9454	28.43823	1.235972	3.996382
13134	-533.2373	-561.7889	28.5516	1.207634	3.947745
13140	-532.8848	-561.4818	28.59698	1.162254	3.947745
13146	-539.2065	-569.2263	30.01978	1.12882	3.138331
13152	-541.8802	-567.3583	25.47817	0.8809376	5.843936
13158	-538.7889	-564.9025	26.1136	0.2455088	5.843936
13164	-538.6566	-568.2729	29.61631	1.258377	3.300476
13170	-544.4517	-575.9095	31.4578	1.2296	2.188757
13176	-538.5053	-569.4473	30.942	1.251529	2.502709
13182	-541.212	-569.4362	28.22412	0.5786306	4.490383
13188	-537.8831	-567.6308	29.74763	0.9379704	3.411574
13194	-537.3609	-566.0026	28.6417	1.145494	3.93173
13200	-527.4162	-557.1768	29.76051	1.579283	3.024215
13206	-528.5899	-560.6346	32.0447	2.044917	1.177808
13212	-528.1949	-559.1954	31.00054	1.97445	1.999822
13218	-528.4872	-558.7573	30.27005	1.493258	2.768237
13224	-528.3396	-558.7311	30.39142	1.371893	2.768237
13230	-528.2985	-558.3674	30.06893	1.435328	2.925369
13236	-533.1677	-563.0404	29.87275	1.730501	2.865544
13242	-530.4312	-560.2181	29.78691	1.552839	3.024245
13248	-524.7537	-555.5579	30.80416	1.744781	2.277959
13254	-531.7819	-561.6498	29.86783	1.47678	3.02133
13260	-526.9257	-558.8789	31.95324	1.904954	1.368573
13266	-533.3708	-562.7707	29.39998	1.250868	3.431926
13272	-524.9932	-554.1411	29.14787	1.184901	3.617263
13278	-524.3255	-553.1846	28.85911	1.473654	3.617263
13284	-531.3213	-560.5704	29.24909	1.341181	3.467345
13290	-538.6575	-570.8216	32.16416	1.92356	1.179454
13296	-532.7681	-563.9648	31.19668	1.759436	2.012394
13302	-530.0492	-560.7021	30.65286	1.037864	2.812458
13308	-525.8014	-556.434	30.63268	1.058037	2.812458
13314	-529.3241	-561.4077	32.0836	1.723313	1.408647
13320	-535.5649	-567.4531	31.8882	2.640183	0.693839
13326	-534.5165	-565.6669	31.15034	2.991642	1.131625
13332	-532.1135	-563.5183	31.40484	1.779007	1.858841
13338	-529.2355	-561.7122	32.47677	2.067976	0.6626968
13344	-529.2583	-561.9908	32.73248	1.74282	0.7769513
13350	-531.1992	-561.474	30.27487	1.39121	2.827431
13356	-543.2129	-574.2866	31.07367	1.935846	1.976757
13362	-536.7364	-566.6134	29.87696	1.67398	2.89719
13368	-538.364	-569.4326	31.06855	1.384138	2.33939
13374	-542.8258	-573.5063	30.68054	1.937803	2.233375
13380	-528.8141	-559.4498	30.63565	1.398879	2.601582
13386	-535.6145	-564.3547	28.74023	1.725089	3.540221
13392	-546.5219	-576.4662	29.94432	1.272242	3.097862
13398	-542.432	-572.7477	30.31576	0.9008015	3.097862
13404	-527.4802	-558.5248	31.04463	1.610582	2.209587
13410	-530.0297	-561.2663	31.23667	1.68996	2.031977
13416	-528.576	-560.0151	31.43904	1.606141	1.95284
13422	-536.3692	-568.403	32.03381	1.437738	1.657744
13428	-534.7951	-566.5722	31.77711	1.694433	1.657744
13434	-533.3507	-564.4738	31.1231	3.462851	0.5360043
13440	-525.436	-557.4384	32.00245	2.424291	0.840594
13446	-527.7518	-559.6613	31.90943	2.137257	1.21469
13452	-531.001	-563.3673	32.36624	1.760108	1.145561
13458	-531.7347	-563.9328	32.19811	2.387714	0.536967
13464	-536.9683	-568.6857	31.71743	1.871675	1.572597
13470	-539.7216	-569.7769	30.0553	1.28875	3.021666
13476	-527.7984	-560.1345	32.33606	2.175234	0.7229002
13482	-528.5142	-560.4721	31.95792	2.148998	1.162702
13488	-527.8753	-559.7479	31.87257	2.150624	1.234543
13494	-534.347	-564.5676	30.22057	1.903814	2.545821
13500	-530.8951	-560.8678	29.9727	1.557375	2.90979
13506	-530.5438	-562.0019	31.45812	1.826692	1.789291
13512	-544.0467	-573.6515	29.60483	3.77138	1.725418
13518	-532.3389	-560.1985	27.85953	1.225561	4.331158
13524	-526.6201	-559.0582	32.4381	2.019992	0.8004571
13530	-537.3063	-569.3459	32.03962	1.868031	1.329284
13536	-532.2068	-563.4305	31.22368	1.589398	2.106842
13542	-540.1564	-572.4957	32.33936	2.0508	0.8841396
13548	-534.072	-565.1885	31.11649	1.716168	2.093998
13554	-529.3994	-558.9495	29.55017	1.297416	3.316444
13560	-528.7934	-558.2046	29.41126	1.436326	3.316444
13566	-531.0913	-560.0809	28.98959	1.875109	3.306364
13572	-533.3752	-565.1851	31.80992	1.508062	1.76622
13578	-534.5363	-565.8826	31.34628	1.645733	1.988463
13584	-530.6267	-562.2564	31.62975	1.909182	1.609185
13590	-532.1925	-560.5983	28.40578	1.549341	3.835359
13596	-530.3668	-561.4617	31.09488	1.586643	2.192565
13602	-536.9218	-564.1028	27.18103	1.110165	4.77711
13608	-536.2009	-563.7203	27.51943	1.144231	4.568555
13614	-537.1968	-566.732	29.53521	2.136465	2.824036
13620	-531.2509	-558.9464	27.6955	0.8770341	4.619686
13626	-528.0283	-557.4886	29.46036	1.129938	3.467329
13632	-534.5696	-566.7345	32.16495	1.963708	1.14351
13638	-528.5283	-560.4813	31.95299	2.175668	1.14351
13644	-530.9956	-562.5567	31.56109	2.786401	0.2281362
13650	-539.6844	-572.0754	32.39097	1.926411	0.9635101
13656	-535.0518	-567.0094	31.95755	1.691745	1.528182
13662	-531.8559	-563.4472	31.59128	2.858788	0.2809327
13668	-531.8714	-563.861	31.98958	2.567275	0.3846475
13674	-533.1174	-565.1173	31.99998	2.567275	0.6100728
13680	-531.7134	-563.7334	32.01999	2.567275	0.4762129
13686	-538.6912	-570.6936	32.00241	2.567275	0.4093444
13692	-532.2998	-564.5431	32.24332	2.270239	0.3306313
13698	-534.0326	-566.2805	32.24794	2.270239	0.7115224
13704	-527.4722	-559.7731	32.30097	1.924444	1.054721
13710	-527.1281	-557.1318	30.00372	1.492626	2.930139
13716	-531.7548	-561.3046	29.54977	1.402139	3.254919
13722	-534.6137	-565.8078	31.19412	1.862833	1.944926
13728	-539.0582	-570.1752	31.11705	1.87354	1.989413
13734	-535.085	-564.3564	29.27146	1.719772	3.231671
13740	-533.8318	-563.9684	30.13662	1.10571	3.082494
13746	-531.8199	-563.427	31.60713	1.326586	2.027275
13752	-535.7653	-564.823	29.05771	1.324204	3.588733
13758	-535.1841	-564.3077	29.12358	1.392578	3.510601
13764	-532.8516	-562.1672	29.3156	1.200564	3.510601
13770	-529.4795	-560.9781	31.4986	1.649251	1.883404
13776	-532.0526	-562.1939	30.14127	1.890304	2.603411
13782	-535.8672	-566.2841	30.41692	1.966494	2.383333
13788	-533.556	-564.6549	31.09889	2.55024	1.528304
13794	-533.6606	-564.5859	30.92538	3.196985	1.149089
13800	-526.2076	-557.3828	31.1752	2.079057	1.810446
13806	-530.1484	-561.9673	31.81891	2.079057	1.337028
13812	-538.2567	-569.8998	31.64308	2.79549	0.8258008
13818	-534.22	-566.0833	31.86334	2.263417	1.145201
13824	-534.0357	-566.5269	32.49124	2.027361	0.7108229
13830	-531.4771	-562.6989	31.22181	2.30349	1.619064
13836	-530.5294	-561.9517	31.4223	2.102992	1.619064
13842	-527.4571	-559.8924	32.43527	2.142537	0.5764522
13848	-532.039	-561.9769	29.93796	1.223267	3.130825
13854	-534.8282	-566.2745	31.44626	2.750293	1.081841
13860	-528.0852	-559.6992	31.61394	1.827561	1.679197
13866	-527.9911	-559.9092	31.91808	1.898795	1.40091
13872	-529.5522	-561.2302	31.67805	2.02628	1.487007
13878	-535.2415	-565.0138	29.77231	1.407298	3.11988
13884	-542.3595	-574.7851	32.4255	1.941852	0.9098984
13890	-536.2809	-565.7092	29.4283	1.673551	3.166115
13896	-534.207	-562.5797	28.37278	0.9489011	4.197152
13902	-537.0169	-567.5612	30.54425	2.360974	2.046161
13908	-534.1404	-565.4431	31.30262	2.038384	1.750134
13914	-531.4763	-563.6567	32.18035	2.068939	1.031797
13920	-537.9494	-570.2006	32.25123	1.996792	1.033016
13926	-532.6968	-562.2827	29.58594	1.259768	3.317545
13932	-537.5821	-569.3809	31.79878	2.259379	1.204914
13938	-531.2322	-563.0632	31.83096	2.11922	1.294923
13944	-534.0271	-565.3027	31.27559	3.052521	0.952292
13950	-533.3665	-564.384	31.01754	1.830626	2.083803
13956	-534.2615	-564.4937	30.23222	1.948681	2.510601
13962	-528.8384	-560.9793	32.14089	1.641524	1.427568
13968	-529.9174	-561.0621	31.14472	2.333807	1.652744
13974	-537.6015	-569.2949	31.6934	2.270159	1.284001
13980	-531.2092	-563.2278	32.01856	1.791437	1.406257
13986	-532.571	-560.2444	27.67341	1.37292	4.353063
13992	-529.4546	-561.7164	32.26173	1.709836	1.277433
13998	-533.0644	-564.5668	31.50236	1.557538	1.942942
14004	-530.8766	-560.3943	29.51769	1.636497	3.135013
14010	-530.2135	-560.5394	30.32589	2.101953	2.355173
14016	-535.4375	-567.3302	31.89269	2.409876	0.9787776
14022	-533.2655	-565.4176	32.15206	1.986481	1.1347
14028	-529.1533	-559.9581	30.80481	1.829849	2.222856
14034	-540.9659	-571.2521	30.28627	3.279297	1.589812
14040	-535.1782	-565.6354	30.45726	2.303732	2.140908
14046	-529.9756	-561.8497	31.87411	2.303732	1.099128
14052	-528.7562	-560.6154	31.85923	1.939858	1.414701
14058	-531.6325	-562.9329	31.30044	1.425398	2.163802
14064	-530.9368	-562.9155	31.97874	1.72181	1.489851
14070	-544.616	-576.1011	31.48512	2.902963	0.2464505
14076	-533.9347	-565.6531	31.71844	2.810015	0.3462152
14082	-536.0802	-568.0165	31.93637	1.531889	1.660097
14088	-541.3452	-569.5933	28.24808	1.763022	3.803153
14094	-532.8538	-559.2554	26.40155	1.397097	5.051288
14100	-529.9351	-560.717	30.78194	2.393012	1.864924
14106	-533.8042	-564.765	30.96078	2.294462	1.809766
14112	-540.2255	-569.2616	29.0361	1.707038	3.377837
14118	-538.763	-569.0153	30.25225	2.708903	2.009041
14124	-538.7705	-570.3927	31.62222	1.428935	1.948821
14130	-535.6405	-565.6584	30.01785	1.034756	3.195329
14136	-532.956	-562.5557	29.59967	1.452936	3.195329
14142	-532.9679	-563.0183	30.05031	1.002303	3.195329
14148	-537.4929	-567.8349	30.34201	1.188395	2.909594
14154	-526.6764	-558.5706	31.89421	1.475385	1.73007
14160	-525.3732	-557.1574	31.78417	1.585432	1.73007
14166	-526.397	-556.83	30.43294	1.266236	2.807313
14172	-531.011	-559.8373	28.82629	1.103393	3.849983
14178	-528.4057	-560.0114	31.60569	1.552827	1.87614
14184	-530.0674	-561.545	31.47758	2.017165	1.641102
14190	-529.3962	-561.042	31.64582	2.160705	1.408946
14196	-537.0095	-568.989	31.97959	1.826931	1.408946
14202	-538.7465	-567.8851	29.13865	1.280271	3.567221
14208	-539.4143	-568.6637	29.24935	1.16957	3.567221
14214	-538.0275	-567.3515	29.32399	1.094932	3.567221
14220	-532.9145	-564.4228	31.50824	2.220148	1.468823
14226	-530.0642	-562.0203	31.95611	2.115736	1.193176
14232	-532.6907	-564.3678	31.67712	2.115736	1.419517
14238	-530.9016	-562.9022	32.00064	1.792216	1.419517
14244	-531.5433	-562.8362	31.29288	2.153237	1.675903
14250	-535.4228	-567.264	31.84115	1.825565	1.515208
14256	-535.2266	-567.2582	32.03161	1.861481	1.340923
14262	-531.8309	-563.4583	31.62736	2.217778	1.378844
14268	-533.0042	-562.433	29.42881	1.34701	3.358645
14274	-535.6075	-564.8211	29.21357	1.56225	3.358645
14280	-528.6633	-561.0103	32.34703	2.206712	0.6435046
14286	-532.6331	-564.3226	31.68948	2.7731	0.2892293
14292	-527.0944	-559.1475	32.05308	2.230284	0.9982128
14298	-529.2004	-561.1717	31.97124	2.611325	0.4477866
14304	-528.1714	-560.2856	32.11414	2.247421	0.9163051
14310	-525.8273	-558.0774	32.25013	2.203058	0.8069373
14316	-529.7491	-561.4681	31.71904	1.867226	1.574681
14322	-536.796	-568.7075	31.91151	1.834029	1.455791
14328	-538.5607	-570.51	31.94935	2.406662	0.922384
14334	-526.2676	-558.271	32.00344	1.434945	1.681411
14340	-532.9164	-565.407	32.49061	1.852555	0.9362932
14346	-535.8948	-567.965	32.07023	2.517921	0.4883804
14352	-529.1793	-561.3243	32.14496	2.341612	0.7608277
14358	-532.5152	-564.0055	31.49032	2.198062	1.498992
14364	-531.4974	-564.1216	32.62425	1.878565	0.7363632
14370	-534.6405	-562.9017	28.26116	0.838455	4.322951
14376	-532.0605	-560.9609	28.90046	2.356683	3.073646
14382	-528.507	-560.5462	32.03917	2.518026	0.6355909
14388	-527.9731	-559.6738	31.70061	2.88237	0.4496209
14394	-531.9825	-564.0861	32.10365	1.488937	1.570049
14400	-533.787	-564.5249	30.7379	2.854689	1.570049
14406	-535.6088	-565.1008	29.49201	2.067193	2.892195
14412	-531.3986	-563.7367	32.33815	1.961744	0.9815052
14418	-530.4174	-562.617	32.19963	1.961744	1.114144
14424	-542.3748	-573.1424	30.76756	2.065463	2.093757
14430	-537.9179	-570.3605	32.44259	1.46047	1.332957
14436	-535.3357	-566.9725	31.63678	1.718998	1.739776
14442	-539.3969	-571.8596	32.46262	1.913692	0.8998935
14448	-533.0728	-565.056	31.98313	2.153906	1.136043
14454	-536.6022	-568.4824	31.88025	1.919555	1.41415
14460	-539.3891	-570.9438	31.55478	2.254023	1.407178
14466	-542.5342	-572.3446	29.81039	1.74409	2.895051
14472	-539.9672	-570.1087	30.14156	1.471497	2.859599
14478	-542.2619	-569.6596	27.39772	1.143155	4.637433
14484	-526.7083	-558.2386	31.53026	1.103662	2.223327
14490	-523.7158	-554.9054	31.18956	1.464525	2.210312
14496	-532.3587	-562.0127	29.654	1.464525	3.156214
14502	-535.6314	-563.6627	28.03121	1.167842	4.266678
14508	-530.6583	-560.2491	29.59079	1.124387	3.394239
14514	-536.1002	-567.2906	31.19037	2.431791	1.54828
14520	-531.3655	-559.4512	28.08568	1.145486	4.248489
14526	-528.7979	-556.0659	27.26801	1.014557	4.781926
14532	-537.0229	-567.6924	30.66951	2.636388	1.774635
14538	-539.2363	-570.9333	31.69693	1.189484	2.058594
14544	-528.8133	-558.5151	29.70177	1.20012	3.284442
14550	-524.3906	-555.9582	31.56765	1.9028	1.658528
14556	-525.0149	-556.6272	31.61231	1.650194	1.804749
14562	-522.2149	-553.7745	31.55958	1.702919	1.804749
14568	-525.2938	-555.546	30.25219	1.600549	2.713546
14574	-530.9745	-560.8568	29.88227	1.435887	3.037174
14580	-528.4124	-557.8892	29.47678	0.9461828	3.564871
14586	-527.1702	-556.7107	29.54046	0.8824996	3.564871
14592	-523.0569	-553.4701	30.41317	1.174527	2.874957
14598	-527.7899	-557.187	29.39718	1.610128	3.222161
14604	-534.1116	-564.4532	30.34161	1.26558	2.863157
14610	-528.0764	-558.555	30.47861	1.642186	2.548053
14616	-527.5407	-558.9314	31.39071	1.633485	1.966927
14622	-530.3553	-561.7369	31.38165	3.204246	0.4652516
14628	-534.8611	-566.1488	31.28771	3.124816	0.8578828
14634	-530.2431	-561.9297	31.68659	2.621049	0.9735869
14640	-531.8176	-562.5216	30.70399	1.773148	2.32383
14646	-531.1432	-562.85	31.70678	2.02266	1.46803
14652	-527.9887	-558.4135	30.42479	1.203648	2.850276
14658	-525.9723	-556.3889	30.41663	1.354895	2.763224
14664	-541.8944	-572.7219	30.82752	1.280797	2.555817
14670	-539.8386	-570.5384	30.69975	2.699333	1.709285
14676	-540.1614	-571.2085	31.04713	2.963983	1.244668
14682	-534.6269	-564.8053	30.17835	2.320534	2.309961
14688	-531.4863	-562.6679	31.18157	2.100592	1.791131
14694	-526.7224	-559.1149	32.39255	1.655432	1.213588
14700	-530.3104	-561.4238	31.11338	1.110596	2.483671
14706	-531.2595	-562.3719	31.11239	2.116818	1.827716
14712	-526.6682	-558.8055	32.13731	2.116818	1.02709
14718	-527.2309	-559.2427	32.01178	2.576493	0.4913232
14724	-531.5638	-563.4063	31.84242	2.698109	0.6711209
14730	-531.1793	-562.8304	31.65112	2.315575	1.281429
14736	-527.6334	-559.6928	32.05937	1.907325	1.281429
14742	-535.0052	-566.7562	31.75101	2.726108	0.7743938
14748	-531.7864	-563.1834	31.397	1.620403	1.971479
14754	-531.5601	-561.6158	30.05568	1.086703	3.142031
14760	-537.8953	-565.2504	27.35514	1.455863	4.485739
14766	-530.7781	-559.7781	29.00002	1.32057	3.624325
14772	-532.9644	-561.3339	28.36951	1.005921	4.166625
14778	-534.8224	-565.1643	30.34192	1.005921	3.019399
14784	-536.154	-567.0553	30.90126	1.240587	2.534951
14790	-532.4284	-562.2776	29.84927	1.400632	3.077971
14796	-537.0933	-569.1929	32.09964	2.488683	0.507162
14802	-533.1034	-565.3203	32.21684	2.330886	0.6565456
14808	-534.2867	-565.366	31.07925	1.828851	2.044256
14814	-535.5282	-566.3734	30.84516	2.062938	2.044256
14820	-540.6912	-571.9427	31.25145	2.603843	1.370857
14826	-536.0957	-567.2353	31.13964	3.03042	1.10624
14832	-533.658	-559.6587	26.00069	0.9993097	5.492477
14838	-530.9599	-559.8755	28.91562	0.9881027	3.864895
14844	-534.3076	-565.5331	31.22551	1.565184	2.121501
14850	-526.9151	-559.1031	32.18797	1.762612	1.294595
14856	-530.8293	-562.0387	31.20941	1.651814	2.075207
14862	-528.6326	-560.7383	32.10566	2.331475	0.8276133
14868	-530.3856	-562.4159	32.03022	2.110226	1.132998
14874	-528.1518	-558.73	30.57824	1.825472	2.370476
14880	-528.7688	-560.2207	31.45193	2.259607	1.481568
14886	-530.7795	-562.9434	32.16393	2.416112	0.5675896
14892	-523.5528	-555.2771	31.72427	2.323822	1.213497
14898	-534.2767	-565.948	31.67131	2.486857	1.117049
14904	-530.8538	-562.9838	32.12998	2.452578	0.4477554
14910	-527.4272	-559.4992	32.07202	2.452578	0.3419594
14916	-525.177	-557.3447	32.16768	2.401168	0.60559
14922	-528.1087	-560.0601	31.95146	2.607935	0.3889826
14928	-524.5357	-556.2577	31.72201	2.612075	0.2226348
14934	-530.4604	-562.2922	31.83177	2.236541	1.196217
14940	-527.3551	-559.1924	31.83729	2.642251	0.3014632
14946	-528.0078	-560.2715	32.26368	2.157491	0.8474277
14952	-529.944	-559.7239	29.77995	1.866811	2.839165
14958	-528.7966	-559.236	30.43937	1.983392	2.358401
14964	-531.1566	-563.3331	32.17646	1.853468	1.228869
14970	-530.9117	-562.9817	32.07007	1.469927	1.608415
14976	-539.6306	-569.3753	29.74477	2.360285	2.557842
14982	-528.1613	-559.8197	31.65847	2.250328	1.328364
14988	-531.2361	-561.8176	30.58148	2.915004	1.639846
14994	-538.8781	-570.8664	31.98833	1.629977	1.551125
15000	-536.7697	-567.8814	31.11175	1.482568	2.248837
15006	-533.7469	-565.8117	32.06478	2.080818	1.128376
15012	-528.4524	-560.3811	31.92863	2.309642	1.042424
15018	-531.4081	-563.9577	32.54967	1.749904	0.9818353
15024	-536.3954	-568.3997	32.00432	1.952634	1.289399
15030	-532.2992	-564.6541	32.35491	1.561787	1.322018
15036	-526.1969	-558.5626	32.36574	1.571211	1.305674
15042	-528.6829	-559.6741	30.99117	1.41507	2.368877
15048	-527.5972	-559.0111	31.41386	1.344919	2.142347
15054	-532.7415	-564.3006	31.55911	2.397982	1.289287
15060	-528.5924	-560.4506	31.85816	1.5454	1.706117
15066	-530.9436	-560.0932	29.14959	0.9018482	3.779918
15072	-529.5443	-560.8071	31.26287	1.478073	2.153976
15078	-528.8091	-561.1384	32.32933	1.735454	1.199241
15084	-532.3725	-564.5981	32.22556	2.174479	0.872665
15090	-531.4305	-563.5813	32.1508	1.183286	1.754969
15096	-527.9746	-557.9921	30.01747	1.388689	2.984407
15102	-529.3537	-561.0744	31.72072	1.306443	1.964937
15108	-533.5639	-563.5263	29.96237	1.018457	3.237827
15114	-532.0093	-561.579	29.56976	1.185047	3.37099
15120	-532.8755	-562.0292	29.15374	1.32593	3.531868
15126	-530.7623	-559.6751	28.91273	1.40945	3.623406
15132	-527.9344	-560.1711	32.23677	2.060682	0.9839922
15138	-534.0255	-566.3912	32.36566	1.931794	0.9839922
15144	-536.9033	-566.7457	29.84244	1.46421	3.044061
15150	-534.3933	-563.2929	28.89959	1.01952	3.856056
15156	-528.4896	-558.4825	29.99285	1.27421	3.067723
15162	-528.1461	-559.1625	31.01647	1.781972	2.116432
15168	-529.6314	-557.5798	27.94838	1.713683	4.00332
15174	-526.8363	-557.9586	31.12238	1.738717	2.075289
15180	-525.3428	-557.2303	31.88755	2.115754	1.25118
15186	-524.2834	-555.9175	31.63413	1.640538	1.796323
15192	-523.8406	-553.7598	29.91917	1.581232	2.927695
15198	-531.3437	-558.2999	26.95618	1.706563	4.569073
15204	-526.749	-557.7967	31.04769	1.529557	2.259804
15210	-532.8748	-564.6184	31.74354	2.807699	0.6490373
15216	-531.2793	-562.8741	31.59476	2.966289	0.3919338
15222	-529.8777	-562.3212	32.44345	1.518526	1.285292
15228	-527.827	-560.219	32.39191	1.979833	0.9050162
15234	-527.355	-559.7443	32.38924	1.920526	0.9713911
15240	-528.0522	-560.0763	32.02415	1.796493	1.397983
15246	-532.1964	-563.6007	31.4043	2.308243	1.480809
15252	-532.648	-564.0392	31.39125	1.465136	2.078395
15258	-532.132	-563.6699	31.53795	2.452317	1.262006
15264	-530.6753	-562.2322	31.55688	2.050569	1.559126
15270	-534.2069	-566.426	32.21915	2.298092	0.7131003
15276	-530.9619	-563.019	32.05712	1.884392	1.301974
15282	-537.8425	-569.3911	31.54865	1.585016	1.893051
15288	-545.3942	-574.9331	29.53888	1.980986	2.915953
15294	-532.9886	-562.4893	29.50074	1.89875	2.988415
15300	-527.5219	-557.4993	29.97745	1.422042	2.988415
15306	-524.4363	-555.8406	31.4043	1.760209	1.872051
15312	-524.0538	-555.8722	31.81837	2.189137	1.247675
15318	-526.0585	-557.2221	31.16366	1.755072	2.037212
15324	-530.9646	-561.7781	30.81348	1.812556	2.228414
15330	-530.5738	-561.6754	31.10155	1.796658	2.050796
15336	-537.9996	-568.2019	30.20228	1.080018	3.058622
15342	-533.4407	-564.9457	31.50506	1.569072	1.933348
15348	-539.3877	-569.8323	30.44454	0.9914513	2.966482
15354	-539.6005	-569.563	29.96244	1.473544	2.966482
15360	-538.1561	-569.2929	31.1368	2.157486	1.782715
15366	-531.0074	-561.4825	30.47504	1.714453	2.50523
15372	-535.5994	-565.7406	30.14122	1.919039	2.585646
15378	-541.0981	-570.7488	29.65065	1.573669	3.093239
15384	-534.3826	-565.4077	31.0251	1.343367	2.392783
15390	-530.796	-561.6608	30.86482	1.291993	2.525624
15396	-530.9844	-562.0284	31.04396	1.281019	2.420228
15402	-533.6408	-565.1352	31.4944	1.345118	2.089486
15408	-535.1738	-565.6082	30.43433	1.637198	2.57866
15414	-535.6678	-564.7476	29.07978	1.342168	3.565459
15420	-533.0822	-563.6155	30.53327	1.074293	2.862929
15426	-533.1894	-563.6684	30.47907	1.128496	2.862929
15432	-528.8943	-558.2901	29.39584	1.088276	3.529279
15438	-535.9964	-564.8332	28.83679	0.9085201	3.955714
15444	-533.8235	-566.1063	32.28275	2.132927	0.854095
15450	-532.7351	-564.5452	31.81003	2.501489	0.9695855
15456	-533.7355	-563.9559	30.22033	1.863671	2.570919
15462	-543.0317	-575.0538	32.0221	1.248561	1.799099
15468	-528.8516	-560.7943	31.94264	1.32802	1.799099
15474	-530.5159	-562.12	31.60404	1.927104	1.61483
15480	-528.2133	-560.0666	31.85334	1.538984	1.714059
15486	-525.8298	-557.9348	32.10492	1.765219	1.359147
15492	-534.4339	-566.1636	31.72969	2.165712	1.339075
15498	-532.4687	-564.2211	31.7524	2.056491	1.407116
15504	-528.3144	-559.9775	31.6631	1.994529	1.521981
15510	-525.5962	-557.527	31.93085	1.726779	1.521981
15516	-523.6323	-555.666	32.03372	2.102505	1.136771
15522	-523.1671	-554.9612	31.79413	1.888286	1.503465
15528	-525.327	-555.4042	30.07724	1.250585	3.031385
15534	-539.6339	-570.6612	31.02728	2.8916	1.320265
15540	-533.8363	-562.5329	28.69657	1.732112	3.561544
15546	-533.9236	-563.2258	29.30216	0.7252041	3.793787
15552	-535.6552	-565.9035	30.24831	1.59808	2.717437
15558	-533.5482	-563.5969	30.04869	1.054214	3.165492
15564	-539.9309	-570.0564	30.12552	1.217726	3.022149
15570	-533.8979	-564.06	30.16211	1.135604	3.049403
15576	-535.5805	-564.4271	28.84665	0.8154043	4.003325
15582	-538.0035	-566.6431	28.6396	1.022446	4.003325
15588	-537.438	-566.0854	28.64744	1.189973	3.902945
15594	-536.029	-568.2798	32.25082	2.17312	0.8440396
15600	-533.0178	-564.1713	31.15347	1.974019	1.897247
15606	-535.4164	-565.6235	30.20717	1.412332	2.855695
15612	-533.2291	-563.2921	30.06297	1.55653	2.855695
15618	-534.2965	-565.764	31.46752	2.653689	1.150113
15624	-533.9533	-564.9922	31.0389	2.091269	1.895424
15630	-535.0977	-566.3733	31.27554	1.854632	1.895424
15636	-530.6312	-561.3303	30.69911	2.474321	1.865962
15642	-532.0237	-563.4106	31.38691	1.488372	2.065937
15648	-533.3018	-564.36	31.05822	1.593717	2.2117
15654	-538.4742	-569.6546	31.18039	1.390482	2.263897
15660	-536.0474	-567.4845	31.43717	2.516574	1.292017
15666	-530.2824	-562.1963	31.91389	1.327807	1.819117
15672	-537.237	-568.5558	31.31881	2.152932	1.657607
15678	-529.7019	-561.5453	31.84343	1.456828	1.778562
15684	-527.5307	-558.9614	31.43066	2.009213	1.680352
15690	-528.3365	-560.945	32.6085	1.866445	0.7774471
15696	-530.1699	-558.8654	28.69558	1.514964	3.688066
15702	-524.2039	-553.3039	29.10001	1.11054	3.688066
15708	-534.1928	-563.1863	28.99343	1.217112	3.688066
15714	-529.3248	-559.9483	30.62358	1.217112	2.720929
15720	-528.5732	-558.5653	29.99213	1.108446	3.166875
15726	-529.4395	-561.242	31.80249	1.39358	1.850471
15732	-529.5985	-561.291	31.69256	1.681286	1.727082
15738	-526.623	-558.7943	32.1713	1.585157	1.447465
15744	-526.1345	-558.1321	31.99766	1.795936	1.418949
15750	-524.684	-555.7361	31.05212	1.350141	2.371398
15756	-525.521	-555.4929	29.97194	0.9924723	3.247532
15762	-533.3416	-561.0786	27.73696	0.8095996	4.634242
15768	-527.4958	-555.8818	28.38604	1.145815	4.077615
15774	-528.3944	-559.4375	31.04309	1.003646	2.594027
15780	-533.5838	-565.695	32.1112	1.801195	1.325477
15786	-538.4134	-568.4266	30.01318	1.401688	2.979177
15792	-532.9743	-563.8748	30.90051	2.02447	2.033075
15798	-534.6904	-565.4444	30.75408	1.592259	2.40676
15804	-529.5218	-559.5532	30.03135	1.592562	2.853023
15810	-527.6496	-558.3732	30.72363	1.592562	2.425764
15816	-533.1451	-563.1752	30.03004	2.457607	2.317129
15822	-528.4497	-558.5388	30.08909	1.454089	2.90188
15828	-533.0097	-562.3743	29.36458	1.457262	3.331593
15834	-530.8418	-562.0093	31.16749	1.317414	2.318877
15840	-527.8914	-559.0383	31.14688	1.33803	2.318877
15846	-539.9282	-569.9803	30.0521	1.956166	2.617829
15852	-539.5698	-563.7805	24.21076	0.9761923	6.481813
15858	-532.6677	-559.3427	26.67499	0.7647184	5.250053
15864	-536.6042	-564.9444	28.34014	1.059147	4.153069
15870	-540.1676	-571.3184	31.15081	1.741009	2.055024
15876	-543.5269	-575.189	31.66212	1.607841	1.799586
15882	-537.67	-563.4594	25.78943	1.607841	5.273499
15888	-532.2795	-560.7662	28.48671	0.851738	4.187632
15894	-528.9242	-559.8438	30.91952	1.135554	2.588861
15900	-535.46	-565.2694	29.80939	1.812301	2.854366
15906	-532.8374	-563.3529	30.5155	1.10619	2.854366
15912	-544.823	-576.0718	31.24882	1.961067	1.841002
15918	-538.1092	-569.3639	31.25473	1.704404	2.010387
15924	-532.9476	-562.3538	29.40628	0.9971202	3.576247
15930	-531.6706	-563.2133	31.5427	1.849612	1.714067
15936	-536.3277	-565.419	29.09129	2.905136	2.625142
15942	-534.5789	-565.0458	30.46685	2.416436	2.060656
15948	-527.8235	-559.9127	32.08924	2.315311	0.8673605
15954	-527.5654	-559.6637	32.0983	1.950865	1.21258
15960	-530.1161	-560.5044	30.38832	1.989715	2.386731
15966	-533.1225	-565.2917	32.16923	1.667199	1.385665
15972	-534.1739	-565.5111	31.33724	1.430379	2.136579
15978	-540.5338	-567.9673	27.43349	1.03358	4.678773
15984	-533.7736	-565.6775	31.90387	1.881403	1.425367
15990	-531.135	-562.942	31.80702	1.978247	1.425367
15996	-529.9398	-561.0738	31.134	1.974644	1.910025
16002	-529.5883	-560.9374	31.34914	1.67549	1.966635
16008	-530.8886	-562.2394	31.35089	2.022037	1.727731
16014	-531.8009	-563.5386	31.73761	1.83492	1.584729
16020	-530.5729	-563.0822	32.50928	1.954225	0.7931842
16026	-528.2991	-559.721	31.42195	1.556427	1.997564
16032	-524.8846	-556.8281	31.94348	1.719438	1.518039
16038	-525.1951	-557.1386	31.94348	1.719438	1.518039
16044	-530.5379	-562.1269	31.58898	1.438587	1.964664
16050	-536.4556	-567.0687	30.61313	1.583518	2.500761
16056	-534.6361	-564.6518	30.0157	2.178975	2.501997
16062	-530.288	-561.7721	31.48413	1.733952	1.835373
16068	-531.4485	-562.94	31.49151	1.573938	1.939203
16074	-525.0022	-556.6408	31.63856	1.404907	1.953992
16080	-529.5716	-561.7114	32.13976	1.820017	1.287089
16086	-526.8009	-558.3654	31.56451	2.040743	1.560745
16092	-536.3346	-566.8067	30.4721	3.190512	1.518266
16098	-532.9384	-562.6803	29.7419	1.727604	2.946316
16104	-530.5821	-560.7543	30.17211	1.297385	2.946316
16110	-527.3921	-558.7162	31.32411	1.783083	1.911008
16116	-526.7992	-558.4473	31.64816	1.93097	1.579907
16122	-527.2944	-559.6851	32.39071	2.054353	0.8175148
16128	-528.0903	-559.159	31.06862	2.304371	1.727684
16134	-527.1463	-558.6883	31.54202	1.63176	1.865723
16140	-530.4767	-561.5892	31.11257	1.163387	2.45107
16146	-525.5867	-555.2999	29.71319	1.252507	3.246769
16152	-529.411	-558.8328	29.42181	1.282205	3.400783
16158	-534.1024	-564.01	29.90763	1.408109	3.038622
16164	-534.2606	-562.8617	28.60113	1.23113	3.905903
16170	-536.7008	-566.9361	30.23529	2.19586	2.353072
16176	-527.5478	-559.8716	32.32382	1.900207	1.056036
16182	-529.3118	-559.6196	30.30778	1.286259	2.871122
16188	-528.7917	-559.7864	30.99468	1.459536	2.338419
16194	-527.387	-558.346	30.95897	1.361638	2.422987
16200	-525.91	-555.6653	29.75529	1.161626	3.275576
16206	-528.1855	-557.0892	28.90372	1.015744	3.855851
16212	-530.3363	-558.9787	28.64243	1.277037	3.855851
16218	-525.1228	-555.7918	30.669	1.207297	2.699101
16224	-526.0891	-556.5434	30.45436	1.207297	2.830119
16230	-528.6527	-560.3791	31.72644	1.068865	2.118486
16236	-526.2501	-557.0274	30.77728	2.17132	2.017388
16242	-534.3155	-564.4398	30.12433	2.129443	2.464997
16248	-534.9306	-566.2368	31.3062	1.761281	1.937835
16254	-535.8	-565.999	30.19892	2.525983	2.16441
16260	-534.2425	-565.3415	31.09894	2.315817	1.698191
16266	-529.1189	-560.299	31.1801	1.91909	1.916426
16272	-531.0767	-562.9966	31.91987	2.438826	0.9194555
16278	-530.0368	-562.172	32.13519	2.061	1.082187
16284	-534.8127	-566.4348	31.62208	1.771204	1.713383
16290	-535.4667	-566.3242	30.85751	1.331521	2.505518
16296	-541.357	-571.9953	30.63831	1.331521	2.641556
16302	-533.0742	-564.4158	31.34161	1.831006	1.866519
16308	-533.3781	-564.9372	31.55909	2.43765	1.256641
16314	-531.0139	-562.9697	31.95584	1.886504	1.381032
16320	-531.4248	-561.1558	29.73097	1.617245	3.019172
16326	-530.1473	-559.642	29.49471	1.303976	3.345207
16332	-537.4369	-569.6209	32.18402	2.384707	0.4072044
16338	-532.3101	-564.8525	32.54239	1.859702	0.8702627
16344	-532.8195	-563.962	31.14253	1.487631	2.225753
16350	-531.4571	-563.2767	31.81964	1.699978	1.623172
16356	-530.7103	-563.2403	32.53005	1.740561	1.010907
16362	-533.6884	-563.751	30.0626	1.530176	2.871881
16368	-532.3505	-563.0813	30.7308	1.629531	2.397923
16374	-530.3239	-562.1225	31.79853	2.19222	1.261607
16380	-528.2089	-560.4515	32.24259	2.283339	0.6981872
16386	-534.0507	-564.7695	30.71876	1.418605	2.537742
16392	-532.1806	-564.5141	32.33348	2.204372	0.6763151
16398	-527.2037	-559.6373	32.43359	2.137667	0.5984742
16404	-530.3353	-562.2164	31.8811	1.530248	1.700608
16410	-526.4145	-557.7913	31.37674	1.587378	2.007063
16416	-536.2703	-565.6046	29.33432	1.591859	3.270109
16422	-535.6118	-566.8402	31.2284	1.918988	1.883719
16428	-533.1836	-564.9707	31.78711	1.729091	1.625641
16434	-532.9942	-564.2185	31.22427	1.985347	1.841184
16440	-531.8541	-563.7032	31.84909	1.864504	1.480015
16446	-529.5164	-561.8088	32.29244	2.165552	0.8005934
16452	-531.008	-562.2598	31.25184	2.650774	1.333313
16458	-527.5737	-557.0192	29.44551	1.630357	3.18154
16464	-532.3073	-559.9064	27.59909	2.051532	4.009854
16470	-529.6167	-560.5911	30.97438	2.073899	1.95076
16476	-528.3545	-560.5568	32.2023	1.780703	1.268009
16482	-528.1458	-560.2134	32.06765	1.665051	1.465554
16488	-529.7003	-561.3066	31.60626	1.622348	1.828128
16494	-530.4194	-562.2974	31.87803	1.693225	1.585659
16500	-530.5815	-562.7094	32.12794	1.44332	1.585659
16506	-526.3844	-557.7756	31.39129	1.194576	2.254269
16512	-543.7425	-575.7553	32.01283	2.018874	1.227378
16518	-542.3489	-573.8607	31.51175	3.013242	0.6998439
16524	-529.7317	-559.5933	29.86165	1.298401	3.131521
16530	-527.2666	-557.8913	30.6247	1.260509	2.693627
16536	-525.2193	-555.7248	30.50551	1.037008	2.902275
16542	-525.4173	-556.1048	30.68751	0.855009	2.902275
16548	-525.0126	-556.7533	31.7407	1.311891	1.947855
16554	-522.0909	-551.987	29.89608	1.086822	3.236601
16560	-527.3912	-557.2354	29.84421	0.9462911	3.350021
16566	-523.8455	-553.6119	29.7664	1.024105	3.350021
16572	-525.8898	-557.0848	31.19501	1.30445	2.309591
16578	-525.2217	-554.6688	29.44711	0.8977498	3.610247
16584	-524.92	-555.9917	31.07169	1.361808	2.351584
16590	-527.4752	-558.7078	31.23263	1.250626	2.319928
16596	-530.374	-559.8327	29.45864	1.369007	3.328177
16602	-529.0507	-560.0062	30.95554	1.479228	2.350776
16608	-529.4434	-560.3797	30.93627	1.442022	2.386571
16614	-535.9268	-567.1889	31.26206	2.135421	1.710418
16620	-533.7573	-563.0448	29.2875	2.129301	2.978017
16626	-531.7843	-564.1036	32.31926	1.661728	1.269671
16632	-533.957	-563.2493	29.29232	1.825723	3.156497
16638	-528.7087	-559.2044	30.49568	1.351836	2.716749
16644	-529.4963	-561.3396	31.84329	1.841882	1.501404
16650	-525.6915	-556.7644	31.07296	1.700379	2.132851
16656	-528.305	-557.7822	29.47721	2.087064	2.889128
16662	-530.4745	-561.6251	31.15063	1.668962	2.102576
16668	-526.6643	-558.273	31.60869	1.240708	2.082992
16674	-527.6208	-558.6544	31.03358	1.240708	2.452123
16680	-527.6795	-559.2577	31.57817	1.666482	1.817076
16686	-530.2209	-561.3154	31.09446	2.589297	1.502459
16692	-530.2444	-562.1488	31.90441	2.218152	1.148913
16698	-529.5436	-561.3651	31.82156	2.30101	1.148913
16704	-536.0221	-567.4882	31.46607	3.018635	0.7635409
16710	-534.3024	-565.0136	30.71118	2.34563	1.945019
16716	-526.632	-558.7839	32.15195	1.811211	1.284326
16722	-529.9113	-559.9135	30.00215	1.565453	2.887116
16728	-529.2571	-559.1625	29.90537	1.479137	2.997408
16734	-528.9117	-557.1666	28.25485	1.260281	4.087143
16740	-530.3794	-559.2369	28.85748	1.751439	3.456448
16746	-531.1336	-562.2688	31.13515	2.07501	1.840812
16752	-536.1992	-567.9821	31.78284	2.007504	1.421454
16758	-531.2232	-563.0725	31.84922	2.007892	1.369426
16764	-530.46	-561.5376	31.07753	2.390649	1.660152
16770	-531.1685	-561.9153	30.74683	2.319397	1.938679
16776	-531.2411	-562.7227	31.48157	2.271733	1.449877
16782	-533.1466	-564.5877	31.44111	1.893274	1.75476
16788	-530.544	-562.0754	31.53145	1.802936	1.75476
16794	-535.4068	-567.5017	32.09484	1.746793	1.381588
16800	-536.1709	-568.0406	31.86974	1.876412	1.455324
16806	-530.7158	-563.0882	32.37232	2.092541	0.7913558
16812	-529.0575	-561.1346	32.07714	2.499703	0.4277112
16818	-535.2701	-567.0224	31.75237	2.811341	0.3969146
16824	-533.2295	-565.1755	31.94606	2.156141	1.166833
16830	-534.1642	-566.4149	32.25075	1.720837	1.277412
16836	-533.5242	-564.4316	30.90735	1.867827	2.131646
16842	-535.3024	-566.027	30.7246	1.729394	2.338561
16848	-535.9218	-567.5282	31.60641	1.323021	2.030122
16854	-528.3199	-560.8952	32.57528	1.790392	0.911762
16860	-530.954	-562.2446	31.29053	2.0362	1.76011
16866	-531.9023	-562.4008	30.49852	1.870534	2.392414
16872	-531.888	-562.4256	30.53762	2.173382	2.17344
16878	-526.861	-557.9906	31.12958	1.581423	2.17344
16884	-537.2653	-565.523	28.25771	1.154685	4.145616
16890	-533.2456	-563.6257	30.38016	1.498509	2.697641
16896	-527.3187	-559.7345	32.41577	1.978221	0.8797105
16902	-525.9295	-558.1144	32.18494	1.613733	1.415025
16908	-527.6371	-557.8497	30.21265	1.610542	2.731646
16914	-530.7468	-561.7435	30.99673	1.845561	2.087663
16920	-530.6041	-562.7424	32.13835	2.187987	0.9541586
16926	-532.9461	-564.8948	31.94868	1.731967	1.504789
16932	-526.1035	-557.7439	31.64045	1.78096	1.693475
16938	-529.1321	-560.7379	31.6058	1.92549	1.614728
16944	-528.3034	-560.4134	32.11003	2.006497	1.154251
16950	-527.8661	-560.1183	32.25224	2.128993	0.8943353
16956	-530.1447	-562.1859	32.04124	2.013722	1.207639
16962	-542.37	-573.049	30.67898	2.325788	1.979939
16968	-529.0697	-561.3253	32.25562	2.325788	0.4430596
16974	-534.1637	-565.0651	30.90136	2.158205	1.943167
16980	-535.4516	-562.7497	27.29809	1.47687	4.506013
16986	-533.3908	-563.0811	29.69024	1.715174	2.984856
16992	-531.5078	-562.338	30.8302	3.168118	0.1330271
16998	-533.3171	-563.9774	30.66025	3.249301	0.1181613
17004	-527.8431	-558.4822	30.63908	3.270471	0.1181613
17010	-535.8024	-566.0248	30.22238	3.781162	0.1339779
17016	-530.5823	-561.0796	30.49728	3.452191	0.1245574
17022	-532.9409	-562.3248	29.38391	1.808731	3.112121
17028	-533.1929	-565.3277	32.13475	1.668345	1.4116
17034	-528.3546	-559.8758	31.5212	1.608421	1.895796
17040	-528.1171	-560.1458	32.02877	2.541299	0.4102016
17046	-530.3166	-562.2458	31.92917	2.616322	0.6611708
17052	-526.6391	-558.3614	31.72234	2.080223	1.412018
17058	-536.8312	-569.3331	32.50187	2.080223	0.4458206
17064	-531.6481	-563.7415	32.09338	2.488712	0.4458206
17070	-537.4462	-568.3936	30.94735	1.280284	2.48138
17076	-533.8958	-564.2803	30.3845	1.394159	2.758868
17082	-531.2488	-561.9125	30.66372	1.337364	2.622262
17088	-531.2799	-562.5841	31.30414	1.880411	1.858363
17094	-531.5921	-564.3609	32.76875	1.534583	0.9779983
17100	-530.6545	-560.8864	30.23191	1.195498	2.971639
17106	-533.3072	-563.4268	30.11958	1.307835	2.971639
17112	-536.3861	-567.367	30.98095	3.605603	0.5312308
17118	-532.5705	-564.7194	32.14889	1.59065	1.460358
17124	-533.761	-564.5563	30.79525	1.879377	2.197025
17130	-529.0633	-561.4071	32.34379	2.244118	0.4839946
17136	-535.5456	-567.6784	32.13275	2.255934	0.8858343
17142	-529.9656	-560.9889	31.02331	2.052497	1.932216
17148	-533.1542	-562.0718	28.91762	1.623662	3.495949
17154	-537.3798	-568.551	31.17123	2.079208	1.813086
17160	-529.9801	-557.9202	27.94013	1.12529	4.342279
17166	-526.9631	-557.5378	30.57467	1.461754	2.600412
17172	-529.0784	-558.0231	28.9447	1.346761	3.641219
17178	-533.102	-565.0841	31.98207	1.766172	1.453738
17184	-525.9942	-556.937	30.94282	1.093477	2.600488
17190	-523.8023	-554.9058	31.10357	1.523045	2.228043
17196	-524.1927	-555.2865	31.09371	1.799288	2.054243
17202	-523.6944	-555.9893	32.29494	2.19794	0.7515135
17208	-523.4264	-555.4734	32.04696	1.61409	1.519434
17214	-523.2748	-555.3582	32.08341	1.759625	1.380487
17220	-531.5825	-564.1157	32.53314	1.672228	1.073627
17226	-531.889	-562.8445	30.95551	1.866714	2.100843
17232	-538.9532	-571.5699	32.61671	1.962831	0.5696654
17238	-530.3073	-562.5944	32.28709	2.29752	0.5449981
17244	-530.6937	-563.2745	32.58076	1.95968	0.6712955
17250	-528.7248	-561.3418	32.61706	1.95968	0.5803992
17256	-528.3062	-561.0807	32.77448	1.653435	0.8391428
17262	-533.147	-563.3071	30.16012	1.671855	2.726266
17268	-533.2386	-562.2334	28.99487	1.070162	3.772088
17274	-534.7709	-563.4339	28.663	1.554972	3.683771
17280	-535.7196	-566.8586	31.13898	1.819101	2.011086
17286	-543.7257	-574.6819	30.95623	1.469983	2.356208
17292	-532.0198	-562.1524	30.1326	1.612341	2.779441
17298	-529.3202	-559.5699	30.24973	1.507229	2.772117
17304	-526.1026	-557.634	31.53138	1.62325	1.878786
17310	-524.9983	-554.8814	29.8831	1.333725	3.097709
17316	-528.6486	-559.7538	31.10521	1.005576	2.554282
17322	-528.6101	-557.7049	29.09481	1.031355	3.736822
17328	-527.7229	-558.8652	31.14226	1.234772	2.387367
17334	-537.8624	-568.6722	30.80986	1.229508	2.598586
17340	-533.0442	-564.3904	31.34623	1.603535	2.016614
17346	-530.0188	-562.0151	31.99625	1.662462	1.521172
17352	-532.0305	-563.8903	31.85981	1.685822	1.604325
17358	-530.7482	-562.4234	31.67517	1.446188	1.901404
17364	-527.0593	-558.1049	31.04558	2.075779	1.901404
17370	-526.8308	-557.6985	30.86772	1.654804	2.294866
17376	-523.761	-554.9779	31.21691	1.759377	1.998955
17382	-525.4965	-556.2571	30.76055	1.383955	2.533297
17388	-531.3996	-557.9299	26.53039	0.8901129	5.260666
17394	-527.8655	-558.2469	30.38139	1.259069	2.842983
17400	-528.663	-558.8665	30.20349	1.436972	2.842983
17406	-530.9774	-561.2602	30.28272	1.640642	2.67018
17412	-524.1257	-556.1511	32.02546	1.704075	1.467953
17418	-522.4986	-554.5225	32.02385	1.705691	1.467953
17424	-530.0085	-562.0523	32.04376	1.558355	1.563049
17430	-533.0777	-565.2294	32.15176	1.692393	1.379615
17436	-533.2402	-565.1947	31.95454	1.473241	1.688952
17442	-531.2443	-561.7219	30.47758	1.549213	2.606369
17448	-531.6472	-560.9483	29.30106	1.061895	3.599743
17454	-536.3407	-567.5182	31.17748	3.161518	0.9407508
17460	-528.5468	-558.7707	30.2239	1.652754	2.698881
17466	-531.7744	-563.5049	31.73043	1.46498	1.850925
17472	-531.5292	-562.7564	31.22718	2.2178	1.676719
17478	-529.4299	-561.4902	32.0603	1.947599	1.247347
17484	-532.6244	-564.6581	32.03374	2.480303	0.3311023
17490	-536.6657	-568.5586	31.89286	2.480303	0.239403
17496	-540.1717	-571.7305	31.55888	2.724736	0.9979607
17502	-528.927	-558.7928	29.86571	1.45686	3.034533
17508	-531.3746	-558.8723	27.49768	0.8661563	4.736519
17514	-533.1973	-562.4863	29.28901	0.8472115	3.731018
17520	-528.7204	-557.5244	28.80394	1.33228	3.731018
17526	-529.8257	-562.2359	32.41018	2.030133	0.8235923
17532	-535.9152	-566.144	30.22876	0.8955972	3.152748
17538	-545.1155	-575.6225	30.50698	1.438309	2.656682
17544	-531.7649	-563.9293	32.16437	1.649367	1.403351
17550	-529.5974	-560.4323	30.8349	2.618819	1.670488
17556	-525.5205	-556.8213	31.30081	1.820114	1.901703
17562	-526.6474	-558.2549	31.60747	1.675963	1.79025
17568	-528.7345	-560.4579	31.72335	2.129491	1.372787
17574	-530.9198	-562.3063	31.38654	2.561648	1.296545
17580	-534.9347	-566.2098	31.2751	2.673091	1.296545
17586	-526.6287	-557.615	30.98635	1.536208	2.294838
17592	-538.7635	-569.3512	30.58774	2.041546	2.226323
17598	-529.5674	-560.8011	31.23368	1.724135	2.01126
17604	-531.2374	-560.9235	29.68611	1.760586	2.96004
17610	-527.8564	-558.3819	30.52546	0.9212359	2.96004
17616	-531.5943	-561.1986	29.6043	1.052061	3.428698
17622	-528.9089	-558.8277	29.91871	0.7385249	3.428184
17628	-525.7842	-556.9302	31.14599	1.204875	2.403902
17634	-528.3443	-559.0975	30.75321	1.576574	2.417204
17640	-523.343	-554.5908	31.24777	1.47408	2.166397
17646	-526.2775	-557.0163	30.73878	1.030261	2.764742
17652	-528.5814	-560.8734	32.29203	2.160951	0.8072163
17658	-529.2293	-561.0291	31.79978	2.266501	1.197956
17664	-527.8358	-558.1576	30.32185	1.459552	2.757196
17670	-530.2046	-560.5425	30.33789	1.955508	2.440113
17676	-529.855	-562.0005	32.14549	1.978395	1.147747
17682	-528.3282	-556.8021	28.47394	1.485983	3.832595
17688	-528.4632	-559.1718	30.7086	1.168649	2.698511
17694	-526.9514	-557.8073	30.85594	1.12867	2.632438
17700	-529.6326	-560.1572	30.52456	1.86705	2.378145
17706	-535.799	-565.0937	29.29468	0.8996767	3.69743
17712	-528.3675	-557.9902	29.62275	1.20918	3.325657
17718	-523.5718	-554.6295	31.05762	1.72992	2.123566
17724	-524.2386	-555.4178	31.17922	3.022134	0.1784846
17730	-527.4337	-559.6371	32.20335	2.374424	0.4305337
17736	-528.6306	-560.7516	32.12105	2.456727	0.4305337
17742	-532.034	-564.1196	32.08564	2.456727	0.3631905
17748	-539.4496	-571.4329	31.98322	2.456727	0.2746061
17754	-535.6279	-567.6611	32.03324	2.456727	0.3096525
17760	-530.9201	-562.8922	31.97214	2.499748	0.2957886
17766	-527.8874	-559.5788	31.69136	2.766933	0.2863234
17772	-528.6002	-560.1869	31.58664	2.766933	0.2307133
17778	-532.5011	-564.246	31.74495	2.766933	0.3290058
17784	-532.2561	-563.5578	31.30177	1.628201	2.029761
17790	-530.5355	-562.0085	31.47299	2.81674	0.20601
17796	-531.1596	-562.5802	31.42057	2.869156	0.20601
17802	-537.0039	-568.7581	31.75427	2.83318	0.478236
17808	-529.6207	-561.6812	32.06047	2.524579	0.4599815
17814	-537.1463	-568.9622	31.81582	2.720238	0.6797344
17820	-531.7706	-563.8338	32.06326	2.191687	1.026288
17826	-532.2409	-564.4309	32.18992	2.105004	0.9865596
17832	-526.1578	-558.0703	31.91257	1.920865	1.388006
17838	-526.7588	-558.3053	31.5465	2.015124	1.592685
17844	-529.2484	-560.9876	31.73913	2.432376	1.104925
17850	-537.4379	-568.8671	31.4292	2.567374	1.256772
17856	-531.3822	-563.8032	32.42093	1.505684	1.31403
17862	-527.2309	-559.3193	32.08838	1.583506	1.511348
17868	-534.905	-566.277	31.37201	2.66253	1.22498
17874	-534.0844	-566.6177	32.53323	1.949668	0.7661485
17880	-536.2208	-568.0779	31.85719	2.443285	0.980916
17886	-533.05	-564.0947	31.04467	1.867929	2.041277
17892	-528.4241	-560.7015	32.27738	2.310575	0.5155981
17898	-532.6177	-565.1195	32.50179	1.702703	1.074439
17904	-530.9715	-563.2869	32.31539	2.193343	0.7270225
17910	-528.5423	-560.246	31.70365	2.305355	1.246426
17916	-528.2087	-559.9455	31.73676	2.047633	1.426047
17922	-526.4772	-558.8891	32.41188	2.141384	0.6445768
17928	-529.1622	-560.7777	31.61547	2.733664	0.2288269
17934	-531.5547	-562.1418	30.58716	3.055721	1.532939
17940	-536.6105	-567.2878	30.67733	2.214272	2.055168
17946	-530.4781	-562.6284	32.15026	2.24386	0.8795622
17952	-532.8443	-563.3176	30.47332	2.050235	2.294202
17958	-526.8764	-558.0185	31.14214	1.646778	2.122665
17964	-526.9336	-557.5877	30.65414	1.500125	2.527215
17970	-525.9923	-556.6745	30.68227	1.518544	2.49816
17976	-522.4751	-554.5443	32.06923	1.83927	1.3286
17982	-522.2185	-554.6251	32.40659	1.778138	1.09279
17988	-526.1185	-558.0062	31.8877	2.677718	0.6150699
17994	-529.9183	-562.2011	32.28272	2.202946	0.7621468
18000	-531.8281	-563.0651	31.23703	1.78474	1.968555
18006	-529.7386	-559.9453	30.20669	1.673179	2.696908
18012	-524.2089	-556.1658	31.95691	1.885211	1.381208
18018	-523.751	-556.2322	32.48117	1.699216	1.096793
18024	-523.4231	-555.9834	32.56029	1.875345	0.8295171
18030	-526.6327	-558.976	32.34333	1.78695	1.142067
18036	-522.6299	-553.7821	31.15218	1.705997	2.077215
18042	-523.7917	-554.3071	30.51538	1.63764	2.527991
18048	-525.5187	-556.3603	30.84159	1.421935	2.458877
18054	-529.451	-560.8857	31.4347	1.307621	2.153076
18060	-529.9301	-561.4861	31.55608	1.96161	1.624563
18066	-525.1963	-556.6273	31.431	1.833865	1.80311
18072	-525.7672	-554.8726	29.10541	1.759242	3.306391
18078	-527.5144	-558.5663	31.05191	2.224245	1.795293
18084	-526.174	-558.3106	32.13662	1.870482	1.248012
18090	-537.3782	-569.2404	31.86223	1.711919	1.583544
18096	-534.2047	-565.597	31.39223	2.034591	1.689634
18102	-531.9396	-563.1711	31.23153	1.563249	2.118831
18108	-534.5008	-565.6041	31.10326	1.761394	2.072946
18114	-531.9252	-562.547	30.62181	1.668367	2.442138
18120	-538.5215	-568.3284	29.80687	2.252081	2.586455
18126	-529.8458	-562.125	32.27929	2.180662	0.7979746
18132	-537.8127	-570.1743	32.36153	2.008308	0.9071355
18138	-537.068	-569.1532	32.08512	1.960681	1.215439
18144	-532.065	-563.9073	31.84222	2.257983	1.16858
18150	-530.5685	-561.814	31.24544	1.31493	2.270634
18156	-529.5857	-561.6475	32.06178	2.245178	0.9742792
18162	-533.6311	-564.5293	30.89819	2.243816	1.887381
18168	-533.3853	-565.5064	32.12111	2.459301	0.4393241
18174	-529.762	-561.7359	31.97385	2.469506	0.8197095
18180	-528.8022	-560.3602	31.55802	1.673213	1.826326
18186	-533.1629	-565.1446	31.9817	1.476042	1.667617
18192	-531.4099	-563.6895	32.2796	1.864037	1.130145
18198	-530.0358	-561.2805	31.2447	1.796779	1.955327
18204	-539.6173	-571.4813	31.86407	1.765479	1.542818
18210	-531.3853	-562.5476	31.16223	1.709649	2.068185
18216	-537.9848	-570.0519	32.06707	1.868713	1.30662
18222	-531.7807	-561.8611	30.08036	1.749125	2.727789
18228	-528.5638	-560.6537	32.08996	2.1042	1.084069
18234	-534.2359	-566.402	32.16612	1.495412	1.519068
18240	-533.8652	-565.6836	31.81835	1.654275	1.656971
18246	-534.129	-565.3875	31.2585	1.588825	2.084355
18252	-533.3841	-565.3831	31.99898	2.160204	1.116126
18258	-533.1893	-565.3734	32.18407	2.011277	1.082964
18264	-540.1765	-571.0589	30.88242	1.341375	2.483781
18270	-538.1299	-569.565	31.43508	3.132708	0.4051634
18276	-541.5181	-572.8664	31.34828	2.814898	0.1683534
18282	-531.9536	-563.1633	31.20967	1.952165	1.873873
18288	-532.5468	-563.4758	30.929	1.758676	2.188574
18294	-532.3508	-562.8477	30.49694	1.809972	2.431607
18300	-533.9447	-566.0396	32.09485	1.628132	1.472921
18306	-529.6435	-560.7972	31.15375	1.871774	1.966038
18312	-532.6172	-564.1181	31.50087	2.357834	1.368177
18318	-537.6263	-567.5054	29.87908	2.021963	2.6839
18324	-529.6089	-561.5578	31.94886	2.323901	1.008777
18330	-528.6849	-559.882	31.19714	2.340753	1.609938
18336	-530.5495	-562.8421	32.29255	2.064282	0.9214956
18342	-537.5771	-569.035	31.45793	1.84486	1.776797
18348	-531.535	-562.1752	30.64011	1.73969	2.385617
18354	-534.9263	-565.0284	30.10209	2.098537	2.498274
18360	-526.8585	-558.5264	31.66797	2.378225	1.215106
18366	-528.8125	-560.0594	31.24683	2.194894	1.679038
18372	-529.8549	-561.563	31.70804	2.006364	1.479404
18378	-530.3858	-561.5049	31.1191	1.705346	2.099388
18384	-544.3304	-574.7092	30.37883	3.530381	1.328029
18390	-526.1626	-558.5191	32.35648	2.066589	0.8451062
18396	-532.816	-562.7454	29.92946	1.214349	3.141182
18402	-535.2946	-567.0353	31.74066	1.426081	1.870531
18408	-534.3415	-565.2024	30.8609	1.331822	2.503217
18414	-537.4625	-568.9338	31.47128	1.575157	1.951997
18420	-539.6169	-570.7383	31.12137	1.853615	1.999829
18426	-544.7213	-575.9016	31.18021	1.794773	1.999829
18432	-538.6581	-569.9344	31.27625	3.087368	0.9140413
18438	-542.8758	-574.7307	31.85484	2.440325	0.9863163
18444	-538.5585	-570.5724	32.01395	2.044176	1.204939
18450	-538.3742	-567.7904	29.41628	2.856385	2.453139
18456	-534.8949	-566.0412	31.14626	2.833464	1.270718
18462	-528.3821	-559.6925	31.31036	2.285315	1.56778
18468	-539.2638	-568.8909	29.62711	1.829704	2.953956
18474	-536.7172	-568.0415	31.3243	1.29733	2.231258
18480	-543.6799	-569.8909	26.21098	0.675158	5.555073
18486	-540.1008	-567.3087	27.20786	1.385619	4.607941
18492	-532.7373	-562.75	30.01269	1.394878	2.983561
18498	-525.7048	-557.1919	31.48716	1.642937	1.895475
18606	-657.317	-658.1252	0.8082704	31.87038	2.194422
18606	-657.317	-658.1252	0.8082704	31.87038	2.194422
18606	-657.317	-658.1252	0.8082704	31.87038	2.194422
18606	-657.317	-658.1252	0.8082704	31.87038	2.194422
18606	-657.317	-658.1252	0.8082704	31.87038	2.194422
